source_file,label,direction,match_count,total_count,match_ratio
snapshot_sym0_date0_am.csv,label_5,future,1994,1994,1.0
snapshot_sym0_date0_am.csv,label_5,past,1224,1994,0.6138
snapshot_sym0_date0_am.csv,label_10,future,1989,1989,1.0
snapshot_sym0_date0_am.csv,label_10,past,959,1989,0.4822
snapshot_sym0_date0_am.csv,label_20,future,1979,1979,1.0
snapshot_sym0_date0_am.csv,label_20,past,1315,1979,0.6645
snapshot_sym0_date0_am.csv,label_40,future,1959,1959,1.0
snapshot_sym0_date0_am.csv,label_40,past,902,1959,0.4604
snapshot_sym0_date0_am.csv,label_60,future,1939,1939,1.0
snapshot_sym0_date0_am.csv,label_60,past,733,1939,0.378
snapshot_sym0_date0_pm.csv,label_5,future,1994,1994,1.0
snapshot_sym0_date0_pm.csv,label_5,past,1331,1994,0.6675
snapshot_sym0_date0_pm.csv,label_10,future,1989,1989,1.0
snapshot_sym0_date0_pm.csv,label_10,past,1134,1989,0.5701
snapshot_sym0_date0_pm.csv,label_20,future,1979,1979,1.0
snapshot_sym0_date0_pm.csv,label_20,past,1515,1979,0.7655
snapshot_sym0_date0_pm.csv,label_40,future,1959,1959,1.0
snapshot_sym0_date0_pm.csv,label_40,past,1185,1959,0.6049
snapshot_sym0_date0_pm.csv,label_60,future,1939,1939,1.0
snapshot_sym0_date0_pm.csv,label_60,past,971,1939,0.5008
snapshot_sym0_date10_am.csv,label_5,future,1994,1994,1.0
snapshot_sym0_date10_am.csv,label_5,past,1370,1994,0.6871
snapshot_sym0_date10_am.csv,label_10,future,1989,1989,1.0
snapshot_sym0_date10_am.csv,label_10,past,1111,1989,0.5586
snapshot_sym0_date10_am.csv,label_20,future,1979,1979,1.0
snapshot_sym0_date10_am.csv,label_20,past,1296,1979,0.6549
snapshot_sym0_date10_am.csv,label_40,future,1959,1959,1.0
snapshot_sym0_date10_am.csv,label_40,past,932,1959,0.4758
snapshot_sym0_date10_am.csv,label_60,future,1939,1939,1.0
snapshot_sym0_date10_am.csv,label_60,past,787,1939,0.4059
snapshot_sym0_date10_pm.csv,label_5,future,1994,1994,1.0
snapshot_sym0_date10_pm.csv,label_5,past,1550,1994,0.7773
snapshot_sym0_date10_pm.csv,label_10,future,1989,1989,1.0
snapshot_sym0_date10_pm.csv,label_10,past,1312,1989,0.6596
snapshot_sym0_date10_pm.csv,label_20,future,1979,1979,1.0
snapshot_sym0_date10_pm.csv,label_20,past,1585,1979,0.8009
snapshot_sym0_date10_pm.csv,label_40,future,1959,1959,1.0
snapshot_sym0_date10_pm.csv,label_40,past,1164,1959,0.5942
snapshot_sym0_date10_pm.csv,label_60,future,1939,1939,1.0
snapshot_sym0_date10_pm.csv,label_60,past,900,1939,0.4642
snapshot_sym0_date11_am.csv,label_5,future,1994,1994,1.0
snapshot_sym0_date11_am.csv,label_5,past,1284,1994,0.6439
snapshot_sym0_date11_am.csv,label_10,future,1989,1989,1.0
snapshot_sym0_date11_am.csv,label_10,past,1002,1989,0.5038
snapshot_sym0_date11_am.csv,label_20,future,1979,1979,1.0
snapshot_sym0_date11_am.csv,label_20,past,1243,1979,0.6281
snapshot_sym0_date11_am.csv,label_40,future,1959,1959,1.0
snapshot_sym0_date11_am.csv,label_40,past,818,1959,0.4176
snapshot_sym0_date11_am.csv,label_60,future,1939,1939,1.0
snapshot_sym0_date11_am.csv,label_60,past,566,1939,0.2919
snapshot_sym0_date11_pm.csv,label_5,future,1994,1994,1.0
snapshot_sym0_date11_pm.csv,label_5,past,1581,1994,0.7929
snapshot_sym0_date11_pm.csv,label_10,future,1989,1989,1.0
snapshot_sym0_date11_pm.csv,label_10,past,1233,1989,0.6199
snapshot_sym0_date11_pm.csv,label_20,future,1979,1979,1.0
snapshot_sym0_date11_pm.csv,label_20,past,1519,1979,0.7676
snapshot_sym0_date11_pm.csv,label_40,future,1959,1959,1.0
snapshot_sym0_date11_pm.csv,label_40,past,1074,1959,0.5482
snapshot_sym0_date11_pm.csv,label_60,future,1939,1939,1.0
snapshot_sym0_date11_pm.csv,label_60,past,684,1939,0.3528
snapshot_sym0_date12_am.csv,label_5,future,1994,1994,1.0
snapshot_sym0_date12_am.csv,label_5,past,1202,1994,0.6028
snapshot_sym0_date12_am.csv,label_10,future,1989,1989,1.0
snapshot_sym0_date12_am.csv,label_10,past,935,1989,0.4701
snapshot_sym0_date12_am.csv,label_20,future,1979,1979,1.0
snapshot_sym0_date12_am.csv,label_20,past,1119,1979,0.5654
snapshot_sym0_date12_am.csv,label_40,future,1959,1959,1.0
snapshot_sym0_date12_am.csv,label_40,past,714,1959,0.3645
snapshot_sym0_date12_am.csv,label_60,future,1939,1939,1.0
snapshot_sym0_date12_am.csv,label_60,past,532,1939,0.2744
snapshot_sym0_date12_pm.csv,label_5,future,1994,1994,1.0
snapshot_sym0_date12_pm.csv,label_5,past,1625,1994,0.8149
snapshot_sym0_date12_pm.csv,label_10,future,1989,1989,1.0
snapshot_sym0_date12_pm.csv,label_10,past,1243,1989,0.6249
snapshot_sym0_date12_pm.csv,label_20,future,1979,1979,1.0
snapshot_sym0_date12_pm.csv,label_20,past,1488,1979,0.7519
snapshot_sym0_date12_pm.csv,label_40,future,1959,1959,1.0
snapshot_sym0_date12_pm.csv,label_40,past,1054,1959,0.538
snapshot_sym0_date12_pm.csv,label_60,future,1939,1939,1.0
snapshot_sym0_date12_pm.csv,label_60,past,804,1939,0.4146
snapshot_sym0_date13_am.csv,label_5,future,1994,1994,1.0
snapshot_sym0_date13_am.csv,label_5,past,1212,1994,0.6078
snapshot_sym0_date13_am.csv,label_10,future,1989,1989,1.0
snapshot_sym0_date13_am.csv,label_10,past,966,1989,0.4857
snapshot_sym0_date13_am.csv,label_20,future,1979,1979,1.0
snapshot_sym0_date13_am.csv,label_20,past,990,1979,0.5003
snapshot_sym0_date13_am.csv,label_40,future,1959,1959,1.0
snapshot_sym0_date13_am.csv,label_40,past,673,1959,0.3435
snapshot_sym0_date13_am.csv,label_60,future,1939,1939,1.0
snapshot_sym0_date13_am.csv,label_60,past,708,1939,0.3651
snapshot_sym0_date13_pm.csv,label_5,future,1994,1994,1.0
snapshot_sym0_date13_pm.csv,label_5,past,1789,1994,0.8972
snapshot_sym0_date13_pm.csv,label_10,future,1989,1989,1.0
snapshot_sym0_date13_pm.csv,label_10,past,1522,1989,0.7652
snapshot_sym0_date13_pm.csv,label_20,future,1979,1979,1.0
snapshot_sym0_date13_pm.csv,label_20,past,1703,1979,0.8605
snapshot_sym0_date13_pm.csv,label_40,future,1959,1959,1.0
snapshot_sym0_date13_pm.csv,label_40,past,1261,1959,0.6437
snapshot_sym0_date13_pm.csv,label_60,future,1939,1939,1.0
snapshot_sym0_date13_pm.csv,label_60,past,878,1939,0.4528
snapshot_sym0_date14_am.csv,label_5,future,1994,1994,1.0
snapshot_sym0_date14_am.csv,label_5,past,1459,1994,0.7317
snapshot_sym0_date14_am.csv,label_10,future,1989,1989,1.0
snapshot_sym0_date14_am.csv,label_10,past,1141,1989,0.5737
snapshot_sym0_date14_am.csv,label_20,future,1979,1979,1.0
snapshot_sym0_date14_am.csv,label_20,past,1476,1979,0.7458
snapshot_sym0_date14_am.csv,label_40,future,1959,1959,1.0
snapshot_sym0_date14_am.csv,label_40,past,844,1959,0.4308
snapshot_sym0_date14_am.csv,label_60,future,1939,1939,1.0
snapshot_sym0_date14_am.csv,label_60,past,715,1939,0.3687
snapshot_sym0_date14_pm.csv,label_5,future,1994,1994,1.0
snapshot_sym0_date14_pm.csv,label_5,past,1704,1994,0.8546
snapshot_sym0_date14_pm.csv,label_10,future,1989,1989,1.0
snapshot_sym0_date14_pm.csv,label_10,past,1423,1989,0.7154
snapshot_sym0_date14_pm.csv,label_20,future,1979,1979,1.0
snapshot_sym0_date14_pm.csv,label_20,past,1664,1979,0.8408
snapshot_sym0_date14_pm.csv,label_40,future,1959,1959,1.0
snapshot_sym0_date14_pm.csv,label_40,past,1218,1959,0.6217
snapshot_sym0_date14_pm.csv,label_60,future,1939,1939,1.0
snapshot_sym0_date14_pm.csv,label_60,past,1013,1939,0.5224
snapshot_sym0_date15_am.csv,label_5,future,1994,1994,1.0
snapshot_sym0_date15_am.csv,label_5,past,1235,1994,0.6194
snapshot_sym0_date15_am.csv,label_10,future,1989,1989,1.0
snapshot_sym0_date15_am.csv,label_10,past,1002,1989,0.5038
snapshot_sym0_date15_am.csv,label_20,future,1979,1979,1.0
snapshot_sym0_date15_am.csv,label_20,past,1250,1979,0.6316
snapshot_sym0_date15_am.csv,label_40,future,1959,1959,1.0
snapshot_sym0_date15_am.csv,label_40,past,868,1959,0.4431
snapshot_sym0_date15_am.csv,label_60,future,1939,1939,1.0
snapshot_sym0_date15_am.csv,label_60,past,711,1939,0.3667
snapshot_sym0_date15_pm.csv,label_5,future,1994,1994,1.0
snapshot_sym0_date15_pm.csv,label_5,past,1779,1994,0.8922
snapshot_sym0_date15_pm.csv,label_10,future,1989,1989,1.0
snapshot_sym0_date15_pm.csv,label_10,past,1481,1989,0.7446
snapshot_sym0_date15_pm.csv,label_20,future,1979,1979,1.0
snapshot_sym0_date15_pm.csv,label_20,past,1743,1979,0.8807
snapshot_sym0_date15_pm.csv,label_40,future,1959,1959,1.0
snapshot_sym0_date15_pm.csv,label_40,past,1358,1959,0.6932
snapshot_sym0_date15_pm.csv,label_60,future,1939,1939,1.0
snapshot_sym0_date15_pm.csv,label_60,past,1142,1939,0.589
snapshot_sym0_date16_am.csv,label_5,future,1994,1994,1.0
snapshot_sym0_date16_am.csv,label_5,past,1187,1994,0.5953
snapshot_sym0_date16_am.csv,label_10,future,1989,1989,1.0
snapshot_sym0_date16_am.csv,label_10,past,925,1989,0.4651
snapshot_sym0_date16_am.csv,label_20,future,1979,1979,1.0
snapshot_sym0_date16_am.csv,label_20,past,1372,1979,0.6933
snapshot_sym0_date16_am.csv,label_40,future,1959,1959,1.0
snapshot_sym0_date16_am.csv,label_40,past,1009,1959,0.5151
snapshot_sym0_date16_am.csv,label_60,future,1939,1939,1.0
snapshot_sym0_date16_am.csv,label_60,past,885,1939,0.4564
snapshot_sym0_date16_pm.csv,label_5,future,1994,1994,1.0
snapshot_sym0_date16_pm.csv,label_5,past,1786,1994,0.8957
snapshot_sym0_date16_pm.csv,label_10,future,1989,1989,1.0
snapshot_sym0_date16_pm.csv,label_10,past,1609,1989,0.8089
snapshot_sym0_date16_pm.csv,label_20,future,1979,1979,1.0
snapshot_sym0_date16_pm.csv,label_20,past,1821,1979,0.9202
snapshot_sym0_date16_pm.csv,label_40,future,1959,1959,1.0
snapshot_sym0_date16_pm.csv,label_40,past,1621,1959,0.8275
snapshot_sym0_date16_pm.csv,label_60,future,1939,1939,1.0
snapshot_sym0_date16_pm.csv,label_60,past,1556,1939,0.8025
snapshot_sym0_date17_am.csv,label_5,future,1994,1994,1.0
snapshot_sym0_date17_am.csv,label_5,past,1367,1994,0.6856
snapshot_sym0_date17_am.csv,label_10,future,1989,1989,1.0
snapshot_sym0_date17_am.csv,label_10,past,1052,1989,0.5289
snapshot_sym0_date17_am.csv,label_20,future,1979,1979,1.0
snapshot_sym0_date17_am.csv,label_20,past,1405,1979,0.71
snapshot_sym0_date17_am.csv,label_40,future,1959,1959,1.0
snapshot_sym0_date17_am.csv,label_40,past,1002,1959,0.5115
snapshot_sym0_date17_am.csv,label_60,future,1939,1939,1.0
snapshot_sym0_date17_am.csv,label_60,past,748,1939,0.3858
snapshot_sym0_date17_pm.csv,label_5,future,1994,1994,1.0
snapshot_sym0_date17_pm.csv,label_5,past,1943,1994,0.9744
snapshot_sym0_date17_pm.csv,label_10,future,1989,1989,1.0
snapshot_sym0_date17_pm.csv,label_10,past,1845,1989,0.9276
snapshot_sym0_date17_pm.csv,label_20,future,1979,1979,1.0
snapshot_sym0_date17_pm.csv,label_20,past,1959,1979,0.9899
snapshot_sym0_date17_pm.csv,label_40,future,1959,1959,1.0
snapshot_sym0_date17_pm.csv,label_40,past,1848,1959,0.9433
snapshot_sym0_date17_pm.csv,label_60,future,1939,1939,1.0
snapshot_sym0_date17_pm.csv,label_60,past,1749,1939,0.902
snapshot_sym0_date18_am.csv,label_5,future,1994,1994,1.0
snapshot_sym0_date18_am.csv,label_5,past,1325,1994,0.6645
snapshot_sym0_date18_am.csv,label_10,future,1989,1989,1.0
snapshot_sym0_date18_am.csv,label_10,past,1038,1989,0.5219
snapshot_sym0_date18_am.csv,label_20,future,1979,1979,1.0
snapshot_sym0_date18_am.csv,label_20,past,1181,1979,0.5968
snapshot_sym0_date18_am.csv,label_40,future,1959,1959,1.0
snapshot_sym0_date18_am.csv,label_40,past,880,1959,0.4492
snapshot_sym0_date18_am.csv,label_60,future,1939,1939,1.0
snapshot_sym0_date18_am.csv,label_60,past,736,1939,0.3796
snapshot_sym0_date18_pm.csv,label_5,future,1994,1994,1.0
snapshot_sym0_date18_pm.csv,label_5,past,1509,1994,0.7568
snapshot_sym0_date18_pm.csv,label_10,future,1989,1989,1.0
snapshot_sym0_date18_pm.csv,label_10,past,1187,1989,0.5968
snapshot_sym0_date18_pm.csv,label_20,future,1979,1979,1.0
snapshot_sym0_date18_pm.csv,label_20,past,1547,1979,0.7817
snapshot_sym0_date18_pm.csv,label_40,future,1959,1959,1.0
snapshot_sym0_date18_pm.csv,label_40,past,1138,1959,0.5809
snapshot_sym0_date18_pm.csv,label_60,future,1939,1939,1.0
snapshot_sym0_date18_pm.csv,label_60,past,918,1939,0.4734
snapshot_sym0_date19_am.csv,label_5,future,1994,1994,1.0
snapshot_sym0_date19_am.csv,label_5,past,1519,1994,0.7618
snapshot_sym0_date19_am.csv,label_10,future,1989,1989,1.0
snapshot_sym0_date19_am.csv,label_10,past,1182,1989,0.5943
snapshot_sym0_date19_am.csv,label_20,future,1979,1979,1.0
snapshot_sym0_date19_am.csv,label_20,past,1127,1979,0.5695
snapshot_sym0_date19_am.csv,label_40,future,1959,1959,1.0
snapshot_sym0_date19_am.csv,label_40,past,847,1959,0.4324
snapshot_sym0_date19_am.csv,label_60,future,1939,1939,1.0
snapshot_sym0_date19_am.csv,label_60,past,731,1939,0.377
snapshot_sym0_date19_pm.csv,label_5,future,1994,1994,1.0
snapshot_sym0_date19_pm.csv,label_5,past,1892,1994,0.9488
snapshot_sym0_date19_pm.csv,label_10,future,1989,1989,1.0
snapshot_sym0_date19_pm.csv,label_10,past,1760,1989,0.8849
snapshot_sym0_date19_pm.csv,label_20,future,1979,1979,1.0
snapshot_sym0_date19_pm.csv,label_20,past,1827,1979,0.9232
snapshot_sym0_date19_pm.csv,label_40,future,1959,1959,1.0
snapshot_sym0_date19_pm.csv,label_40,past,1573,1959,0.803
snapshot_sym0_date19_pm.csv,label_60,future,1939,1939,1.0
snapshot_sym0_date19_pm.csv,label_60,past,1277,1939,0.6586
snapshot_sym0_date1_am.csv,label_5,future,1994,1994,1.0
snapshot_sym0_date1_am.csv,label_5,past,1621,1994,0.8129
snapshot_sym0_date1_am.csv,label_10,future,1989,1989,1.0
snapshot_sym0_date1_am.csv,label_10,past,1300,1989,0.6536
snapshot_sym0_date1_am.csv,label_20,future,1979,1979,1.0
snapshot_sym0_date1_am.csv,label_20,past,1516,1979,0.766
snapshot_sym0_date1_am.csv,label_40,future,1959,1959,1.0
snapshot_sym0_date1_am.csv,label_40,past,1085,1959,0.5539
snapshot_sym0_date1_am.csv,label_60,future,1939,1939,1.0
snapshot_sym0_date1_am.csv,label_60,past,765,1939,0.3945
snapshot_sym0_date1_pm.csv,label_5,future,1994,1994,1.0
snapshot_sym0_date1_pm.csv,label_5,past,1714,1994,0.8596
snapshot_sym0_date1_pm.csv,label_10,future,1989,1989,1.0
snapshot_sym0_date1_pm.csv,label_10,past,1409,1989,0.7084
snapshot_sym0_date1_pm.csv,label_20,future,1979,1979,1.0
snapshot_sym0_date1_pm.csv,label_20,past,1783,1979,0.901
snapshot_sym0_date1_pm.csv,label_40,future,1959,1959,1.0
snapshot_sym0_date1_pm.csv,label_40,past,1309,1959,0.6682
snapshot_sym0_date1_pm.csv,label_60,future,1939,1939,1.0
snapshot_sym0_date1_pm.csv,label_60,past,1066,1939,0.5498
snapshot_sym0_date20_am.csv,label_5,future,1994,1994,1.0
snapshot_sym0_date20_am.csv,label_5,past,1503,1994,0.7538
snapshot_sym0_date20_am.csv,label_10,future,1989,1989,1.0
snapshot_sym0_date20_am.csv,label_10,past,1195,1989,0.6008
snapshot_sym0_date20_am.csv,label_20,future,1979,1979,1.0
snapshot_sym0_date20_am.csv,label_20,past,1378,1979,0.6963
snapshot_sym0_date20_am.csv,label_40,future,1959,1959,1.0
snapshot_sym0_date20_am.csv,label_40,past,1061,1959,0.5416
snapshot_sym0_date20_am.csv,label_60,future,1939,1939,1.0
snapshot_sym0_date20_am.csv,label_60,past,935,1939,0.4822
snapshot_sym0_date20_pm.csv,label_5,future,1994,1994,1.0
snapshot_sym0_date20_pm.csv,label_5,past,1854,1994,0.9298
snapshot_sym0_date20_pm.csv,label_10,future,1989,1989,1.0
snapshot_sym0_date20_pm.csv,label_10,past,1672,1989,0.8406
snapshot_sym0_date20_pm.csv,label_20,future,1979,1979,1.0
snapshot_sym0_date20_pm.csv,label_20,past,1724,1979,0.8711
snapshot_sym0_date20_pm.csv,label_40,future,1959,1959,1.0
snapshot_sym0_date20_pm.csv,label_40,past,1231,1959,0.6284
snapshot_sym0_date20_pm.csv,label_60,future,1939,1939,1.0
snapshot_sym0_date20_pm.csv,label_60,past,910,1939,0.4693
snapshot_sym0_date21_am.csv,label_5,future,1994,1994,1.0
snapshot_sym0_date21_am.csv,label_5,past,1571,1994,0.7879
snapshot_sym0_date21_am.csv,label_10,future,1989,1989,1.0
snapshot_sym0_date21_am.csv,label_10,past,1260,1989,0.6335
snapshot_sym0_date21_am.csv,label_20,future,1979,1979,1.0
snapshot_sym0_date21_am.csv,label_20,past,1169,1979,0.5907
snapshot_sym0_date21_am.csv,label_40,future,1959,1959,1.0
snapshot_sym0_date21_am.csv,label_40,past,790,1959,0.4033
snapshot_sym0_date21_am.csv,label_60,future,1939,1939,1.0
snapshot_sym0_date21_am.csv,label_60,past,663,1939,0.3419
snapshot_sym0_date21_pm.csv,label_5,future,1994,1994,1.0
snapshot_sym0_date21_pm.csv,label_5,past,1834,1994,0.9198
snapshot_sym0_date21_pm.csv,label_10,future,1989,1989,1.0
snapshot_sym0_date21_pm.csv,label_10,past,1625,1989,0.817
snapshot_sym0_date21_pm.csv,label_20,future,1979,1979,1.0
snapshot_sym0_date21_pm.csv,label_20,past,1622,1979,0.8196
snapshot_sym0_date21_pm.csv,label_40,future,1959,1959,1.0
snapshot_sym0_date21_pm.csv,label_40,past,1072,1959,0.5472
snapshot_sym0_date21_pm.csv,label_60,future,1939,1939,1.0
snapshot_sym0_date21_pm.csv,label_60,past,658,1939,0.3394
snapshot_sym0_date22_am.csv,label_5,future,1994,1994,1.0
snapshot_sym0_date22_am.csv,label_5,past,1749,1994,0.8771
snapshot_sym0_date22_am.csv,label_10,future,1989,1989,1.0
snapshot_sym0_date22_am.csv,label_10,past,1504,1989,0.7562
snapshot_sym0_date22_am.csv,label_20,future,1979,1979,1.0
snapshot_sym0_date22_am.csv,label_20,past,1429,1979,0.7221
snapshot_sym0_date22_am.csv,label_40,future,1959,1959,1.0
snapshot_sym0_date22_am.csv,label_40,past,905,1959,0.462
snapshot_sym0_date22_am.csv,label_60,future,1939,1939,1.0
snapshot_sym0_date22_am.csv,label_60,past,602,1939,0.3105
snapshot_sym0_date22_pm.csv,label_5,future,1994,1994,1.0
snapshot_sym0_date22_pm.csv,label_5,past,1909,1994,0.9574
snapshot_sym0_date22_pm.csv,label_10,future,1989,1989,1.0
snapshot_sym0_date22_pm.csv,label_10,past,1740,1989,0.8748
snapshot_sym0_date22_pm.csv,label_20,future,1979,1979,1.0
snapshot_sym0_date22_pm.csv,label_20,past,1822,1979,0.9207
snapshot_sym0_date22_pm.csv,label_40,future,1959,1959,1.0
snapshot_sym0_date22_pm.csv,label_40,past,1513,1959,0.7723
snapshot_sym0_date22_pm.csv,label_60,future,1939,1939,1.0
snapshot_sym0_date22_pm.csv,label_60,past,1156,1939,0.5962
snapshot_sym0_date23_am.csv,label_5,future,1994,1994,1.0
snapshot_sym0_date23_am.csv,label_5,past,1648,1994,0.8265
snapshot_sym0_date23_am.csv,label_10,future,1989,1989,1.0
snapshot_sym0_date23_am.csv,label_10,past,1295,1989,0.6511
snapshot_sym0_date23_am.csv,label_20,future,1979,1979,1.0
snapshot_sym0_date23_am.csv,label_20,past,1259,1979,0.6362
snapshot_sym0_date23_am.csv,label_40,future,1959,1959,1.0
snapshot_sym0_date23_am.csv,label_40,past,777,1959,0.3966
snapshot_sym0_date23_am.csv,label_60,future,1939,1939,1.0
snapshot_sym0_date23_am.csv,label_60,past,625,1939,0.3223
snapshot_sym0_date23_pm.csv,label_5,future,1994,1994,1.0
snapshot_sym0_date23_pm.csv,label_5,past,1765,1994,0.8852
snapshot_sym0_date23_pm.csv,label_10,future,1989,1989,1.0
snapshot_sym0_date23_pm.csv,label_10,past,1554,1989,0.7813
snapshot_sym0_date23_pm.csv,label_20,future,1979,1979,1.0
snapshot_sym0_date23_pm.csv,label_20,past,1678,1979,0.8479
snapshot_sym0_date23_pm.csv,label_40,future,1959,1959,1.0
snapshot_sym0_date23_pm.csv,label_40,past,1274,1959,0.6503
snapshot_sym0_date23_pm.csv,label_60,future,1939,1939,1.0
snapshot_sym0_date23_pm.csv,label_60,past,947,1939,0.4884
snapshot_sym0_date24_am.csv,label_5,future,1994,1994,1.0
snapshot_sym0_date24_am.csv,label_5,past,1597,1994,0.8009
snapshot_sym0_date24_am.csv,label_10,future,1989,1989,1.0
snapshot_sym0_date24_am.csv,label_10,past,1293,1989,0.6501
snapshot_sym0_date24_am.csv,label_20,future,1979,1979,1.0
snapshot_sym0_date24_am.csv,label_20,past,1306,1979,0.6599
snapshot_sym0_date24_am.csv,label_40,future,1959,1959,1.0
snapshot_sym0_date24_am.csv,label_40,past,1001,1959,0.511
snapshot_sym0_date24_am.csv,label_60,future,1939,1939,1.0
snapshot_sym0_date24_am.csv,label_60,past,789,1939,0.4069
snapshot_sym0_date24_pm.csv,label_5,future,1994,1994,1.0
snapshot_sym0_date24_pm.csv,label_5,past,1864,1994,0.9348
snapshot_sym0_date24_pm.csv,label_10,future,1989,1989,1.0
snapshot_sym0_date24_pm.csv,label_10,past,1737,1989,0.8733
snapshot_sym0_date24_pm.csv,label_20,future,1979,1979,1.0
snapshot_sym0_date24_pm.csv,label_20,past,1689,1979,0.8535
snapshot_sym0_date24_pm.csv,label_40,future,1959,1959,1.0
snapshot_sym0_date24_pm.csv,label_40,past,1281,1959,0.6539
snapshot_sym0_date24_pm.csv,label_60,future,1939,1939,1.0
snapshot_sym0_date24_pm.csv,label_60,past,936,1939,0.4827
snapshot_sym0_date25_am.csv,label_5,future,1994,1994,1.0
snapshot_sym0_date25_am.csv,label_5,past,1665,1994,0.835
snapshot_sym0_date25_am.csv,label_10,future,1989,1989,1.0
snapshot_sym0_date25_am.csv,label_10,past,1359,1989,0.6833
snapshot_sym0_date25_am.csv,label_20,future,1979,1979,1.0
snapshot_sym0_date25_am.csv,label_20,past,1339,1979,0.6766
snapshot_sym0_date25_am.csv,label_40,future,1959,1959,1.0
snapshot_sym0_date25_am.csv,label_40,past,834,1959,0.4257
snapshot_sym0_date25_am.csv,label_60,future,1939,1939,1.0
snapshot_sym0_date25_am.csv,label_60,past,707,1939,0.3646
snapshot_sym0_date25_pm.csv,label_5,future,1994,1994,1.0
snapshot_sym0_date25_pm.csv,label_5,past,1843,1994,0.9243
snapshot_sym0_date25_pm.csv,label_10,future,1989,1989,1.0
snapshot_sym0_date25_pm.csv,label_10,past,1620,1989,0.8145
snapshot_sym0_date25_pm.csv,label_20,future,1979,1979,1.0
snapshot_sym0_date25_pm.csv,label_20,past,1632,1979,0.8247
snapshot_sym0_date25_pm.csv,label_40,future,1959,1959,1.0
snapshot_sym0_date25_pm.csv,label_40,past,1189,1959,0.6069
snapshot_sym0_date25_pm.csv,label_60,future,1939,1939,1.0
snapshot_sym0_date25_pm.csv,label_60,past,959,1939,0.4946
snapshot_sym0_date26_am.csv,label_5,future,1994,1994,1.0
snapshot_sym0_date26_am.csv,label_5,past,1498,1994,0.7513
snapshot_sym0_date26_am.csv,label_10,future,1989,1989,1.0
snapshot_sym0_date26_am.csv,label_10,past,1224,1989,0.6154
snapshot_sym0_date26_am.csv,label_20,future,1979,1979,1.0
snapshot_sym0_date26_am.csv,label_20,past,1141,1979,0.5766
snapshot_sym0_date26_am.csv,label_40,future,1959,1959,1.0
snapshot_sym0_date26_am.csv,label_40,past,789,1959,0.4028
snapshot_sym0_date26_am.csv,label_60,future,1939,1939,1.0
snapshot_sym0_date26_am.csv,label_60,past,603,1939,0.311
snapshot_sym0_date26_pm.csv,label_5,future,1994,1994,1.0
snapshot_sym0_date26_pm.csv,label_5,past,1948,1994,0.9769
snapshot_sym0_date26_pm.csv,label_10,future,1989,1989,1.0
snapshot_sym0_date26_pm.csv,label_10,past,1871,1989,0.9407
snapshot_sym0_date26_pm.csv,label_20,future,1979,1979,1.0
snapshot_sym0_date26_pm.csv,label_20,past,1867,1979,0.9434
snapshot_sym0_date26_pm.csv,label_40,future,1959,1959,1.0
snapshot_sym0_date26_pm.csv,label_40,past,1696,1959,0.8657
snapshot_sym0_date26_pm.csv,label_60,future,1939,1939,1.0
snapshot_sym0_date26_pm.csv,label_60,past,1402,1939,0.7231
snapshot_sym0_date27_am.csv,label_5,future,1994,1994,1.0
snapshot_sym0_date27_am.csv,label_5,past,1501,1994,0.7528
snapshot_sym0_date27_am.csv,label_10,future,1989,1989,1.0
snapshot_sym0_date27_am.csv,label_10,past,1219,1989,0.6129
snapshot_sym0_date27_am.csv,label_20,future,1979,1979,1.0
snapshot_sym0_date27_am.csv,label_20,past,1060,1979,0.5356
snapshot_sym0_date27_am.csv,label_40,future,1959,1959,1.0
snapshot_sym0_date27_am.csv,label_40,past,668,1959,0.341
snapshot_sym0_date27_am.csv,label_60,future,1939,1939,1.0
snapshot_sym0_date27_am.csv,label_60,past,614,1939,0.3167
snapshot_sym0_date27_pm.csv,label_5,future,1994,1994,1.0
snapshot_sym0_date27_pm.csv,label_5,past,1810,1994,0.9077
snapshot_sym0_date27_pm.csv,label_10,future,1989,1989,1.0
snapshot_sym0_date27_pm.csv,label_10,past,1582,1989,0.7954
snapshot_sym0_date27_pm.csv,label_20,future,1979,1979,1.0
snapshot_sym0_date27_pm.csv,label_20,past,1630,1979,0.8236
snapshot_sym0_date27_pm.csv,label_40,future,1959,1959,1.0
snapshot_sym0_date27_pm.csv,label_40,past,1083,1959,0.5528
snapshot_sym0_date27_pm.csv,label_60,future,1939,1939,1.0
snapshot_sym0_date27_pm.csv,label_60,past,725,1939,0.3739
snapshot_sym0_date28_am.csv,label_5,future,1994,1994,1.0
snapshot_sym0_date28_am.csv,label_5,past,1758,1994,0.8816
snapshot_sym0_date28_am.csv,label_10,future,1989,1989,1.0
snapshot_sym0_date28_am.csv,label_10,past,1496,1989,0.7521
snapshot_sym0_date28_am.csv,label_20,future,1979,1979,1.0
snapshot_sym0_date28_am.csv,label_20,past,1533,1979,0.7746
snapshot_sym0_date28_am.csv,label_40,future,1959,1959,1.0
snapshot_sym0_date28_am.csv,label_40,past,914,1959,0.4666
snapshot_sym0_date28_am.csv,label_60,future,1939,1939,1.0
snapshot_sym0_date28_am.csv,label_60,past,742,1939,0.3827
snapshot_sym0_date28_pm.csv,label_5,future,1994,1994,1.0
snapshot_sym0_date28_pm.csv,label_5,past,1812,1994,0.9087
snapshot_sym0_date28_pm.csv,label_10,future,1989,1989,1.0
snapshot_sym0_date28_pm.csv,label_10,past,1554,1989,0.7813
snapshot_sym0_date28_pm.csv,label_20,future,1979,1979,1.0
snapshot_sym0_date28_pm.csv,label_20,past,1637,1979,0.8272
snapshot_sym0_date28_pm.csv,label_40,future,1959,1959,1.0
snapshot_sym0_date28_pm.csv,label_40,past,1166,1959,0.5952
snapshot_sym0_date28_pm.csv,label_60,future,1939,1939,1.0
snapshot_sym0_date28_pm.csv,label_60,past,810,1939,0.4177
snapshot_sym0_date29_am.csv,label_5,future,1994,1994,1.0
snapshot_sym0_date29_am.csv,label_5,past,1547,1994,0.7758
snapshot_sym0_date29_am.csv,label_10,future,1989,1989,1.0
snapshot_sym0_date29_am.csv,label_10,past,1329,1989,0.6682
snapshot_sym0_date29_am.csv,label_20,future,1979,1979,1.0
snapshot_sym0_date29_am.csv,label_20,past,1275,1979,0.6443
snapshot_sym0_date29_am.csv,label_40,future,1959,1959,1.0
snapshot_sym0_date29_am.csv,label_40,past,908,1959,0.4635
snapshot_sym0_date29_am.csv,label_60,future,1939,1939,1.0
snapshot_sym0_date29_am.csv,label_60,past,762,1939,0.393
snapshot_sym0_date29_pm.csv,label_5,future,1994,1994,1.0
snapshot_sym0_date29_pm.csv,label_5,past,1767,1994,0.8862
snapshot_sym0_date29_pm.csv,label_10,future,1989,1989,1.0
snapshot_sym0_date29_pm.csv,label_10,past,1430,1989,0.719
snapshot_sym0_date29_pm.csv,label_20,future,1979,1979,1.0
snapshot_sym0_date29_pm.csv,label_20,past,1364,1979,0.6892
snapshot_sym0_date29_pm.csv,label_40,future,1959,1959,1.0
snapshot_sym0_date29_pm.csv,label_40,past,975,1959,0.4977
snapshot_sym0_date29_pm.csv,label_60,future,1939,1939,1.0
snapshot_sym0_date29_pm.csv,label_60,past,709,1939,0.3657
snapshot_sym0_date2_am.csv,label_5,future,1994,1994,1.0
snapshot_sym0_date2_am.csv,label_5,past,1371,1994,0.6876
snapshot_sym0_date2_am.csv,label_10,future,1989,1989,1.0
snapshot_sym0_date2_am.csv,label_10,past,1057,1989,0.5314
snapshot_sym0_date2_am.csv,label_20,future,1979,1979,1.0
snapshot_sym0_date2_am.csv,label_20,past,1280,1979,0.6468
snapshot_sym0_date2_am.csv,label_40,future,1959,1959,1.0
snapshot_sym0_date2_am.csv,label_40,past,868,1959,0.4431
snapshot_sym0_date2_am.csv,label_60,future,1939,1939,1.0
snapshot_sym0_date2_am.csv,label_60,past,707,1939,0.3646
snapshot_sym0_date2_pm.csv,label_5,future,1994,1994,1.0
snapshot_sym0_date2_pm.csv,label_5,past,1683,1994,0.844
snapshot_sym0_date2_pm.csv,label_10,future,1989,1989,1.0
snapshot_sym0_date2_pm.csv,label_10,past,1407,1989,0.7074
snapshot_sym0_date2_pm.csv,label_20,future,1979,1979,1.0
snapshot_sym0_date2_pm.csv,label_20,past,1708,1979,0.8631
snapshot_sym0_date2_pm.csv,label_40,future,1959,1959,1.0
snapshot_sym0_date2_pm.csv,label_40,past,1332,1959,0.6799
snapshot_sym0_date2_pm.csv,label_60,future,1939,1939,1.0
snapshot_sym0_date2_pm.csv,label_60,past,1090,1939,0.5621
snapshot_sym0_date30_am.csv,label_5,future,1994,1994,1.0
snapshot_sym0_date30_am.csv,label_5,past,1585,1994,0.7949
snapshot_sym0_date30_am.csv,label_10,future,1989,1989,1.0
snapshot_sym0_date30_am.csv,label_10,past,1287,1989,0.6471
snapshot_sym0_date30_am.csv,label_20,future,1979,1979,1.0
snapshot_sym0_date30_am.csv,label_20,past,1517,1979,0.7665
snapshot_sym0_date30_am.csv,label_40,future,1959,1959,1.0
snapshot_sym0_date30_am.csv,label_40,past,1039,1959,0.5304
snapshot_sym0_date30_am.csv,label_60,future,1939,1939,1.0
snapshot_sym0_date30_am.csv,label_60,past,859,1939,0.443
snapshot_sym0_date30_pm.csv,label_5,future,1994,1994,1.0
snapshot_sym0_date30_pm.csv,label_5,past,1783,1994,0.8942
snapshot_sym0_date30_pm.csv,label_10,future,1989,1989,1.0
snapshot_sym0_date30_pm.csv,label_10,past,1571,1989,0.7898
snapshot_sym0_date30_pm.csv,label_20,future,1979,1979,1.0
snapshot_sym0_date30_pm.csv,label_20,past,1619,1979,0.8181
snapshot_sym0_date30_pm.csv,label_40,future,1959,1959,1.0
snapshot_sym0_date30_pm.csv,label_40,past,1143,1959,0.5835
snapshot_sym0_date30_pm.csv,label_60,future,1939,1939,1.0
snapshot_sym0_date30_pm.csv,label_60,past,813,1939,0.4193
snapshot_sym0_date31_am.csv,label_5,future,1994,1994,1.0
snapshot_sym0_date31_am.csv,label_5,past,1587,1994,0.7959
snapshot_sym0_date31_am.csv,label_10,future,1989,1989,1.0
snapshot_sym0_date31_am.csv,label_10,past,1344,1989,0.6757
snapshot_sym0_date31_am.csv,label_20,future,1979,1979,1.0
snapshot_sym0_date31_am.csv,label_20,past,1369,1979,0.6918
snapshot_sym0_date31_am.csv,label_40,future,1959,1959,1.0
snapshot_sym0_date31_am.csv,label_40,past,1185,1959,0.6049
snapshot_sym0_date31_am.csv,label_60,future,1939,1939,1.0
snapshot_sym0_date31_am.csv,label_60,past,1026,1939,0.5291
snapshot_sym0_date31_pm.csv,label_5,future,1994,1994,1.0
snapshot_sym0_date31_pm.csv,label_5,past,1703,1994,0.8541
snapshot_sym0_date31_pm.csv,label_10,future,1989,1989,1.0
snapshot_sym0_date31_pm.csv,label_10,past,1387,1989,0.6973
snapshot_sym0_date31_pm.csv,label_20,future,1979,1979,1.0
snapshot_sym0_date31_pm.csv,label_20,past,1344,1979,0.6791
snapshot_sym0_date31_pm.csv,label_40,future,1959,1959,1.0
snapshot_sym0_date31_pm.csv,label_40,past,905,1959,0.462
snapshot_sym0_date31_pm.csv,label_60,future,1939,1939,1.0
snapshot_sym0_date31_pm.csv,label_60,past,602,1939,0.3105
snapshot_sym0_date32_am.csv,label_5,future,1994,1994,1.0
snapshot_sym0_date32_am.csv,label_5,past,1322,1994,0.663
snapshot_sym0_date32_am.csv,label_10,future,1989,1989,1.0
snapshot_sym0_date32_am.csv,label_10,past,1109,1989,0.5576
snapshot_sym0_date32_am.csv,label_20,future,1979,1979,1.0
snapshot_sym0_date32_am.csv,label_20,past,1064,1979,0.5376
snapshot_sym0_date32_am.csv,label_40,future,1959,1959,1.0
snapshot_sym0_date32_am.csv,label_40,past,827,1959,0.4222
snapshot_sym0_date32_am.csv,label_60,future,1939,1939,1.0
snapshot_sym0_date32_am.csv,label_60,past,849,1939,0.4379
snapshot_sym0_date32_pm.csv,label_5,future,1994,1994,1.0
snapshot_sym0_date32_pm.csv,label_5,past,1770,1994,0.8877
snapshot_sym0_date32_pm.csv,label_10,future,1989,1989,1.0
snapshot_sym0_date32_pm.csv,label_10,past,1556,1989,0.7823
snapshot_sym0_date32_pm.csv,label_20,future,1979,1979,1.0
snapshot_sym0_date32_pm.csv,label_20,past,1610,1979,0.8135
snapshot_sym0_date32_pm.csv,label_40,future,1959,1959,1.0
snapshot_sym0_date32_pm.csv,label_40,past,1148,1959,0.586
snapshot_sym0_date32_pm.csv,label_60,future,1939,1939,1.0
snapshot_sym0_date32_pm.csv,label_60,past,809,1939,0.4172
snapshot_sym0_date33_am.csv,label_5,future,1994,1994,1.0
snapshot_sym0_date33_am.csv,label_5,past,1403,1994,0.7036
snapshot_sym0_date33_am.csv,label_10,future,1989,1989,1.0
snapshot_sym0_date33_am.csv,label_10,past,1125,1989,0.5656
snapshot_sym0_date33_am.csv,label_20,future,1979,1979,1.0
snapshot_sym0_date33_am.csv,label_20,past,1197,1979,0.6049
snapshot_sym0_date33_am.csv,label_40,future,1959,1959,1.0
snapshot_sym0_date33_am.csv,label_40,past,945,1959,0.4824
snapshot_sym0_date33_am.csv,label_60,future,1939,1939,1.0
snapshot_sym0_date33_am.csv,label_60,past,744,1939,0.3837
snapshot_sym0_date33_pm.csv,label_5,future,1994,1994,1.0
snapshot_sym0_date33_pm.csv,label_5,past,1577,1994,0.7909
snapshot_sym0_date33_pm.csv,label_10,future,1989,1989,1.0
snapshot_sym0_date33_pm.csv,label_10,past,1373,1989,0.6903
snapshot_sym0_date33_pm.csv,label_20,future,1979,1979,1.0
snapshot_sym0_date33_pm.csv,label_20,past,1241,1979,0.6271
snapshot_sym0_date33_pm.csv,label_40,future,1959,1959,1.0
snapshot_sym0_date33_pm.csv,label_40,past,940,1959,0.4798
snapshot_sym0_date33_pm.csv,label_60,future,1939,1939,1.0
snapshot_sym0_date33_pm.csv,label_60,past,787,1939,0.4059
snapshot_sym0_date34_am.csv,label_5,future,1994,1994,1.0
snapshot_sym0_date34_am.csv,label_5,past,1511,1994,0.7578
snapshot_sym0_date34_am.csv,label_10,future,1989,1989,1.0
snapshot_sym0_date34_am.csv,label_10,past,1160,1989,0.5832
snapshot_sym0_date34_am.csv,label_20,future,1979,1979,1.0
snapshot_sym0_date34_am.csv,label_20,past,1143,1979,0.5776
snapshot_sym0_date34_am.csv,label_40,future,1959,1959,1.0
snapshot_sym0_date34_am.csv,label_40,past,783,1959,0.3997
snapshot_sym0_date34_am.csv,label_60,future,1939,1939,1.0
snapshot_sym0_date34_am.csv,label_60,past,535,1939,0.2759
snapshot_sym0_date34_pm.csv,label_5,future,1994,1994,1.0
snapshot_sym0_date34_pm.csv,label_5,past,1662,1994,0.8335
snapshot_sym0_date34_pm.csv,label_10,future,1989,1989,1.0
snapshot_sym0_date34_pm.csv,label_10,past,1400,1989,0.7039
snapshot_sym0_date34_pm.csv,label_20,future,1979,1979,1.0
snapshot_sym0_date34_pm.csv,label_20,past,1434,1979,0.7246
snapshot_sym0_date34_pm.csv,label_40,future,1959,1959,1.0
snapshot_sym0_date34_pm.csv,label_40,past,1100,1959,0.5615
snapshot_sym0_date34_pm.csv,label_60,future,1939,1939,1.0
snapshot_sym0_date34_pm.csv,label_60,past,843,1939,0.4348
snapshot_sym0_date35_am.csv,label_5,future,1994,1994,1.0
snapshot_sym0_date35_am.csv,label_5,past,1426,1994,0.7151
snapshot_sym0_date35_am.csv,label_10,future,1989,1989,1.0
snapshot_sym0_date35_am.csv,label_10,past,1062,1989,0.5339
snapshot_sym0_date35_am.csv,label_20,future,1979,1979,1.0
snapshot_sym0_date35_am.csv,label_20,past,1033,1979,0.522
snapshot_sym0_date35_am.csv,label_40,future,1959,1959,1.0
snapshot_sym0_date35_am.csv,label_40,past,714,1959,0.3645
snapshot_sym0_date35_am.csv,label_60,future,1939,1939,1.0
snapshot_sym0_date35_am.csv,label_60,past,587,1939,0.3027
snapshot_sym0_date35_pm.csv,label_5,future,1994,1994,1.0
snapshot_sym0_date35_pm.csv,label_5,past,1755,1994,0.8801
snapshot_sym0_date35_pm.csv,label_10,future,1989,1989,1.0
snapshot_sym0_date35_pm.csv,label_10,past,1460,1989,0.734
snapshot_sym0_date35_pm.csv,label_20,future,1979,1979,1.0
snapshot_sym0_date35_pm.csv,label_20,past,1427,1979,0.7211
snapshot_sym0_date35_pm.csv,label_40,future,1959,1959,1.0
snapshot_sym0_date35_pm.csv,label_40,past,1050,1959,0.536
snapshot_sym0_date35_pm.csv,label_60,future,1939,1939,1.0
snapshot_sym0_date35_pm.csv,label_60,past,876,1939,0.4518
snapshot_sym0_date36_am.csv,label_5,future,1994,1994,1.0
snapshot_sym0_date36_am.csv,label_5,past,1302,1994,0.653
snapshot_sym0_date36_am.csv,label_10,future,1989,1989,1.0
snapshot_sym0_date36_am.csv,label_10,past,991,1989,0.4982
snapshot_sym0_date36_am.csv,label_20,future,1979,1979,1.0
snapshot_sym0_date36_am.csv,label_20,past,990,1979,0.5003
snapshot_sym0_date36_am.csv,label_40,future,1959,1959,1.0
snapshot_sym0_date36_am.csv,label_40,past,753,1959,0.3844
snapshot_sym0_date36_am.csv,label_60,future,1939,1939,1.0
snapshot_sym0_date36_am.csv,label_60,past,535,1939,0.2759
snapshot_sym0_date36_pm.csv,label_5,future,1994,1994,1.0
snapshot_sym0_date36_pm.csv,label_5,past,1587,1994,0.7959
snapshot_sym0_date36_pm.csv,label_10,future,1989,1989,1.0
snapshot_sym0_date36_pm.csv,label_10,past,1324,1989,0.6657
snapshot_sym0_date36_pm.csv,label_20,future,1979,1979,1.0
snapshot_sym0_date36_pm.csv,label_20,past,1463,1979,0.7393
snapshot_sym0_date36_pm.csv,label_40,future,1959,1959,1.0
snapshot_sym0_date36_pm.csv,label_40,past,1132,1959,0.5778
snapshot_sym0_date36_pm.csv,label_60,future,1939,1939,1.0
snapshot_sym0_date36_pm.csv,label_60,past,881,1939,0.4544
snapshot_sym0_date37_am.csv,label_5,future,1994,1994,1.0
snapshot_sym0_date37_am.csv,label_5,past,1421,1994,0.7126
snapshot_sym0_date37_am.csv,label_10,future,1989,1989,1.0
snapshot_sym0_date37_am.csv,label_10,past,1172,1989,0.5892
snapshot_sym0_date37_am.csv,label_20,future,1979,1979,1.0
snapshot_sym0_date37_am.csv,label_20,past,1159,1979,0.5856
snapshot_sym0_date37_am.csv,label_40,future,1959,1959,1.0
snapshot_sym0_date37_am.csv,label_40,past,705,1959,0.3599
snapshot_sym0_date37_am.csv,label_60,future,1939,1939,1.0
snapshot_sym0_date37_am.csv,label_60,past,547,1939,0.2821
snapshot_sym0_date37_pm.csv,label_5,future,1994,1994,1.0
snapshot_sym0_date37_pm.csv,label_5,past,1745,1994,0.8751
snapshot_sym0_date37_pm.csv,label_10,future,1989,1989,1.0
snapshot_sym0_date37_pm.csv,label_10,past,1555,1989,0.7818
snapshot_sym0_date37_pm.csv,label_20,future,1979,1979,1.0
snapshot_sym0_date37_pm.csv,label_20,past,1552,1979,0.7842
snapshot_sym0_date37_pm.csv,label_40,future,1959,1959,1.0
snapshot_sym0_date37_pm.csv,label_40,past,1222,1959,0.6238
snapshot_sym0_date37_pm.csv,label_60,future,1939,1939,1.0
snapshot_sym0_date37_pm.csv,label_60,past,995,1939,0.5132
snapshot_sym0_date38_am.csv,label_5,future,1994,1994,1.0
snapshot_sym0_date38_am.csv,label_5,past,1573,1994,0.7889
snapshot_sym0_date38_am.csv,label_10,future,1989,1989,1.0
snapshot_sym0_date38_am.csv,label_10,past,1348,1989,0.6777
snapshot_sym0_date38_am.csv,label_20,future,1979,1979,1.0
snapshot_sym0_date38_am.csv,label_20,past,1344,1979,0.6791
snapshot_sym0_date38_am.csv,label_40,future,1959,1959,1.0
snapshot_sym0_date38_am.csv,label_40,past,1082,1959,0.5523
snapshot_sym0_date38_am.csv,label_60,future,1939,1939,1.0
snapshot_sym0_date38_am.csv,label_60,past,832,1939,0.4291
snapshot_sym0_date38_pm.csv,label_5,future,1994,1994,1.0
snapshot_sym0_date38_pm.csv,label_5,past,1504,1994,0.7543
snapshot_sym0_date38_pm.csv,label_10,future,1989,1989,1.0
snapshot_sym0_date38_pm.csv,label_10,past,1184,1989,0.5953
snapshot_sym0_date38_pm.csv,label_20,future,1979,1979,1.0
snapshot_sym0_date38_pm.csv,label_20,past,1305,1979,0.6594
snapshot_sym0_date38_pm.csv,label_40,future,1959,1959,1.0
snapshot_sym0_date38_pm.csv,label_40,past,974,1959,0.4972
snapshot_sym0_date38_pm.csv,label_60,future,1939,1939,1.0
snapshot_sym0_date38_pm.csv,label_60,past,848,1939,0.4373
snapshot_sym0_date39_am.csv,label_5,future,1994,1994,1.0
snapshot_sym0_date39_am.csv,label_5,past,1371,1994,0.6876
snapshot_sym0_date39_am.csv,label_10,future,1989,1989,1.0
snapshot_sym0_date39_am.csv,label_10,past,1104,1989,0.5551
snapshot_sym0_date39_am.csv,label_20,future,1979,1979,1.0
snapshot_sym0_date39_am.csv,label_20,past,1136,1979,0.574
snapshot_sym0_date39_am.csv,label_40,future,1959,1959,1.0
snapshot_sym0_date39_am.csv,label_40,past,910,1959,0.4645
snapshot_sym0_date39_am.csv,label_60,future,1939,1939,1.0
snapshot_sym0_date39_am.csv,label_60,past,684,1939,0.3528
snapshot_sym0_date39_pm.csv,label_5,future,1994,1994,1.0
snapshot_sym0_date39_pm.csv,label_5,past,1684,1994,0.8445
snapshot_sym0_date39_pm.csv,label_10,future,1989,1989,1.0
snapshot_sym0_date39_pm.csv,label_10,past,1430,1989,0.719
snapshot_sym0_date39_pm.csv,label_20,future,1979,1979,1.0
snapshot_sym0_date39_pm.csv,label_20,past,1336,1979,0.6751
snapshot_sym0_date39_pm.csv,label_40,future,1959,1959,1.0
snapshot_sym0_date39_pm.csv,label_40,past,912,1959,0.4655
snapshot_sym0_date39_pm.csv,label_60,future,1939,1939,1.0
snapshot_sym0_date39_pm.csv,label_60,past,751,1939,0.3873
snapshot_sym0_date3_am.csv,label_5,future,1994,1994,1.0
snapshot_sym0_date3_am.csv,label_5,past,1360,1994,0.682
snapshot_sym0_date3_am.csv,label_10,future,1989,1989,1.0
snapshot_sym0_date3_am.csv,label_10,past,1034,1989,0.5199
snapshot_sym0_date3_am.csv,label_20,future,1979,1979,1.0
snapshot_sym0_date3_am.csv,label_20,past,1230,1979,0.6215
snapshot_sym0_date3_am.csv,label_40,future,1959,1959,1.0
snapshot_sym0_date3_am.csv,label_40,past,761,1959,0.3885
snapshot_sym0_date3_am.csv,label_60,future,1939,1939,1.0
snapshot_sym0_date3_am.csv,label_60,past,658,1939,0.3394
snapshot_sym0_date3_pm.csv,label_5,future,1994,1994,1.0
snapshot_sym0_date3_pm.csv,label_5,past,1855,1994,0.9303
snapshot_sym0_date3_pm.csv,label_10,future,1989,1989,1.0
snapshot_sym0_date3_pm.csv,label_10,past,1602,1989,0.8054
snapshot_sym0_date3_pm.csv,label_20,future,1979,1979,1.0
snapshot_sym0_date3_pm.csv,label_20,past,1914,1979,0.9672
snapshot_sym0_date3_pm.csv,label_40,future,1959,1959,1.0
snapshot_sym0_date3_pm.csv,label_40,past,1625,1959,0.8295
snapshot_sym0_date3_pm.csv,label_60,future,1939,1939,1.0
snapshot_sym0_date3_pm.csv,label_60,past,1230,1939,0.6343
snapshot_sym0_date40_am.csv,label_5,future,1994,1994,1.0
snapshot_sym0_date40_am.csv,label_5,past,1810,1994,0.9077
snapshot_sym0_date40_am.csv,label_10,future,1989,1989,1.0
snapshot_sym0_date40_am.csv,label_10,past,1637,1989,0.823
snapshot_sym0_date40_am.csv,label_20,future,1979,1979,1.0
snapshot_sym0_date40_am.csv,label_20,past,1616,1979,0.8166
snapshot_sym0_date40_am.csv,label_40,future,1959,1959,1.0
snapshot_sym0_date40_am.csv,label_40,past,1313,1959,0.6702
snapshot_sym0_date40_am.csv,label_60,future,1939,1939,1.0
snapshot_sym0_date40_am.csv,label_60,past,1086,1939,0.5601
snapshot_sym0_date40_pm.csv,label_5,future,1994,1994,1.0
snapshot_sym0_date40_pm.csv,label_5,past,1635,1994,0.82
snapshot_sym0_date40_pm.csv,label_10,future,1989,1989,1.0
snapshot_sym0_date40_pm.csv,label_10,past,1304,1989,0.6556
snapshot_sym0_date40_pm.csv,label_20,future,1979,1979,1.0
snapshot_sym0_date40_pm.csv,label_20,past,1334,1979,0.6741
snapshot_sym0_date40_pm.csv,label_40,future,1959,1959,1.0
snapshot_sym0_date40_pm.csv,label_40,past,831,1959,0.4242
snapshot_sym0_date40_pm.csv,label_60,future,1939,1939,1.0
snapshot_sym0_date40_pm.csv,label_60,past,690,1939,0.3559
snapshot_sym0_date41_am.csv,label_5,future,1994,1994,1.0
snapshot_sym0_date41_am.csv,label_5,past,1480,1994,0.7422
snapshot_sym0_date41_am.csv,label_10,future,1989,1989,1.0
snapshot_sym0_date41_am.csv,label_10,past,1099,1989,0.5525
snapshot_sym0_date41_am.csv,label_20,future,1979,1979,1.0
snapshot_sym0_date41_am.csv,label_20,past,1147,1979,0.5796
snapshot_sym0_date41_am.csv,label_40,future,1959,1959,1.0
snapshot_sym0_date41_am.csv,label_40,past,791,1959,0.4038
snapshot_sym0_date41_am.csv,label_60,future,1939,1939,1.0
snapshot_sym0_date41_am.csv,label_60,past,722,1939,0.3724
snapshot_sym0_date41_pm.csv,label_5,future,1994,1994,1.0
snapshot_sym0_date41_pm.csv,label_5,past,1755,1994,0.8801
snapshot_sym0_date41_pm.csv,label_10,future,1989,1989,1.0
snapshot_sym0_date41_pm.csv,label_10,past,1436,1989,0.722
snapshot_sym0_date41_pm.csv,label_20,future,1979,1979,1.0
snapshot_sym0_date41_pm.csv,label_20,past,1542,1979,0.7792
snapshot_sym0_date41_pm.csv,label_40,future,1959,1959,1.0
snapshot_sym0_date41_pm.csv,label_40,past,1090,1959,0.5564
snapshot_sym0_date41_pm.csv,label_60,future,1939,1939,1.0
snapshot_sym0_date41_pm.csv,label_60,past,825,1939,0.4255
snapshot_sym0_date42_pm.csv,label_5,future,1994,1994,1.0
snapshot_sym0_date42_pm.csv,label_5,past,1739,1994,0.8721
snapshot_sym0_date42_pm.csv,label_10,future,1989,1989,1.0
snapshot_sym0_date42_pm.csv,label_10,past,1531,1989,0.7697
snapshot_sym0_date42_pm.csv,label_20,future,1979,1979,1.0
snapshot_sym0_date42_pm.csv,label_20,past,1520,1979,0.7681
snapshot_sym0_date42_pm.csv,label_40,future,1959,1959,1.0
snapshot_sym0_date42_pm.csv,label_40,past,1228,1959,0.6269
snapshot_sym0_date42_pm.csv,label_60,future,1939,1939,1.0
snapshot_sym0_date42_pm.csv,label_60,past,1007,1939,0.5193
snapshot_sym0_date43_am.csv,label_5,future,1994,1994,1.0
snapshot_sym0_date43_am.csv,label_5,past,1319,1994,0.6615
snapshot_sym0_date43_am.csv,label_10,future,1989,1989,1.0
snapshot_sym0_date43_am.csv,label_10,past,958,1989,0.4816
snapshot_sym0_date43_am.csv,label_20,future,1979,1979,1.0
snapshot_sym0_date43_am.csv,label_20,past,1034,1979,0.5225
snapshot_sym0_date43_am.csv,label_40,future,1959,1959,1.0
snapshot_sym0_date43_am.csv,label_40,past,606,1959,0.3093
snapshot_sym0_date43_am.csv,label_60,future,1939,1939,1.0
snapshot_sym0_date43_am.csv,label_60,past,589,1939,0.3038
snapshot_sym0_date43_pm.csv,label_5,future,1994,1994,1.0
snapshot_sym0_date43_pm.csv,label_5,past,1662,1994,0.8335
snapshot_sym0_date43_pm.csv,label_10,future,1989,1989,1.0
snapshot_sym0_date43_pm.csv,label_10,past,1385,1989,0.6963
snapshot_sym0_date43_pm.csv,label_20,future,1979,1979,1.0
snapshot_sym0_date43_pm.csv,label_20,past,1442,1979,0.7287
snapshot_sym0_date43_pm.csv,label_40,future,1959,1959,1.0
snapshot_sym0_date43_pm.csv,label_40,past,973,1959,0.4967
snapshot_sym0_date43_pm.csv,label_60,future,1939,1939,1.0
snapshot_sym0_date43_pm.csv,label_60,past,736,1939,0.3796
snapshot_sym0_date44_pm.csv,label_5,future,1994,1994,1.0
snapshot_sym0_date44_pm.csv,label_5,past,1804,1994,0.9047
snapshot_sym0_date44_pm.csv,label_10,future,1989,1989,1.0
snapshot_sym0_date44_pm.csv,label_10,past,1457,1989,0.7325
snapshot_sym0_date44_pm.csv,label_20,future,1979,1979,1.0
snapshot_sym0_date44_pm.csv,label_20,past,1594,1979,0.8055
snapshot_sym0_date44_pm.csv,label_40,future,1959,1959,1.0
snapshot_sym0_date44_pm.csv,label_40,past,1123,1959,0.5733
snapshot_sym0_date44_pm.csv,label_60,future,1939,1939,1.0
snapshot_sym0_date44_pm.csv,label_60,past,878,1939,0.4528
snapshot_sym0_date45_am.csv,label_5,future,1994,1994,1.0
snapshot_sym0_date45_am.csv,label_5,past,1768,1994,0.8867
snapshot_sym0_date45_am.csv,label_10,future,1989,1989,1.0
snapshot_sym0_date45_am.csv,label_10,past,1512,1989,0.7602
snapshot_sym0_date45_am.csv,label_20,future,1979,1979,1.0
snapshot_sym0_date45_am.csv,label_20,past,1637,1979,0.8272
snapshot_sym0_date45_am.csv,label_40,future,1959,1959,1.0
snapshot_sym0_date45_am.csv,label_40,past,1275,1959,0.6508
snapshot_sym0_date45_am.csv,label_60,future,1939,1939,1.0
snapshot_sym0_date45_am.csv,label_60,past,940,1939,0.4848
snapshot_sym0_date45_pm.csv,label_5,future,1994,1994,1.0
snapshot_sym0_date45_pm.csv,label_5,past,1607,1994,0.8059
snapshot_sym0_date45_pm.csv,label_10,future,1989,1989,1.0
snapshot_sym0_date45_pm.csv,label_10,past,1328,1989,0.6677
snapshot_sym0_date45_pm.csv,label_20,future,1979,1979,1.0
snapshot_sym0_date45_pm.csv,label_20,past,1204,1979,0.6084
snapshot_sym0_date45_pm.csv,label_40,future,1959,1959,1.0
snapshot_sym0_date45_pm.csv,label_40,past,711,1959,0.3629
snapshot_sym0_date45_pm.csv,label_60,future,1939,1939,1.0
snapshot_sym0_date45_pm.csv,label_60,past,646,1939,0.3332
snapshot_sym0_date46_am.csv,label_5,future,1994,1994,1.0
snapshot_sym0_date46_am.csv,label_5,past,1487,1994,0.7457
snapshot_sym0_date46_am.csv,label_10,future,1989,1989,1.0
snapshot_sym0_date46_am.csv,label_10,past,1127,1989,0.5666
snapshot_sym0_date46_am.csv,label_20,future,1979,1979,1.0
snapshot_sym0_date46_am.csv,label_20,past,1203,1979,0.6079
snapshot_sym0_date46_am.csv,label_40,future,1959,1959,1.0
snapshot_sym0_date46_am.csv,label_40,past,698,1959,0.3563
snapshot_sym0_date46_am.csv,label_60,future,1939,1939,1.0
snapshot_sym0_date46_am.csv,label_60,past,509,1939,0.2625
snapshot_sym0_date46_pm.csv,label_5,future,1994,1994,1.0
snapshot_sym0_date46_pm.csv,label_5,past,1807,1994,0.9062
snapshot_sym0_date46_pm.csv,label_10,future,1989,1989,1.0
snapshot_sym0_date46_pm.csv,label_10,past,1511,1989,0.7597
snapshot_sym0_date46_pm.csv,label_20,future,1979,1979,1.0
snapshot_sym0_date46_pm.csv,label_20,past,1532,1979,0.7741
snapshot_sym0_date46_pm.csv,label_40,future,1959,1959,1.0
snapshot_sym0_date46_pm.csv,label_40,past,912,1959,0.4655
snapshot_sym0_date46_pm.csv,label_60,future,1939,1939,1.0
snapshot_sym0_date46_pm.csv,label_60,past,657,1939,0.3388
snapshot_sym0_date47_am.csv,label_5,future,1994,1994,1.0
snapshot_sym0_date47_am.csv,label_5,past,1353,1994,0.6785
snapshot_sym0_date47_am.csv,label_10,future,1989,1989,1.0
snapshot_sym0_date47_am.csv,label_10,past,1092,1989,0.549
snapshot_sym0_date47_am.csv,label_20,future,1979,1979,1.0
snapshot_sym0_date47_am.csv,label_20,past,981,1979,0.4957
snapshot_sym0_date47_am.csv,label_40,future,1959,1959,1.0
snapshot_sym0_date47_am.csv,label_40,past,666,1959,0.34
snapshot_sym0_date47_am.csv,label_60,future,1939,1939,1.0
snapshot_sym0_date47_am.csv,label_60,past,631,1939,0.3254
snapshot_sym0_date47_pm.csv,label_5,future,1994,1994,1.0
snapshot_sym0_date47_pm.csv,label_5,past,1622,1994,0.8134
snapshot_sym0_date47_pm.csv,label_10,future,1989,1989,1.0
snapshot_sym0_date47_pm.csv,label_10,past,1298,1989,0.6526
snapshot_sym0_date47_pm.csv,label_20,future,1979,1979,1.0
snapshot_sym0_date47_pm.csv,label_20,past,1342,1979,0.6781
snapshot_sym0_date47_pm.csv,label_40,future,1959,1959,1.0
snapshot_sym0_date47_pm.csv,label_40,past,838,1959,0.4278
snapshot_sym0_date47_pm.csv,label_60,future,1939,1939,1.0
snapshot_sym0_date47_pm.csv,label_60,past,604,1939,0.3115
snapshot_sym0_date48_am.csv,label_5,future,1994,1994,1.0
snapshot_sym0_date48_am.csv,label_5,past,1197,1994,0.6003
snapshot_sym0_date48_am.csv,label_10,future,1989,1989,1.0
snapshot_sym0_date48_am.csv,label_10,past,899,1989,0.452
snapshot_sym0_date48_am.csv,label_20,future,1979,1979,1.0
snapshot_sym0_date48_am.csv,label_20,past,756,1979,0.382
snapshot_sym0_date48_am.csv,label_40,future,1959,1959,1.0
snapshot_sym0_date48_am.csv,label_40,past,612,1959,0.3124
snapshot_sym0_date48_am.csv,label_60,future,1939,1939,1.0
snapshot_sym0_date48_am.csv,label_60,past,635,1939,0.3275
snapshot_sym0_date48_pm.csv,label_5,future,1994,1994,1.0
snapshot_sym0_date48_pm.csv,label_5,past,1769,1994,0.8872
snapshot_sym0_date48_pm.csv,label_10,future,1989,1989,1.0
snapshot_sym0_date48_pm.csv,label_10,past,1411,1989,0.7094
snapshot_sym0_date48_pm.csv,label_20,future,1979,1979,1.0
snapshot_sym0_date48_pm.csv,label_20,past,1461,1979,0.7383
snapshot_sym0_date48_pm.csv,label_40,future,1959,1959,1.0
snapshot_sym0_date48_pm.csv,label_40,past,1066,1959,0.5442
snapshot_sym0_date48_pm.csv,label_60,future,1939,1939,1.0
snapshot_sym0_date48_pm.csv,label_60,past,871,1939,0.4492
snapshot_sym0_date49_am.csv,label_5,future,1994,1994,1.0
snapshot_sym0_date49_am.csv,label_5,past,1491,1994,0.7477
snapshot_sym0_date49_am.csv,label_10,future,1989,1989,1.0
snapshot_sym0_date49_am.csv,label_10,past,1199,1989,0.6028
snapshot_sym0_date49_am.csv,label_20,future,1979,1979,1.0
snapshot_sym0_date49_am.csv,label_20,past,1101,1979,0.5563
snapshot_sym0_date49_am.csv,label_40,future,1959,1959,1.0
snapshot_sym0_date49_am.csv,label_40,past,746,1959,0.3808
snapshot_sym0_date49_am.csv,label_60,future,1939,1939,1.0
snapshot_sym0_date49_am.csv,label_60,past,477,1939,0.246
snapshot_sym0_date49_pm.csv,label_5,future,1994,1994,1.0
snapshot_sym0_date49_pm.csv,label_5,past,1754,1994,0.8796
snapshot_sym0_date49_pm.csv,label_10,future,1989,1989,1.0
snapshot_sym0_date49_pm.csv,label_10,past,1533,1989,0.7707
snapshot_sym0_date49_pm.csv,label_20,future,1979,1979,1.0
snapshot_sym0_date49_pm.csv,label_20,past,1481,1979,0.7484
snapshot_sym0_date49_pm.csv,label_40,future,1959,1959,1.0
snapshot_sym0_date49_pm.csv,label_40,past,1169,1959,0.5967
snapshot_sym0_date49_pm.csv,label_60,future,1939,1939,1.0
snapshot_sym0_date49_pm.csv,label_60,past,942,1939,0.4858
snapshot_sym0_date4_am.csv,label_5,future,1994,1994,1.0
snapshot_sym0_date4_am.csv,label_5,past,1509,1994,0.7568
snapshot_sym0_date4_am.csv,label_10,future,1989,1989,1.0
snapshot_sym0_date4_am.csv,label_10,past,1203,1989,0.6048
snapshot_sym0_date4_am.csv,label_20,future,1979,1979,1.0
snapshot_sym0_date4_am.csv,label_20,past,1480,1979,0.7479
snapshot_sym0_date4_am.csv,label_40,future,1959,1959,1.0
snapshot_sym0_date4_am.csv,label_40,past,1113,1959,0.5681
snapshot_sym0_date4_am.csv,label_60,future,1939,1939,1.0
snapshot_sym0_date4_am.csv,label_60,past,846,1939,0.4363
snapshot_sym0_date4_pm.csv,label_5,future,1994,1994,1.0
snapshot_sym0_date4_pm.csv,label_5,past,1876,1994,0.9408
snapshot_sym0_date4_pm.csv,label_10,future,1989,1989,1.0
snapshot_sym0_date4_pm.csv,label_10,past,1695,1989,0.8522
snapshot_sym0_date4_pm.csv,label_20,future,1979,1979,1.0
snapshot_sym0_date4_pm.csv,label_20,past,1947,1979,0.9838
snapshot_sym0_date4_pm.csv,label_40,future,1959,1959,1.0
snapshot_sym0_date4_pm.csv,label_40,past,1813,1959,0.9255
snapshot_sym0_date4_pm.csv,label_60,future,1939,1939,1.0
snapshot_sym0_date4_pm.csv,label_60,past,1610,1939,0.8303
snapshot_sym0_date50_am.csv,label_5,future,1994,1994,1.0
snapshot_sym0_date50_am.csv,label_5,past,1619,1994,0.8119
snapshot_sym0_date50_am.csv,label_10,future,1989,1989,1.0
snapshot_sym0_date50_am.csv,label_10,past,1273,1989,0.64
snapshot_sym0_date50_am.csv,label_20,future,1979,1979,1.0
snapshot_sym0_date50_am.csv,label_20,past,1379,1979,0.6968
snapshot_sym0_date50_am.csv,label_40,future,1959,1959,1.0
snapshot_sym0_date50_am.csv,label_40,past,983,1959,0.5018
snapshot_sym0_date50_am.csv,label_60,future,1939,1939,1.0
snapshot_sym0_date50_am.csv,label_60,past,646,1939,0.3332
snapshot_sym0_date50_pm.csv,label_5,future,1994,1994,1.0
snapshot_sym0_date50_pm.csv,label_5,past,1678,1994,0.8415
snapshot_sym0_date50_pm.csv,label_10,future,1989,1989,1.0
snapshot_sym0_date50_pm.csv,label_10,past,1372,1989,0.6898
snapshot_sym0_date50_pm.csv,label_20,future,1979,1979,1.0
snapshot_sym0_date50_pm.csv,label_20,past,1494,1979,0.7549
snapshot_sym0_date50_pm.csv,label_40,future,1959,1959,1.0
snapshot_sym0_date50_pm.csv,label_40,past,1001,1959,0.511
snapshot_sym0_date50_pm.csv,label_60,future,1939,1939,1.0
snapshot_sym0_date50_pm.csv,label_60,past,712,1939,0.3672
snapshot_sym0_date51_am.csv,label_5,future,1994,1994,1.0
snapshot_sym0_date51_am.csv,label_5,past,1515,1994,0.7598
snapshot_sym0_date51_am.csv,label_10,future,1989,1989,1.0
snapshot_sym0_date51_am.csv,label_10,past,1260,1989,0.6335
snapshot_sym0_date51_am.csv,label_20,future,1979,1979,1.0
snapshot_sym0_date51_am.csv,label_20,past,1282,1979,0.6478
snapshot_sym0_date51_am.csv,label_40,future,1959,1959,1.0
snapshot_sym0_date51_am.csv,label_40,past,897,1959,0.4579
snapshot_sym0_date51_am.csv,label_60,future,1939,1939,1.0
snapshot_sym0_date51_am.csv,label_60,past,697,1939,0.3595
snapshot_sym0_date51_pm.csv,label_5,future,1994,1994,1.0
snapshot_sym0_date51_pm.csv,label_5,past,1856,1994,0.9308
snapshot_sym0_date51_pm.csv,label_10,future,1989,1989,1.0
snapshot_sym0_date51_pm.csv,label_10,past,1652,1989,0.8306
snapshot_sym0_date51_pm.csv,label_20,future,1979,1979,1.0
snapshot_sym0_date51_pm.csv,label_20,past,1668,1979,0.8428
snapshot_sym0_date51_pm.csv,label_40,future,1959,1959,1.0
snapshot_sym0_date51_pm.csv,label_40,past,1299,1959,0.6631
snapshot_sym0_date51_pm.csv,label_60,future,1939,1939,1.0
snapshot_sym0_date51_pm.csv,label_60,past,1006,1939,0.5188
snapshot_sym0_date52_am.csv,label_5,future,1994,1994,1.0
snapshot_sym0_date52_am.csv,label_5,past,1582,1994,0.7934
snapshot_sym0_date52_am.csv,label_10,future,1989,1989,1.0
snapshot_sym0_date52_am.csv,label_10,past,1317,1989,0.6621
snapshot_sym0_date52_am.csv,label_20,future,1979,1979,1.0
snapshot_sym0_date52_am.csv,label_20,past,1350,1979,0.6822
snapshot_sym0_date52_am.csv,label_40,future,1959,1959,1.0
snapshot_sym0_date52_am.csv,label_40,past,899,1959,0.4589
snapshot_sym0_date52_am.csv,label_60,future,1939,1939,1.0
snapshot_sym0_date52_am.csv,label_60,past,699,1939,0.3605
snapshot_sym0_date52_pm.csv,label_5,future,1994,1994,1.0
snapshot_sym0_date52_pm.csv,label_5,past,1797,1994,0.9012
snapshot_sym0_date52_pm.csv,label_10,future,1989,1989,1.0
snapshot_sym0_date52_pm.csv,label_10,past,1553,1989,0.7808
snapshot_sym0_date52_pm.csv,label_20,future,1979,1979,1.0
snapshot_sym0_date52_pm.csv,label_20,past,1653,1979,0.8353
snapshot_sym0_date52_pm.csv,label_40,future,1959,1959,1.0
snapshot_sym0_date52_pm.csv,label_40,past,1184,1959,0.6044
snapshot_sym0_date52_pm.csv,label_60,future,1939,1939,1.0
snapshot_sym0_date52_pm.csv,label_60,past,731,1939,0.377
snapshot_sym0_date53_am.csv,label_5,future,1994,1994,1.0
snapshot_sym0_date53_am.csv,label_5,past,1638,1994,0.8215
snapshot_sym0_date53_am.csv,label_10,future,1989,1989,1.0
snapshot_sym0_date53_am.csv,label_10,past,1304,1989,0.6556
snapshot_sym0_date53_am.csv,label_20,future,1979,1979,1.0
snapshot_sym0_date53_am.csv,label_20,past,1386,1979,0.7004
snapshot_sym0_date53_am.csv,label_40,future,1959,1959,1.0
snapshot_sym0_date53_am.csv,label_40,past,955,1959,0.4875
snapshot_sym0_date53_am.csv,label_60,future,1939,1939,1.0
snapshot_sym0_date53_am.csv,label_60,past,722,1939,0.3724
snapshot_sym0_date53_pm.csv,label_5,future,1994,1994,1.0
snapshot_sym0_date53_pm.csv,label_5,past,1822,1994,0.9137
snapshot_sym0_date53_pm.csv,label_10,future,1989,1989,1.0
snapshot_sym0_date53_pm.csv,label_10,past,1599,1989,0.8039
snapshot_sym0_date53_pm.csv,label_20,future,1979,1979,1.0
snapshot_sym0_date53_pm.csv,label_20,past,1695,1979,0.8565
snapshot_sym0_date53_pm.csv,label_40,future,1959,1959,1.0
snapshot_sym0_date53_pm.csv,label_40,past,1171,1959,0.5978
snapshot_sym0_date53_pm.csv,label_60,future,1939,1939,1.0
snapshot_sym0_date53_pm.csv,label_60,past,932,1939,0.4807
snapshot_sym0_date54_am.csv,label_5,future,1994,1994,1.0
snapshot_sym0_date54_am.csv,label_5,past,1456,1994,0.7302
snapshot_sym0_date54_am.csv,label_10,future,1989,1989,1.0
snapshot_sym0_date54_am.csv,label_10,past,1052,1989,0.5289
snapshot_sym0_date54_am.csv,label_20,future,1979,1979,1.0
snapshot_sym0_date54_am.csv,label_20,past,1115,1979,0.5634
snapshot_sym0_date54_am.csv,label_40,future,1959,1959,1.0
snapshot_sym0_date54_am.csv,label_40,past,697,1959,0.3558
snapshot_sym0_date54_am.csv,label_60,future,1939,1939,1.0
snapshot_sym0_date54_am.csv,label_60,past,531,1939,0.2739
snapshot_sym0_date54_pm.csv,label_5,future,1994,1994,1.0
snapshot_sym0_date54_pm.csv,label_5,past,1545,1994,0.7748
snapshot_sym0_date54_pm.csv,label_10,future,1989,1989,1.0
snapshot_sym0_date54_pm.csv,label_10,past,1256,1989,0.6315
snapshot_sym0_date54_pm.csv,label_20,future,1979,1979,1.0
snapshot_sym0_date54_pm.csv,label_20,past,1317,1979,0.6655
snapshot_sym0_date54_pm.csv,label_40,future,1959,1959,1.0
snapshot_sym0_date54_pm.csv,label_40,past,904,1959,0.4615
snapshot_sym0_date54_pm.csv,label_60,future,1939,1939,1.0
snapshot_sym0_date54_pm.csv,label_60,past,657,1939,0.3388
snapshot_sym0_date55_am.csv,label_5,future,1994,1994,1.0
snapshot_sym0_date55_am.csv,label_5,past,1650,1994,0.8275
snapshot_sym0_date55_am.csv,label_10,future,1989,1989,1.0
snapshot_sym0_date55_am.csv,label_10,past,1262,1989,0.6345
snapshot_sym0_date55_am.csv,label_20,future,1979,1979,1.0
snapshot_sym0_date55_am.csv,label_20,past,1182,1979,0.5973
snapshot_sym0_date55_am.csv,label_40,future,1959,1959,1.0
snapshot_sym0_date55_am.csv,label_40,past,689,1959,0.3517
snapshot_sym0_date55_am.csv,label_60,future,1939,1939,1.0
snapshot_sym0_date55_am.csv,label_60,past,434,1939,0.2238
snapshot_sym0_date55_pm.csv,label_5,future,1994,1994,1.0
snapshot_sym0_date55_pm.csv,label_5,past,1843,1994,0.9243
snapshot_sym0_date55_pm.csv,label_10,future,1989,1989,1.0
snapshot_sym0_date55_pm.csv,label_10,past,1542,1989,0.7753
snapshot_sym0_date55_pm.csv,label_20,future,1979,1979,1.0
snapshot_sym0_date55_pm.csv,label_20,past,1579,1979,0.7979
snapshot_sym0_date55_pm.csv,label_40,future,1959,1959,1.0
snapshot_sym0_date55_pm.csv,label_40,past,950,1959,0.4849
snapshot_sym0_date55_pm.csv,label_60,future,1939,1939,1.0
snapshot_sym0_date55_pm.csv,label_60,past,674,1939,0.3476
snapshot_sym0_date56_am.csv,label_5,future,1994,1994,1.0
snapshot_sym0_date56_am.csv,label_5,past,1362,1994,0.683
snapshot_sym0_date56_am.csv,label_10,future,1989,1989,1.0
snapshot_sym0_date56_am.csv,label_10,past,1012,1989,0.5088
snapshot_sym0_date56_am.csv,label_20,future,1979,1979,1.0
snapshot_sym0_date56_am.csv,label_20,past,996,1979,0.5033
snapshot_sym0_date56_am.csv,label_40,future,1959,1959,1.0
snapshot_sym0_date56_am.csv,label_40,past,547,1959,0.2792
snapshot_sym0_date56_am.csv,label_60,future,1939,1939,1.0
snapshot_sym0_date56_am.csv,label_60,past,487,1939,0.2512
snapshot_sym0_date56_pm.csv,label_5,future,1994,1994,1.0
snapshot_sym0_date56_pm.csv,label_5,past,1701,1994,0.8531
snapshot_sym0_date56_pm.csv,label_10,future,1989,1989,1.0
snapshot_sym0_date56_pm.csv,label_10,past,1384,1989,0.6958
snapshot_sym0_date56_pm.csv,label_20,future,1979,1979,1.0
snapshot_sym0_date56_pm.csv,label_20,past,1495,1979,0.7554
snapshot_sym0_date56_pm.csv,label_40,future,1959,1959,1.0
snapshot_sym0_date56_pm.csv,label_40,past,1088,1959,0.5554
snapshot_sym0_date56_pm.csv,label_60,future,1939,1939,1.0
snapshot_sym0_date56_pm.csv,label_60,past,814,1939,0.4198
snapshot_sym0_date57_am.csv,label_5,future,1994,1994,1.0
snapshot_sym0_date57_am.csv,label_5,past,1429,1994,0.7166
snapshot_sym0_date57_am.csv,label_10,future,1989,1989,1.0
snapshot_sym0_date57_am.csv,label_10,past,1136,1989,0.5711
snapshot_sym0_date57_am.csv,label_20,future,1979,1979,1.0
snapshot_sym0_date57_am.csv,label_20,past,1030,1979,0.5205
snapshot_sym0_date57_am.csv,label_40,future,1959,1959,1.0
snapshot_sym0_date57_am.csv,label_40,past,649,1959,0.3313
snapshot_sym0_date57_am.csv,label_60,future,1939,1939,1.0
snapshot_sym0_date57_am.csv,label_60,past,543,1939,0.28
snapshot_sym0_date57_pm.csv,label_5,future,1994,1994,1.0
snapshot_sym0_date57_pm.csv,label_5,past,1759,1994,0.8821
snapshot_sym0_date57_pm.csv,label_10,future,1989,1989,1.0
snapshot_sym0_date57_pm.csv,label_10,past,1516,1989,0.7622
snapshot_sym0_date57_pm.csv,label_20,future,1979,1979,1.0
snapshot_sym0_date57_pm.csv,label_20,past,1623,1979,0.8201
snapshot_sym0_date57_pm.csv,label_40,future,1959,1959,1.0
snapshot_sym0_date57_pm.csv,label_40,past,1342,1959,0.685
snapshot_sym0_date57_pm.csv,label_60,future,1939,1939,1.0
snapshot_sym0_date57_pm.csv,label_60,past,1137,1939,0.5864
snapshot_sym0_date5_am.csv,label_5,future,1994,1994,1.0
snapshot_sym0_date5_am.csv,label_5,past,1396,1994,0.7001
snapshot_sym0_date5_am.csv,label_10,future,1989,1989,1.0
snapshot_sym0_date5_am.csv,label_10,past,1168,1989,0.5872
snapshot_sym0_date5_am.csv,label_20,future,1979,1979,1.0
snapshot_sym0_date5_am.csv,label_20,past,1358,1979,0.6862
snapshot_sym0_date5_am.csv,label_40,future,1959,1959,1.0
snapshot_sym0_date5_am.csv,label_40,past,873,1959,0.4456
snapshot_sym0_date5_am.csv,label_60,future,1939,1939,1.0
snapshot_sym0_date5_am.csv,label_60,past,752,1939,0.3878
snapshot_sym0_date5_pm.csv,label_5,future,1994,1994,1.0
snapshot_sym0_date5_pm.csv,label_5,past,1656,1994,0.8305
snapshot_sym0_date5_pm.csv,label_10,future,1989,1989,1.0
snapshot_sym0_date5_pm.csv,label_10,past,1396,1989,0.7019
snapshot_sym0_date5_pm.csv,label_20,future,1979,1979,1.0
snapshot_sym0_date5_pm.csv,label_20,past,1688,1979,0.853
snapshot_sym0_date5_pm.csv,label_40,future,1959,1959,1.0
snapshot_sym0_date5_pm.csv,label_40,past,1368,1959,0.6983
snapshot_sym0_date5_pm.csv,label_60,future,1939,1939,1.0
snapshot_sym0_date5_pm.csv,label_60,past,1034,1939,0.5333
snapshot_sym0_date63_am.csv,label_5,future,1994,1994,1.0
snapshot_sym0_date63_am.csv,label_5,past,1994,1994,1.0
snapshot_sym0_date63_am.csv,label_10,future,1989,1989,1.0
snapshot_sym0_date63_am.csv,label_10,past,1989,1989,1.0
snapshot_sym0_date63_am.csv,label_20,future,1979,1979,1.0
snapshot_sym0_date63_am.csv,label_20,past,1979,1979,1.0
snapshot_sym0_date63_am.csv,label_40,future,1959,1959,1.0
snapshot_sym0_date63_am.csv,label_40,past,1959,1959,1.0
snapshot_sym0_date63_am.csv,label_60,future,1939,1939,1.0
snapshot_sym0_date63_am.csv,label_60,past,1939,1939,1.0
snapshot_sym0_date63_pm.csv,label_5,future,1994,1994,1.0
snapshot_sym0_date63_pm.csv,label_5,past,1994,1994,1.0
snapshot_sym0_date63_pm.csv,label_10,future,1989,1989,1.0
snapshot_sym0_date63_pm.csv,label_10,past,1989,1989,1.0
snapshot_sym0_date63_pm.csv,label_20,future,1979,1979,1.0
snapshot_sym0_date63_pm.csv,label_20,past,1979,1979,1.0
snapshot_sym0_date63_pm.csv,label_40,future,1959,1959,1.0
snapshot_sym0_date63_pm.csv,label_40,past,1959,1959,1.0
snapshot_sym0_date63_pm.csv,label_60,future,1939,1939,1.0
snapshot_sym0_date63_pm.csv,label_60,past,1939,1939,1.0
snapshot_sym0_date64_am.csv,label_5,future,1994,1994,1.0
snapshot_sym0_date64_am.csv,label_5,past,1358,1994,0.681
snapshot_sym0_date64_am.csv,label_10,future,1989,1989,1.0
snapshot_sym0_date64_am.csv,label_10,past,1250,1989,0.6285
snapshot_sym0_date64_am.csv,label_20,future,1979,1979,1.0
snapshot_sym0_date64_am.csv,label_20,past,1190,1979,0.6013
snapshot_sym0_date64_am.csv,label_40,future,1959,1959,1.0
snapshot_sym0_date64_am.csv,label_40,past,1004,1959,0.5125
snapshot_sym0_date64_am.csv,label_60,future,1939,1939,1.0
snapshot_sym0_date64_am.csv,label_60,past,906,1939,0.4673
snapshot_sym0_date64_pm.csv,label_5,future,1994,1994,1.0
snapshot_sym0_date64_pm.csv,label_5,past,1821,1994,0.9132
snapshot_sym0_date64_pm.csv,label_10,future,1989,1989,1.0
snapshot_sym0_date64_pm.csv,label_10,past,1710,1989,0.8597
snapshot_sym0_date64_pm.csv,label_20,future,1979,1979,1.0
snapshot_sym0_date64_pm.csv,label_20,past,1694,1979,0.856
snapshot_sym0_date64_pm.csv,label_40,future,1959,1959,1.0
snapshot_sym0_date64_pm.csv,label_40,past,1444,1959,0.7371
snapshot_sym0_date64_pm.csv,label_60,future,1939,1939,1.0
snapshot_sym0_date64_pm.csv,label_60,past,1276,1939,0.6581
snapshot_sym0_date65_am.csv,label_5,future,1994,1994,1.0
snapshot_sym0_date65_am.csv,label_5,past,1177,1994,0.5903
snapshot_sym0_date65_am.csv,label_10,future,1989,1989,1.0
snapshot_sym0_date65_am.csv,label_10,past,991,1989,0.4982
snapshot_sym0_date65_am.csv,label_20,future,1979,1979,1.0
snapshot_sym0_date65_am.csv,label_20,past,764,1979,0.3861
snapshot_sym0_date65_am.csv,label_40,future,1959,1959,1.0
snapshot_sym0_date65_am.csv,label_40,past,673,1959,0.3435
snapshot_sym0_date65_am.csv,label_60,future,1939,1939,1.0
snapshot_sym0_date65_am.csv,label_60,past,729,1939,0.376
snapshot_sym0_date65_pm.csv,label_5,future,1994,1994,1.0
snapshot_sym0_date65_pm.csv,label_5,past,1175,1994,0.5893
snapshot_sym0_date65_pm.csv,label_10,future,1989,1989,1.0
snapshot_sym0_date65_pm.csv,label_10,past,913,1989,0.459
snapshot_sym0_date65_pm.csv,label_20,future,1979,1979,1.0
snapshot_sym0_date65_pm.csv,label_20,past,920,1979,0.4649
snapshot_sym0_date65_pm.csv,label_40,future,1959,1959,1.0
snapshot_sym0_date65_pm.csv,label_40,past,643,1959,0.3282
snapshot_sym0_date65_pm.csv,label_60,future,1939,1939,1.0
snapshot_sym0_date65_pm.csv,label_60,past,452,1939,0.2331
snapshot_sym0_date66_am.csv,label_5,future,1994,1994,1.0
snapshot_sym0_date66_am.csv,label_5,past,1072,1994,0.5376
snapshot_sym0_date66_am.csv,label_10,future,1989,1989,1.0
snapshot_sym0_date66_am.csv,label_10,past,855,1989,0.4299
snapshot_sym0_date66_am.csv,label_20,future,1979,1979,1.0
snapshot_sym0_date66_am.csv,label_20,past,917,1979,0.4634
snapshot_sym0_date66_am.csv,label_40,future,1959,1959,1.0
snapshot_sym0_date66_am.csv,label_40,past,659,1959,0.3364
snapshot_sym0_date66_am.csv,label_60,future,1939,1939,1.0
snapshot_sym0_date66_am.csv,label_60,past,670,1939,0.3455
snapshot_sym0_date66_pm.csv,label_5,future,1994,1994,1.0
snapshot_sym0_date66_pm.csv,label_5,past,1340,1994,0.672
snapshot_sym0_date66_pm.csv,label_10,future,1989,1989,1.0
snapshot_sym0_date66_pm.csv,label_10,past,1117,1989,0.5616
snapshot_sym0_date66_pm.csv,label_20,future,1979,1979,1.0
snapshot_sym0_date66_pm.csv,label_20,past,1108,1979,0.5599
snapshot_sym0_date66_pm.csv,label_40,future,1959,1959,1.0
snapshot_sym0_date66_pm.csv,label_40,past,849,1959,0.4334
snapshot_sym0_date66_pm.csv,label_60,future,1939,1939,1.0
snapshot_sym0_date66_pm.csv,label_60,past,864,1939,0.4456
snapshot_sym0_date67_am.csv,label_5,future,1994,1994,1.0
snapshot_sym0_date67_am.csv,label_5,past,1111,1994,0.5572
snapshot_sym0_date67_am.csv,label_10,future,1989,1989,1.0
snapshot_sym0_date67_am.csv,label_10,past,994,1989,0.4997
snapshot_sym0_date67_am.csv,label_20,future,1979,1979,1.0
snapshot_sym0_date67_am.csv,label_20,past,853,1979,0.431
snapshot_sym0_date67_am.csv,label_40,future,1959,1959,1.0
snapshot_sym0_date67_am.csv,label_40,past,603,1959,0.3078
snapshot_sym0_date67_am.csv,label_60,future,1939,1939,1.0
snapshot_sym0_date67_am.csv,label_60,past,580,1939,0.2991
snapshot_sym0_date67_pm.csv,label_5,future,1994,1994,1.0
snapshot_sym0_date67_pm.csv,label_5,past,1318,1994,0.661
snapshot_sym0_date67_pm.csv,label_10,future,1989,1989,1.0
snapshot_sym0_date67_pm.csv,label_10,past,1008,1989,0.5068
snapshot_sym0_date67_pm.csv,label_20,future,1979,1979,1.0
snapshot_sym0_date67_pm.csv,label_20,past,1016,1979,0.5134
snapshot_sym0_date67_pm.csv,label_40,future,1959,1959,1.0
snapshot_sym0_date67_pm.csv,label_40,past,738,1959,0.3767
snapshot_sym0_date67_pm.csv,label_60,future,1939,1939,1.0
snapshot_sym0_date67_pm.csv,label_60,past,513,1939,0.2646
snapshot_sym0_date68_am.csv,label_5,future,1994,1994,1.0
snapshot_sym0_date68_am.csv,label_5,past,1170,1994,0.5868
snapshot_sym0_date68_am.csv,label_10,future,1989,1989,1.0
snapshot_sym0_date68_am.csv,label_10,past,908,1989,0.4565
snapshot_sym0_date68_am.csv,label_20,future,1979,1979,1.0
snapshot_sym0_date68_am.csv,label_20,past,779,1979,0.3936
snapshot_sym0_date68_am.csv,label_40,future,1959,1959,1.0
snapshot_sym0_date68_am.csv,label_40,past,613,1959,0.3129
snapshot_sym0_date68_am.csv,label_60,future,1939,1939,1.0
snapshot_sym0_date68_am.csv,label_60,past,637,1939,0.3285
snapshot_sym0_date68_pm.csv,label_5,future,1994,1994,1.0
snapshot_sym0_date68_pm.csv,label_5,past,1315,1994,0.6595
snapshot_sym0_date68_pm.csv,label_10,future,1989,1989,1.0
snapshot_sym0_date68_pm.csv,label_10,past,1000,1989,0.5028
snapshot_sym0_date68_pm.csv,label_20,future,1979,1979,1.0
snapshot_sym0_date68_pm.csv,label_20,past,1029,1979,0.52
snapshot_sym0_date68_pm.csv,label_40,future,1959,1959,1.0
snapshot_sym0_date68_pm.csv,label_40,past,691,1959,0.3527
snapshot_sym0_date68_pm.csv,label_60,future,1939,1939,1.0
snapshot_sym0_date68_pm.csv,label_60,past,661,1939,0.3409
snapshot_sym0_date69_am.csv,label_5,future,1994,1994,1.0
snapshot_sym0_date69_am.csv,label_5,past,1220,1994,0.6118
snapshot_sym0_date69_am.csv,label_10,future,1989,1989,1.0
snapshot_sym0_date69_am.csv,label_10,past,988,1989,0.4967
snapshot_sym0_date69_am.csv,label_20,future,1979,1979,1.0
snapshot_sym0_date69_am.csv,label_20,past,883,1979,0.4462
snapshot_sym0_date69_am.csv,label_40,future,1959,1959,1.0
snapshot_sym0_date69_am.csv,label_40,past,701,1959,0.3578
snapshot_sym0_date69_am.csv,label_60,future,1939,1939,1.0
snapshot_sym0_date69_am.csv,label_60,past,599,1939,0.3089
snapshot_sym0_date69_pm.csv,label_5,future,1994,1994,1.0
snapshot_sym0_date69_pm.csv,label_5,past,1156,1994,0.5797
snapshot_sym0_date69_pm.csv,label_10,future,1989,1989,1.0
snapshot_sym0_date69_pm.csv,label_10,past,878,1989,0.4414
snapshot_sym0_date69_pm.csv,label_20,future,1979,1979,1.0
snapshot_sym0_date69_pm.csv,label_20,past,920,1979,0.4649
snapshot_sym0_date69_pm.csv,label_40,future,1959,1959,1.0
snapshot_sym0_date69_pm.csv,label_40,past,616,1959,0.3144
snapshot_sym0_date69_pm.csv,label_60,future,1939,1939,1.0
snapshot_sym0_date69_pm.csv,label_60,past,586,1939,0.3022
snapshot_sym0_date6_am.csv,label_5,future,1994,1994,1.0
snapshot_sym0_date6_am.csv,label_5,past,1355,1994,0.6795
snapshot_sym0_date6_am.csv,label_10,future,1989,1989,1.0
snapshot_sym0_date6_am.csv,label_10,past,1075,1989,0.5405
snapshot_sym0_date6_am.csv,label_20,future,1979,1979,1.0
snapshot_sym0_date6_am.csv,label_20,past,1279,1979,0.6463
snapshot_sym0_date6_am.csv,label_40,future,1959,1959,1.0
snapshot_sym0_date6_am.csv,label_40,past,895,1959,0.4569
snapshot_sym0_date6_am.csv,label_60,future,1939,1939,1.0
snapshot_sym0_date6_am.csv,label_60,past,703,1939,0.3626
snapshot_sym0_date6_pm.csv,label_5,future,1994,1994,1.0
snapshot_sym0_date6_pm.csv,label_5,past,1585,1994,0.7949
snapshot_sym0_date6_pm.csv,label_10,future,1989,1989,1.0
snapshot_sym0_date6_pm.csv,label_10,past,1304,1989,0.6556
snapshot_sym0_date6_pm.csv,label_20,future,1979,1979,1.0
snapshot_sym0_date6_pm.csv,label_20,past,1662,1979,0.8398
snapshot_sym0_date6_pm.csv,label_40,future,1959,1959,1.0
snapshot_sym0_date6_pm.csv,label_40,past,1316,1959,0.6718
snapshot_sym0_date6_pm.csv,label_60,future,1939,1939,1.0
snapshot_sym0_date6_pm.csv,label_60,past,1098,1939,0.5663
snapshot_sym0_date70_am.csv,label_5,future,1994,1994,1.0
snapshot_sym0_date70_am.csv,label_5,past,1317,1994,0.6605
snapshot_sym0_date70_am.csv,label_10,future,1989,1989,1.0
snapshot_sym0_date70_am.csv,label_10,past,1116,1989,0.5611
snapshot_sym0_date70_am.csv,label_20,future,1979,1979,1.0
snapshot_sym0_date70_am.csv,label_20,past,1111,1979,0.5614
snapshot_sym0_date70_am.csv,label_40,future,1959,1959,1.0
snapshot_sym0_date70_am.csv,label_40,past,713,1959,0.364
snapshot_sym0_date70_am.csv,label_60,future,1939,1939,1.0
snapshot_sym0_date70_am.csv,label_60,past,592,1939,0.3053
snapshot_sym0_date70_pm.csv,label_5,future,1994,1994,1.0
snapshot_sym0_date70_pm.csv,label_5,past,1254,1994,0.6289
snapshot_sym0_date70_pm.csv,label_10,future,1989,1989,1.0
snapshot_sym0_date70_pm.csv,label_10,past,949,1989,0.4771
snapshot_sym0_date70_pm.csv,label_20,future,1979,1979,1.0
snapshot_sym0_date70_pm.csv,label_20,past,948,1979,0.479
snapshot_sym0_date70_pm.csv,label_40,future,1959,1959,1.0
snapshot_sym0_date70_pm.csv,label_40,past,675,1959,0.3446
snapshot_sym0_date70_pm.csv,label_60,future,1939,1939,1.0
snapshot_sym0_date70_pm.csv,label_60,past,646,1939,0.3332
snapshot_sym0_date71_am.csv,label_5,future,1994,1994,1.0
snapshot_sym0_date71_am.csv,label_5,past,1059,1994,0.5311
snapshot_sym0_date71_am.csv,label_10,future,1989,1989,1.0
snapshot_sym0_date71_am.csv,label_10,past,988,1989,0.4967
snapshot_sym0_date71_am.csv,label_20,future,1979,1979,1.0
snapshot_sym0_date71_am.csv,label_20,past,860,1979,0.4346
snapshot_sym0_date71_am.csv,label_40,future,1959,1959,1.0
snapshot_sym0_date71_am.csv,label_40,past,599,1959,0.3058
snapshot_sym0_date71_am.csv,label_60,future,1939,1939,1.0
snapshot_sym0_date71_am.csv,label_60,past,629,1939,0.3244
snapshot_sym0_date71_pm.csv,label_5,future,1994,1994,1.0
snapshot_sym0_date71_pm.csv,label_5,past,1268,1994,0.6359
snapshot_sym0_date71_pm.csv,label_10,future,1989,1989,1.0
snapshot_sym0_date71_pm.csv,label_10,past,1098,1989,0.552
snapshot_sym0_date71_pm.csv,label_20,future,1979,1979,1.0
snapshot_sym0_date71_pm.csv,label_20,past,1076,1979,0.5437
snapshot_sym0_date71_pm.csv,label_40,future,1959,1959,1.0
snapshot_sym0_date71_pm.csv,label_40,past,918,1959,0.4686
snapshot_sym0_date71_pm.csv,label_60,future,1939,1939,1.0
snapshot_sym0_date71_pm.csv,label_60,past,918,1939,0.4734
snapshot_sym0_date72_am.csv,label_5,future,1994,1994,1.0
snapshot_sym0_date72_am.csv,label_5,past,1333,1994,0.6685
snapshot_sym0_date72_am.csv,label_10,future,1989,1989,1.0
snapshot_sym0_date72_am.csv,label_10,past,1102,1989,0.554
snapshot_sym0_date72_am.csv,label_20,future,1975,1979,0.998
snapshot_sym0_date72_am.csv,label_20,past,967,1979,0.4886
snapshot_sym0_date72_am.csv,label_40,future,1955,1959,0.998
snapshot_sym0_date72_am.csv,label_40,past,860,1959,0.439
snapshot_sym0_date72_am.csv,label_60,future,1938,1939,0.9995
snapshot_sym0_date72_am.csv,label_60,past,746,1939,0.3847
snapshot_sym0_date72_pm.csv,label_5,future,1994,1994,1.0
snapshot_sym0_date72_pm.csv,label_5,past,1307,1994,0.6555
snapshot_sym0_date72_pm.csv,label_10,future,1989,1989,1.0
snapshot_sym0_date72_pm.csv,label_10,past,1138,1989,0.5721
snapshot_sym0_date72_pm.csv,label_20,future,1978,1979,0.9995
snapshot_sym0_date72_pm.csv,label_20,past,1149,1979,0.5806
snapshot_sym0_date72_pm.csv,label_40,future,1958,1959,0.9995
snapshot_sym0_date72_pm.csv,label_40,past,880,1959,0.4492
snapshot_sym0_date72_pm.csv,label_60,future,1938,1939,0.9995
snapshot_sym0_date72_pm.csv,label_60,past,756,1939,0.3899
snapshot_sym0_date73_am.csv,label_5,future,1994,1994,1.0
snapshot_sym0_date73_am.csv,label_5,past,1307,1994,0.6555
snapshot_sym0_date73_am.csv,label_10,future,1989,1989,1.0
snapshot_sym0_date73_am.csv,label_10,past,1078,1989,0.542
snapshot_sym0_date73_am.csv,label_20,future,1979,1979,1.0
snapshot_sym0_date73_am.csv,label_20,past,953,1979,0.4816
snapshot_sym0_date73_am.csv,label_40,future,1959,1959,1.0
snapshot_sym0_date73_am.csv,label_40,past,789,1959,0.4028
snapshot_sym0_date73_am.csv,label_60,future,1939,1939,1.0
snapshot_sym0_date73_am.csv,label_60,past,748,1939,0.3858
snapshot_sym0_date73_pm.csv,label_5,future,1994,1994,1.0
snapshot_sym0_date73_pm.csv,label_5,past,1476,1994,0.7402
snapshot_sym0_date73_pm.csv,label_10,future,1989,1989,1.0
snapshot_sym0_date73_pm.csv,label_10,past,1200,1989,0.6033
snapshot_sym0_date73_pm.csv,label_20,future,1979,1979,1.0
snapshot_sym0_date73_pm.csv,label_20,past,1130,1979,0.571
snapshot_sym0_date73_pm.csv,label_40,future,1959,1959,1.0
snapshot_sym0_date73_pm.csv,label_40,past,677,1959,0.3456
snapshot_sym0_date73_pm.csv,label_60,future,1939,1939,1.0
snapshot_sym0_date73_pm.csv,label_60,past,689,1939,0.3553
snapshot_sym0_date74_am.csv,label_5,future,1994,1994,1.0
snapshot_sym0_date74_am.csv,label_5,past,1314,1994,0.659
snapshot_sym0_date74_am.csv,label_10,future,1989,1989,1.0
snapshot_sym0_date74_am.csv,label_10,past,1032,1989,0.5189
snapshot_sym0_date74_am.csv,label_20,future,1979,1979,1.0
snapshot_sym0_date74_am.csv,label_20,past,921,1979,0.4654
snapshot_sym0_date74_am.csv,label_40,future,1959,1959,1.0
snapshot_sym0_date74_am.csv,label_40,past,646,1959,0.3298
snapshot_sym0_date74_am.csv,label_60,future,1939,1939,1.0
snapshot_sym0_date74_am.csv,label_60,past,728,1939,0.3755
snapshot_sym0_date74_pm.csv,label_5,future,1994,1994,1.0
snapshot_sym0_date74_pm.csv,label_5,past,1526,1994,0.7653
snapshot_sym0_date74_pm.csv,label_10,future,1989,1989,1.0
snapshot_sym0_date74_pm.csv,label_10,past,1208,1989,0.6073
snapshot_sym0_date74_pm.csv,label_20,future,1979,1979,1.0
snapshot_sym0_date74_pm.csv,label_20,past,1310,1979,0.662
snapshot_sym0_date74_pm.csv,label_40,future,1959,1959,1.0
snapshot_sym0_date74_pm.csv,label_40,past,855,1959,0.4364
snapshot_sym0_date74_pm.csv,label_60,future,1939,1939,1.0
snapshot_sym0_date74_pm.csv,label_60,past,654,1939,0.3373
snapshot_sym0_date75_am.csv,label_5,future,1994,1994,1.0
snapshot_sym0_date75_am.csv,label_5,past,1075,1994,0.5391
snapshot_sym0_date75_am.csv,label_10,future,1989,1989,1.0
snapshot_sym0_date75_am.csv,label_10,past,868,1989,0.4364
snapshot_sym0_date75_am.csv,label_20,future,1979,1979,1.0
snapshot_sym0_date75_am.csv,label_20,past,838,1979,0.4234
snapshot_sym0_date75_am.csv,label_40,future,1959,1959,1.0
snapshot_sym0_date75_am.csv,label_40,past,615,1959,0.3139
snapshot_sym0_date75_am.csv,label_60,future,1939,1939,1.0
snapshot_sym0_date75_am.csv,label_60,past,625,1939,0.3223
snapshot_sym0_date75_pm.csv,label_5,future,1994,1994,1.0
snapshot_sym0_date75_pm.csv,label_5,past,1151,1994,0.5772
snapshot_sym0_date75_pm.csv,label_10,future,1989,1989,1.0
snapshot_sym0_date75_pm.csv,label_10,past,978,1989,0.4917
snapshot_sym0_date75_pm.csv,label_20,future,1979,1979,1.0
snapshot_sym0_date75_pm.csv,label_20,past,872,1979,0.4406
snapshot_sym0_date75_pm.csv,label_40,future,1959,1959,1.0
snapshot_sym0_date75_pm.csv,label_40,past,665,1959,0.3395
snapshot_sym0_date75_pm.csv,label_60,future,1939,1939,1.0
snapshot_sym0_date75_pm.csv,label_60,past,638,1939,0.329
snapshot_sym0_date76_am.csv,label_5,future,1994,1994,1.0
snapshot_sym0_date76_am.csv,label_5,past,1183,1994,0.5933
snapshot_sym0_date76_am.csv,label_10,future,1989,1989,1.0
snapshot_sym0_date76_am.csv,label_10,past,962,1989,0.4837
snapshot_sym0_date76_am.csv,label_20,future,1979,1979,1.0
snapshot_sym0_date76_am.csv,label_20,past,812,1979,0.4103
snapshot_sym0_date76_am.csv,label_40,future,1959,1959,1.0
snapshot_sym0_date76_am.csv,label_40,past,571,1959,0.2915
snapshot_sym0_date76_am.csv,label_60,future,1939,1939,1.0
snapshot_sym0_date76_am.csv,label_60,past,517,1939,0.2666
snapshot_sym0_date76_pm.csv,label_5,future,1994,1994,1.0
snapshot_sym0_date76_pm.csv,label_5,past,1340,1994,0.672
snapshot_sym0_date76_pm.csv,label_10,future,1989,1989,1.0
snapshot_sym0_date76_pm.csv,label_10,past,1015,1989,0.5103
snapshot_sym0_date76_pm.csv,label_20,future,1979,1979,1.0
snapshot_sym0_date76_pm.csv,label_20,past,976,1979,0.4932
snapshot_sym0_date76_pm.csv,label_40,future,1959,1959,1.0
snapshot_sym0_date76_pm.csv,label_40,past,647,1959,0.3303
snapshot_sym0_date76_pm.csv,label_60,future,1939,1939,1.0
snapshot_sym0_date76_pm.csv,label_60,past,624,1939,0.3218
snapshot_sym0_date77_am.csv,label_5,future,1994,1994,1.0
snapshot_sym0_date77_am.csv,label_5,past,1035,1994,0.5191
snapshot_sym0_date77_am.csv,label_10,future,1989,1989,1.0
snapshot_sym0_date77_am.csv,label_10,past,961,1989,0.4832
snapshot_sym0_date77_am.csv,label_20,future,1979,1979,1.0
snapshot_sym0_date77_am.csv,label_20,past,821,1979,0.4149
snapshot_sym0_date77_am.csv,label_40,future,1959,1959,1.0
snapshot_sym0_date77_am.csv,label_40,past,840,1959,0.4288
snapshot_sym0_date77_am.csv,label_60,future,1939,1939,1.0
snapshot_sym0_date77_am.csv,label_60,past,903,1939,0.4657
snapshot_sym0_date77_pm.csv,label_5,future,1994,1994,1.0
snapshot_sym0_date77_pm.csv,label_5,past,1247,1994,0.6254
snapshot_sym0_date77_pm.csv,label_10,future,1989,1989,1.0
snapshot_sym0_date77_pm.csv,label_10,past,1000,1989,0.5028
snapshot_sym0_date77_pm.csv,label_20,future,1979,1979,1.0
snapshot_sym0_date77_pm.csv,label_20,past,1030,1979,0.5205
snapshot_sym0_date77_pm.csv,label_40,future,1959,1959,1.0
snapshot_sym0_date77_pm.csv,label_40,past,687,1959,0.3507
snapshot_sym0_date77_pm.csv,label_60,future,1939,1939,1.0
snapshot_sym0_date77_pm.csv,label_60,past,473,1939,0.2439
snapshot_sym0_date78_am.csv,label_5,future,1994,1994,1.0
snapshot_sym0_date78_am.csv,label_5,past,1002,1994,0.5025
snapshot_sym0_date78_am.csv,label_10,future,1989,1989,1.0
snapshot_sym0_date78_am.csv,label_10,past,921,1989,0.463
snapshot_sym0_date78_am.csv,label_20,future,1979,1979,1.0
snapshot_sym0_date78_am.csv,label_20,past,936,1979,0.473
snapshot_sym0_date78_am.csv,label_40,future,1959,1959,1.0
snapshot_sym0_date78_am.csv,label_40,past,830,1959,0.4237
snapshot_sym0_date78_am.csv,label_60,future,1939,1939,1.0
snapshot_sym0_date78_am.csv,label_60,past,780,1939,0.4023
snapshot_sym0_date78_pm.csv,label_5,future,1994,1994,1.0
snapshot_sym0_date78_pm.csv,label_5,past,1649,1994,0.827
snapshot_sym0_date78_pm.csv,label_10,future,1989,1989,1.0
snapshot_sym0_date78_pm.csv,label_10,past,1298,1989,0.6526
snapshot_sym0_date78_pm.csv,label_20,future,1979,1979,1.0
snapshot_sym0_date78_pm.csv,label_20,past,1615,1979,0.8161
snapshot_sym0_date78_pm.csv,label_40,future,1959,1959,1.0
snapshot_sym0_date78_pm.csv,label_40,past,984,1959,0.5023
snapshot_sym0_date78_pm.csv,label_60,future,1939,1939,1.0
snapshot_sym0_date78_pm.csv,label_60,past,683,1939,0.3522
snapshot_sym0_date7_am.csv,label_5,future,1994,1994,1.0
snapshot_sym0_date7_am.csv,label_5,past,1251,1994,0.6274
snapshot_sym0_date7_am.csv,label_10,future,1989,1989,1.0
snapshot_sym0_date7_am.csv,label_10,past,988,1989,0.4967
snapshot_sym0_date7_am.csv,label_20,future,1979,1979,1.0
snapshot_sym0_date7_am.csv,label_20,past,1276,1979,0.6448
snapshot_sym0_date7_am.csv,label_40,future,1959,1959,1.0
snapshot_sym0_date7_am.csv,label_40,past,1002,1959,0.5115
snapshot_sym0_date7_am.csv,label_60,future,1939,1939,1.0
snapshot_sym0_date7_am.csv,label_60,past,901,1939,0.4647
snapshot_sym0_date7_pm.csv,label_5,future,1994,1994,1.0
snapshot_sym0_date7_pm.csv,label_5,past,1513,1994,0.7588
snapshot_sym0_date7_pm.csv,label_10,future,1989,1989,1.0
snapshot_sym0_date7_pm.csv,label_10,past,1201,1989,0.6038
snapshot_sym0_date7_pm.csv,label_20,future,1979,1979,1.0
snapshot_sym0_date7_pm.csv,label_20,past,1628,1979,0.8226
snapshot_sym0_date7_pm.csv,label_40,future,1959,1959,1.0
snapshot_sym0_date7_pm.csv,label_40,past,1179,1959,0.6018
snapshot_sym0_date7_pm.csv,label_60,future,1939,1939,1.0
snapshot_sym0_date7_pm.csv,label_60,past,930,1939,0.4796
snapshot_sym0_date8_am.csv,label_5,future,1994,1994,1.0
snapshot_sym0_date8_am.csv,label_5,past,1412,1994,0.7081
snapshot_sym0_date8_am.csv,label_10,future,1989,1989,1.0
snapshot_sym0_date8_am.csv,label_10,past,1076,1989,0.541
snapshot_sym0_date8_am.csv,label_20,future,1979,1979,1.0
snapshot_sym0_date8_am.csv,label_20,past,1314,1979,0.664
snapshot_sym0_date8_am.csv,label_40,future,1959,1959,1.0
snapshot_sym0_date8_am.csv,label_40,past,961,1959,0.4906
snapshot_sym0_date8_am.csv,label_60,future,1939,1939,1.0
snapshot_sym0_date8_am.csv,label_60,past,800,1939,0.4126
snapshot_sym0_date8_pm.csv,label_5,future,1994,1994,1.0
snapshot_sym0_date8_pm.csv,label_5,past,1849,1994,0.9273
snapshot_sym0_date8_pm.csv,label_10,future,1989,1989,1.0
snapshot_sym0_date8_pm.csv,label_10,past,1608,1989,0.8084
snapshot_sym0_date8_pm.csv,label_20,future,1979,1979,1.0
snapshot_sym0_date8_pm.csv,label_20,past,1862,1979,0.9409
snapshot_sym0_date8_pm.csv,label_40,future,1959,1959,1.0
snapshot_sym0_date8_pm.csv,label_40,past,1573,1959,0.803
snapshot_sym0_date8_pm.csv,label_60,future,1939,1939,1.0
snapshot_sym0_date8_pm.csv,label_60,past,1282,1939,0.6612
snapshot_sym0_date9_am.csv,label_5,future,1994,1994,1.0
snapshot_sym0_date9_am.csv,label_5,past,1472,1994,0.7382
snapshot_sym0_date9_am.csv,label_10,future,1989,1989,1.0
snapshot_sym0_date9_am.csv,label_10,past,1220,1989,0.6134
snapshot_sym0_date9_am.csv,label_20,future,1979,1979,1.0
snapshot_sym0_date9_am.csv,label_20,past,1433,1979,0.7241
snapshot_sym0_date9_am.csv,label_40,future,1959,1959,1.0
snapshot_sym0_date9_am.csv,label_40,past,1036,1959,0.5288
snapshot_sym0_date9_am.csv,label_60,future,1939,1939,1.0
snapshot_sym0_date9_am.csv,label_60,past,769,1939,0.3966
snapshot_sym0_date9_pm.csv,label_5,future,1994,1994,1.0
snapshot_sym0_date9_pm.csv,label_5,past,1702,1994,0.8536
snapshot_sym0_date9_pm.csv,label_10,future,1989,1989,1.0
snapshot_sym0_date9_pm.csv,label_10,past,1426,1989,0.7169
snapshot_sym0_date9_pm.csv,label_20,future,1979,1979,1.0
snapshot_sym0_date9_pm.csv,label_20,past,1611,1979,0.814
snapshot_sym0_date9_pm.csv,label_40,future,1959,1959,1.0
snapshot_sym0_date9_pm.csv,label_40,past,1058,1959,0.5401
snapshot_sym0_date9_pm.csv,label_60,future,1939,1939,1.0
snapshot_sym0_date9_pm.csv,label_60,past,788,1939,0.4064
snapshot_sym1_date0_am.csv,label_5,future,1994,1994,1.0
snapshot_sym1_date0_am.csv,label_5,past,1856,1994,0.9308
snapshot_sym1_date0_am.csv,label_10,future,1989,1989,1.0
snapshot_sym1_date0_am.csv,label_10,past,1750,1989,0.8798
snapshot_sym1_date0_am.csv,label_20,future,1979,1979,1.0
snapshot_sym1_date0_am.csv,label_20,past,1590,1979,0.8034
snapshot_sym1_date0_am.csv,label_40,future,1959,1959,1.0
snapshot_sym1_date0_am.csv,label_40,past,1415,1959,0.7223
snapshot_sym1_date0_am.csv,label_60,future,1939,1939,1.0
snapshot_sym1_date0_am.csv,label_60,past,1251,1939,0.6452
snapshot_sym1_date0_pm.csv,label_5,future,1994,1994,1.0
snapshot_sym1_date0_pm.csv,label_5,past,1918,1994,0.9619
snapshot_sym1_date0_pm.csv,label_10,future,1989,1989,1.0
snapshot_sym1_date0_pm.csv,label_10,past,1843,1989,0.9266
snapshot_sym1_date0_pm.csv,label_20,future,1979,1979,1.0
snapshot_sym1_date0_pm.csv,label_20,past,1695,1979,0.8565
snapshot_sym1_date0_pm.csv,label_40,future,1959,1959,1.0
snapshot_sym1_date0_pm.csv,label_40,past,1399,1959,0.7141
snapshot_sym1_date0_pm.csv,label_60,future,1939,1939,1.0
snapshot_sym1_date0_pm.csv,label_60,past,1172,1939,0.6044
snapshot_sym1_date10_am.csv,label_5,future,1994,1994,1.0
snapshot_sym1_date10_am.csv,label_5,past,1888,1994,0.9468
snapshot_sym1_date10_am.csv,label_10,future,1989,1989,1.0
snapshot_sym1_date10_am.csv,label_10,past,1803,1989,0.9065
snapshot_sym1_date10_am.csv,label_20,future,1979,1979,1.0
snapshot_sym1_date10_am.csv,label_20,past,1648,1979,0.8327
snapshot_sym1_date10_am.csv,label_40,future,1959,1959,1.0
snapshot_sym1_date10_am.csv,label_40,past,1380,1959,0.7044
snapshot_sym1_date10_am.csv,label_60,future,1939,1939,1.0
snapshot_sym1_date10_am.csv,label_60,past,1140,1939,0.5879
snapshot_sym1_date10_pm.csv,label_5,future,1994,1994,1.0
snapshot_sym1_date10_pm.csv,label_5,past,1878,1994,0.9418
snapshot_sym1_date10_pm.csv,label_10,future,1989,1989,1.0
snapshot_sym1_date10_pm.csv,label_10,past,1785,1989,0.8974
snapshot_sym1_date10_pm.csv,label_20,future,1979,1979,1.0
snapshot_sym1_date10_pm.csv,label_20,past,1629,1979,0.8231
snapshot_sym1_date10_pm.csv,label_40,future,1959,1959,1.0
snapshot_sym1_date10_pm.csv,label_40,past,1409,1959,0.7192
snapshot_sym1_date10_pm.csv,label_60,future,1939,1939,1.0
snapshot_sym1_date10_pm.csv,label_60,past,1252,1939,0.6457
snapshot_sym1_date11_am.csv,label_5,future,1994,1994,1.0
snapshot_sym1_date11_am.csv,label_5,past,1921,1994,0.9634
snapshot_sym1_date11_am.csv,label_10,future,1989,1989,1.0
snapshot_sym1_date11_am.csv,label_10,past,1851,1989,0.9306
snapshot_sym1_date11_am.csv,label_20,future,1979,1979,1.0
snapshot_sym1_date11_am.csv,label_20,past,1740,1979,0.8792
snapshot_sym1_date11_am.csv,label_40,future,1959,1959,1.0
snapshot_sym1_date11_am.csv,label_40,past,1641,1959,0.8377
snapshot_sym1_date11_am.csv,label_60,future,1939,1939,1.0
snapshot_sym1_date11_am.csv,label_60,past,1630,1939,0.8406
snapshot_sym1_date11_pm.csv,label_5,future,1994,1994,1.0
snapshot_sym1_date11_pm.csv,label_5,past,1902,1994,0.9539
snapshot_sym1_date11_pm.csv,label_10,future,1989,1989,1.0
snapshot_sym1_date11_pm.csv,label_10,past,1809,1989,0.9095
snapshot_sym1_date11_pm.csv,label_20,future,1979,1979,1.0
snapshot_sym1_date11_pm.csv,label_20,past,1619,1979,0.8181
snapshot_sym1_date11_pm.csv,label_40,future,1959,1959,1.0
snapshot_sym1_date11_pm.csv,label_40,past,1351,1959,0.6896
snapshot_sym1_date11_pm.csv,label_60,future,1939,1939,1.0
snapshot_sym1_date11_pm.csv,label_60,past,1239,1939,0.639
snapshot_sym1_date12_am.csv,label_5,future,1994,1994,1.0
snapshot_sym1_date12_am.csv,label_5,past,1865,1994,0.9353
snapshot_sym1_date12_am.csv,label_10,future,1989,1989,1.0
snapshot_sym1_date12_am.csv,label_10,past,1768,1989,0.8889
snapshot_sym1_date12_am.csv,label_20,future,1979,1979,1.0
snapshot_sym1_date12_am.csv,label_20,past,1659,1979,0.8383
snapshot_sym1_date12_am.csv,label_40,future,1959,1959,1.0
snapshot_sym1_date12_am.csv,label_40,past,1521,1959,0.7764
snapshot_sym1_date12_am.csv,label_60,future,1939,1939,1.0
snapshot_sym1_date12_am.csv,label_60,past,1324,1939,0.6828
snapshot_sym1_date12_pm.csv,label_5,future,1994,1994,1.0
snapshot_sym1_date12_pm.csv,label_5,past,1904,1994,0.9549
snapshot_sym1_date12_pm.csv,label_10,future,1989,1989,1.0
snapshot_sym1_date12_pm.csv,label_10,past,1812,1989,0.911
snapshot_sym1_date12_pm.csv,label_20,future,1979,1979,1.0
snapshot_sym1_date12_pm.csv,label_20,past,1648,1979,0.8327
snapshot_sym1_date12_pm.csv,label_40,future,1959,1959,1.0
snapshot_sym1_date12_pm.csv,label_40,past,1384,1959,0.7065
snapshot_sym1_date12_pm.csv,label_60,future,1939,1939,1.0
snapshot_sym1_date12_pm.csv,label_60,past,1220,1939,0.6292
snapshot_sym1_date13_am.csv,label_5,future,1994,1994,1.0
snapshot_sym1_date13_am.csv,label_5,past,1848,1994,0.9268
snapshot_sym1_date13_am.csv,label_10,future,1989,1989,1.0
snapshot_sym1_date13_am.csv,label_10,past,1740,1989,0.8748
snapshot_sym1_date13_am.csv,label_20,future,1979,1979,1.0
snapshot_sym1_date13_am.csv,label_20,past,1615,1979,0.8161
snapshot_sym1_date13_am.csv,label_40,future,1959,1959,1.0
snapshot_sym1_date13_am.csv,label_40,past,1409,1959,0.7192
snapshot_sym1_date13_am.csv,label_60,future,1939,1939,1.0
snapshot_sym1_date13_am.csv,label_60,past,1164,1939,0.6003
snapshot_sym1_date13_pm.csv,label_5,future,1994,1994,1.0
snapshot_sym1_date13_pm.csv,label_5,past,1944,1994,0.9749
snapshot_sym1_date13_pm.csv,label_10,future,1989,1989,1.0
snapshot_sym1_date13_pm.csv,label_10,past,1889,1989,0.9497
snapshot_sym1_date13_pm.csv,label_20,future,1979,1979,1.0
snapshot_sym1_date13_pm.csv,label_20,past,1780,1979,0.8994
snapshot_sym1_date13_pm.csv,label_40,future,1959,1959,1.0
snapshot_sym1_date13_pm.csv,label_40,past,1618,1959,0.8259
snapshot_sym1_date13_pm.csv,label_60,future,1939,1939,1.0
snapshot_sym1_date13_pm.csv,label_60,past,1498,1939,0.7726
snapshot_sym1_date14_am.csv,label_5,future,1994,1994,1.0
snapshot_sym1_date14_am.csv,label_5,past,1948,1994,0.9769
snapshot_sym1_date14_am.csv,label_10,future,1989,1989,1.0
snapshot_sym1_date14_am.csv,label_10,past,1918,1989,0.9643
snapshot_sym1_date14_am.csv,label_20,future,1979,1979,1.0
snapshot_sym1_date14_am.csv,label_20,past,1869,1979,0.9444
snapshot_sym1_date14_am.csv,label_40,future,1959,1959,1.0
snapshot_sym1_date14_am.csv,label_40,past,1811,1959,0.9245
snapshot_sym1_date14_am.csv,label_60,future,1939,1939,1.0
snapshot_sym1_date14_am.csv,label_60,past,1768,1939,0.9118
snapshot_sym1_date14_pm.csv,label_5,future,1994,1994,1.0
snapshot_sym1_date14_pm.csv,label_5,past,1954,1994,0.9799
snapshot_sym1_date14_pm.csv,label_10,future,1989,1989,1.0
snapshot_sym1_date14_pm.csv,label_10,past,1909,1989,0.9598
snapshot_sym1_date14_pm.csv,label_20,future,1979,1979,1.0
snapshot_sym1_date14_pm.csv,label_20,past,1819,1979,0.9192
snapshot_sym1_date14_pm.csv,label_40,future,1959,1959,1.0
snapshot_sym1_date14_pm.csv,label_40,past,1639,1959,0.8367
snapshot_sym1_date14_pm.csv,label_60,future,1939,1939,1.0
snapshot_sym1_date14_pm.csv,label_60,past,1443,1939,0.7442
snapshot_sym1_date15_am.csv,label_5,future,1994,1994,1.0
snapshot_sym1_date15_am.csv,label_5,past,1894,1994,0.9498
snapshot_sym1_date15_am.csv,label_10,future,1989,1989,1.0
snapshot_sym1_date15_am.csv,label_10,past,1791,1989,0.9005
snapshot_sym1_date15_am.csv,label_20,future,1979,1979,1.0
snapshot_sym1_date15_am.csv,label_20,past,1612,1979,0.8146
snapshot_sym1_date15_am.csv,label_40,future,1959,1959,1.0
snapshot_sym1_date15_am.csv,label_40,past,1344,1959,0.6861
snapshot_sym1_date15_am.csv,label_60,future,1939,1939,1.0
snapshot_sym1_date15_am.csv,label_60,past,1144,1939,0.59
snapshot_sym1_date15_pm.csv,label_5,future,1994,1994,1.0
snapshot_sym1_date15_pm.csv,label_5,past,1952,1994,0.9789
snapshot_sym1_date15_pm.csv,label_10,future,1989,1989,1.0
snapshot_sym1_date15_pm.csv,label_10,past,1912,1989,0.9613
snapshot_sym1_date15_pm.csv,label_20,future,1979,1979,1.0
snapshot_sym1_date15_pm.csv,label_20,past,1857,1979,0.9384
snapshot_sym1_date15_pm.csv,label_40,future,1959,1959,1.0
snapshot_sym1_date15_pm.csv,label_40,past,1783,1959,0.9102
snapshot_sym1_date15_pm.csv,label_60,future,1939,1939,1.0
snapshot_sym1_date15_pm.csv,label_60,past,1716,1939,0.885
snapshot_sym1_date16_am.csv,label_5,future,1994,1994,1.0
snapshot_sym1_date16_am.csv,label_5,past,1889,1994,0.9473
snapshot_sym1_date16_am.csv,label_10,future,1989,1989,1.0
snapshot_sym1_date16_am.csv,label_10,past,1814,1989,0.912
snapshot_sym1_date16_am.csv,label_20,future,1979,1979,1.0
snapshot_sym1_date16_am.csv,label_20,past,1689,1979,0.8535
snapshot_sym1_date16_am.csv,label_40,future,1959,1959,1.0
snapshot_sym1_date16_am.csv,label_40,past,1434,1959,0.732
snapshot_sym1_date16_am.csv,label_60,future,1939,1939,1.0
snapshot_sym1_date16_am.csv,label_60,past,1222,1939,0.6302
snapshot_sym1_date16_pm.csv,label_5,future,1994,1994,1.0
snapshot_sym1_date16_pm.csv,label_5,past,1994,1994,1.0
snapshot_sym1_date16_pm.csv,label_10,future,1989,1989,1.0
snapshot_sym1_date16_pm.csv,label_10,past,1989,1989,1.0
snapshot_sym1_date16_pm.csv,label_20,future,1979,1979,1.0
snapshot_sym1_date16_pm.csv,label_20,past,1979,1979,1.0
snapshot_sym1_date16_pm.csv,label_40,future,1959,1959,1.0
snapshot_sym1_date16_pm.csv,label_40,past,1959,1959,1.0
snapshot_sym1_date16_pm.csv,label_60,future,1939,1939,1.0
snapshot_sym1_date16_pm.csv,label_60,past,1939,1939,1.0
snapshot_sym1_date17_am.csv,label_5,future,1994,1994,1.0
snapshot_sym1_date17_am.csv,label_5,past,1914,1994,0.9599
snapshot_sym1_date17_am.csv,label_10,future,1989,1989,1.0
snapshot_sym1_date17_am.csv,label_10,past,1829,1989,0.9196
snapshot_sym1_date17_am.csv,label_20,future,1979,1979,1.0
snapshot_sym1_date17_am.csv,label_20,past,1659,1979,0.8383
snapshot_sym1_date17_am.csv,label_40,future,1959,1959,1.0
snapshot_sym1_date17_am.csv,label_40,past,1357,1959,0.6927
snapshot_sym1_date17_am.csv,label_60,future,1939,1939,1.0
snapshot_sym1_date17_am.csv,label_60,past,1194,1939,0.6158
snapshot_sym1_date17_pm.csv,label_5,future,1994,1994,1.0
snapshot_sym1_date17_pm.csv,label_5,past,1900,1994,0.9529
snapshot_sym1_date17_pm.csv,label_10,future,1989,1989,1.0
snapshot_sym1_date17_pm.csv,label_10,past,1843,1989,0.9266
snapshot_sym1_date17_pm.csv,label_20,future,1979,1979,1.0
snapshot_sym1_date17_pm.csv,label_20,past,1729,1979,0.8737
snapshot_sym1_date17_pm.csv,label_40,future,1959,1959,1.0
snapshot_sym1_date17_pm.csv,label_40,past,1570,1959,0.8014
snapshot_sym1_date17_pm.csv,label_60,future,1939,1939,1.0
snapshot_sym1_date17_pm.csv,label_60,past,1448,1939,0.7468
snapshot_sym1_date18_am.csv,label_5,future,1994,1994,1.0
snapshot_sym1_date18_am.csv,label_5,past,1914,1994,0.9599
snapshot_sym1_date18_am.csv,label_10,future,1989,1989,1.0
snapshot_sym1_date18_am.csv,label_10,past,1829,1989,0.9196
snapshot_sym1_date18_am.csv,label_20,future,1979,1979,1.0
snapshot_sym1_date18_am.csv,label_20,past,1659,1979,0.8383
snapshot_sym1_date18_am.csv,label_40,future,1959,1959,1.0
snapshot_sym1_date18_am.csv,label_40,past,1319,1959,0.6733
snapshot_sym1_date18_am.csv,label_60,future,1939,1939,1.0
snapshot_sym1_date18_am.csv,label_60,past,1013,1939,0.5224
snapshot_sym1_date18_pm.csv,label_5,future,1994,1994,1.0
snapshot_sym1_date18_pm.csv,label_5,past,1984,1994,0.995
snapshot_sym1_date18_pm.csv,label_10,future,1989,1989,1.0
snapshot_sym1_date18_pm.csv,label_10,past,1969,1989,0.9899
snapshot_sym1_date18_pm.csv,label_20,future,1979,1979,1.0
snapshot_sym1_date18_pm.csv,label_20,past,1939,1979,0.9798
snapshot_sym1_date18_pm.csv,label_40,future,1959,1959,1.0
snapshot_sym1_date18_pm.csv,label_40,past,1879,1959,0.9592
snapshot_sym1_date18_pm.csv,label_60,future,1939,1939,1.0
snapshot_sym1_date18_pm.csv,label_60,past,1819,1939,0.9381
snapshot_sym1_date19_am.csv,label_5,future,1994,1994,1.0
snapshot_sym1_date19_am.csv,label_5,past,1897,1994,0.9514
snapshot_sym1_date19_am.csv,label_10,future,1989,1989,1.0
snapshot_sym1_date19_am.csv,label_10,past,1822,1989,0.916
snapshot_sym1_date19_am.csv,label_20,future,1979,1979,1.0
snapshot_sym1_date19_am.csv,label_20,past,1678,1979,0.8479
snapshot_sym1_date19_am.csv,label_40,future,1959,1959,1.0
snapshot_sym1_date19_am.csv,label_40,past,1428,1959,0.7289
snapshot_sym1_date19_am.csv,label_60,future,1939,1939,1.0
snapshot_sym1_date19_am.csv,label_60,past,1369,1939,0.706
snapshot_sym1_date19_pm.csv,label_5,future,1994,1994,1.0
snapshot_sym1_date19_pm.csv,label_5,past,1954,1994,0.9799
snapshot_sym1_date19_pm.csv,label_10,future,1989,1989,1.0
snapshot_sym1_date19_pm.csv,label_10,past,1909,1989,0.9598
snapshot_sym1_date19_pm.csv,label_20,future,1979,1979,1.0
snapshot_sym1_date19_pm.csv,label_20,past,1819,1979,0.9192
snapshot_sym1_date19_pm.csv,label_40,future,1959,1959,1.0
snapshot_sym1_date19_pm.csv,label_40,past,1639,1959,0.8367
snapshot_sym1_date19_pm.csv,label_60,future,1939,1939,1.0
snapshot_sym1_date19_pm.csv,label_60,past,1459,1939,0.7524
snapshot_sym1_date1_am.csv,label_5,future,1994,1994,1.0
snapshot_sym1_date1_am.csv,label_5,past,1891,1994,0.9483
snapshot_sym1_date1_am.csv,label_10,future,1989,1989,1.0
snapshot_sym1_date1_am.csv,label_10,past,1797,1989,0.9035
snapshot_sym1_date1_am.csv,label_20,future,1979,1979,1.0
snapshot_sym1_date1_am.csv,label_20,past,1629,1979,0.8231
snapshot_sym1_date1_am.csv,label_40,future,1959,1959,1.0
snapshot_sym1_date1_am.csv,label_40,past,1346,1959,0.6871
snapshot_sym1_date1_am.csv,label_60,future,1939,1939,1.0
snapshot_sym1_date1_am.csv,label_60,past,1236,1939,0.6374
snapshot_sym1_date1_pm.csv,label_5,future,1994,1994,1.0
snapshot_sym1_date1_pm.csv,label_5,past,1945,1994,0.9754
snapshot_sym1_date1_pm.csv,label_10,future,1989,1989,1.0
snapshot_sym1_date1_pm.csv,label_10,past,1903,1989,0.9568
snapshot_sym1_date1_pm.csv,label_20,future,1979,1979,1.0
snapshot_sym1_date1_pm.csv,label_20,past,1819,1979,0.9192
snapshot_sym1_date1_pm.csv,label_40,future,1959,1959,1.0
snapshot_sym1_date1_pm.csv,label_40,past,1685,1959,0.8601
snapshot_sym1_date1_pm.csv,label_60,future,1939,1939,1.0
snapshot_sym1_date1_pm.csv,label_60,past,1597,1939,0.8236
snapshot_sym1_date20_am.csv,label_5,future,1994,1994,1.0
snapshot_sym1_date20_am.csv,label_5,past,1950,1994,0.9779
snapshot_sym1_date20_am.csv,label_10,future,1989,1989,1.0
snapshot_sym1_date20_am.csv,label_10,past,1926,1989,0.9683
snapshot_sym1_date20_am.csv,label_20,future,1979,1979,1.0
snapshot_sym1_date20_am.csv,label_20,past,1890,1979,0.955
snapshot_sym1_date20_am.csv,label_40,future,1959,1959,1.0
snapshot_sym1_date20_am.csv,label_40,past,1822,1959,0.9301
snapshot_sym1_date20_am.csv,label_60,future,1939,1939,1.0
snapshot_sym1_date20_am.csv,label_60,past,1762,1939,0.9087
snapshot_sym1_date20_pm.csv,label_5,future,1994,1994,1.0
snapshot_sym1_date20_pm.csv,label_5,past,1974,1994,0.99
snapshot_sym1_date20_pm.csv,label_10,future,1989,1989,1.0
snapshot_sym1_date20_pm.csv,label_10,past,1949,1989,0.9799
snapshot_sym1_date20_pm.csv,label_20,future,1979,1979,1.0
snapshot_sym1_date20_pm.csv,label_20,past,1899,1979,0.9596
snapshot_sym1_date20_pm.csv,label_40,future,1959,1959,1.0
snapshot_sym1_date20_pm.csv,label_40,past,1799,1959,0.9183
snapshot_sym1_date20_pm.csv,label_60,future,1939,1939,1.0
snapshot_sym1_date20_pm.csv,label_60,past,1699,1939,0.8762
snapshot_sym1_date21_am.csv,label_5,future,1994,1994,1.0
snapshot_sym1_date21_am.csv,label_5,past,1931,1994,0.9684
snapshot_sym1_date21_am.csv,label_10,future,1989,1989,1.0
snapshot_sym1_date21_am.csv,label_10,past,1888,1989,0.9492
snapshot_sym1_date21_am.csv,label_20,future,1979,1979,1.0
snapshot_sym1_date21_am.csv,label_20,past,1813,1979,0.9161
snapshot_sym1_date21_am.csv,label_40,future,1959,1959,1.0
snapshot_sym1_date21_am.csv,label_40,past,1658,1959,0.8464
snapshot_sym1_date21_am.csv,label_60,future,1939,1939,1.0
snapshot_sym1_date21_am.csv,label_60,past,1532,1939,0.7901
snapshot_sym1_date21_pm.csv,label_5,future,1994,1994,1.0
snapshot_sym1_date21_pm.csv,label_5,past,1913,1994,0.9594
snapshot_sym1_date21_pm.csv,label_10,future,1989,1989,1.0
snapshot_sym1_date21_pm.csv,label_10,past,1843,1989,0.9266
snapshot_sym1_date21_pm.csv,label_20,future,1979,1979,1.0
snapshot_sym1_date21_pm.csv,label_20,past,1710,1979,0.8641
snapshot_sym1_date21_pm.csv,label_40,future,1959,1959,1.0
snapshot_sym1_date21_pm.csv,label_40,past,1472,1959,0.7514
snapshot_sym1_date21_pm.csv,label_60,future,1939,1939,1.0
snapshot_sym1_date21_pm.csv,label_60,past,1252,1939,0.6457
snapshot_sym1_date22_am.csv,label_5,future,1994,1994,1.0
snapshot_sym1_date22_am.csv,label_5,past,1828,1994,0.9168
snapshot_sym1_date22_am.csv,label_10,future,1989,1989,1.0
snapshot_sym1_date22_am.csv,label_10,past,1714,1989,0.8617
snapshot_sym1_date22_am.csv,label_20,future,1979,1979,1.0
snapshot_sym1_date22_am.csv,label_20,past,1521,1979,0.7686
snapshot_sym1_date22_am.csv,label_40,future,1959,1959,1.0
snapshot_sym1_date22_am.csv,label_40,past,1231,1959,0.6284
snapshot_sym1_date22_am.csv,label_60,future,1939,1939,1.0
snapshot_sym1_date22_am.csv,label_60,past,985,1939,0.508
snapshot_sym1_date22_pm.csv,label_5,future,1994,1994,1.0
snapshot_sym1_date22_pm.csv,label_5,past,1934,1994,0.9699
snapshot_sym1_date22_pm.csv,label_10,future,1989,1989,1.0
snapshot_sym1_date22_pm.csv,label_10,past,1874,1989,0.9422
snapshot_sym1_date22_pm.csv,label_20,future,1979,1979,1.0
snapshot_sym1_date22_pm.csv,label_20,past,1786,1979,0.9025
snapshot_sym1_date22_pm.csv,label_40,future,1959,1959,1.0
snapshot_sym1_date22_pm.csv,label_40,past,1684,1959,0.8596
snapshot_sym1_date22_pm.csv,label_60,future,1939,1939,1.0
snapshot_sym1_date22_pm.csv,label_60,past,1570,1939,0.8097
snapshot_sym1_date23_am.csv,label_5,future,1994,1994,1.0
snapshot_sym1_date23_am.csv,label_5,past,1838,1994,0.9218
snapshot_sym1_date23_am.csv,label_10,future,1989,1989,1.0
snapshot_sym1_date23_am.csv,label_10,past,1694,1989,0.8517
snapshot_sym1_date23_am.csv,label_20,future,1979,1979,1.0
snapshot_sym1_date23_am.csv,label_20,past,1479,1979,0.7473
snapshot_sym1_date23_am.csv,label_40,future,1959,1959,1.0
snapshot_sym1_date23_am.csv,label_40,past,1197,1959,0.611
snapshot_sym1_date23_am.csv,label_60,future,1939,1939,1.0
snapshot_sym1_date23_am.csv,label_60,past,1105,1939,0.5699
snapshot_sym1_date23_pm.csv,label_5,future,1994,1994,1.0
snapshot_sym1_date23_pm.csv,label_5,past,1904,1994,0.9549
snapshot_sym1_date23_pm.csv,label_10,future,1989,1989,1.0
snapshot_sym1_date23_pm.csv,label_10,past,1831,1989,0.9206
snapshot_sym1_date23_pm.csv,label_20,future,1979,1979,1.0
snapshot_sym1_date23_pm.csv,label_20,past,1683,1979,0.8504
snapshot_sym1_date23_pm.csv,label_40,future,1959,1959,1.0
snapshot_sym1_date23_pm.csv,label_40,past,1383,1959,0.706
snapshot_sym1_date23_pm.csv,label_60,future,1939,1939,1.0
snapshot_sym1_date23_pm.csv,label_60,past,1096,1939,0.5652
snapshot_sym1_date24_am.csv,label_5,future,1994,1994,1.0
snapshot_sym1_date24_am.csv,label_5,past,1346,1994,0.675
snapshot_sym1_date24_am.csv,label_10,future,1989,1989,1.0
snapshot_sym1_date24_am.csv,label_10,past,1166,1989,0.5862
snapshot_sym1_date24_am.csv,label_20,future,1979,1979,1.0
snapshot_sym1_date24_am.csv,label_20,past,899,1979,0.4543
snapshot_sym1_date24_am.csv,label_40,future,1959,1959,1.0
snapshot_sym1_date24_am.csv,label_40,past,800,1959,0.4084
snapshot_sym1_date24_am.csv,label_60,future,1939,1939,1.0
snapshot_sym1_date24_am.csv,label_60,past,734,1939,0.3785
snapshot_sym1_date24_pm.csv,label_5,future,1994,1994,1.0
snapshot_sym1_date24_pm.csv,label_5,past,1902,1994,0.9539
snapshot_sym1_date24_pm.csv,label_10,future,1989,1989,1.0
snapshot_sym1_date24_pm.csv,label_10,past,1825,1989,0.9175
snapshot_sym1_date24_pm.csv,label_20,future,1979,1979,1.0
snapshot_sym1_date24_pm.csv,label_20,past,1689,1979,0.8535
snapshot_sym1_date24_pm.csv,label_40,future,1959,1959,1.0
snapshot_sym1_date24_pm.csv,label_40,past,1551,1959,0.7917
snapshot_sym1_date24_pm.csv,label_60,future,1939,1939,1.0
snapshot_sym1_date24_pm.csv,label_60,past,1463,1939,0.7545
snapshot_sym1_date25_am.csv,label_5,future,1994,1994,1.0
snapshot_sym1_date25_am.csv,label_5,past,1837,1994,0.9213
snapshot_sym1_date25_am.csv,label_10,future,1989,1989,1.0
snapshot_sym1_date25_am.csv,label_10,past,1843,1989,0.9266
snapshot_sym1_date25_am.csv,label_20,future,1979,1979,1.0
snapshot_sym1_date25_am.csv,label_20,past,1827,1979,0.9232
snapshot_sym1_date25_am.csv,label_40,future,1959,1959,1.0
snapshot_sym1_date25_am.csv,label_40,past,1841,1959,0.9398
snapshot_sym1_date25_am.csv,label_60,future,1939,1939,1.0
snapshot_sym1_date25_am.csv,label_60,past,1833,1939,0.9453
snapshot_sym1_date25_pm.csv,label_5,future,1994,1994,1.0
snapshot_sym1_date25_pm.csv,label_5,past,1994,1994,1.0
snapshot_sym1_date25_pm.csv,label_10,future,1989,1989,1.0
snapshot_sym1_date25_pm.csv,label_10,past,1989,1989,1.0
snapshot_sym1_date25_pm.csv,label_20,future,1979,1979,1.0
snapshot_sym1_date25_pm.csv,label_20,past,1979,1979,1.0
snapshot_sym1_date25_pm.csv,label_40,future,1959,1959,1.0
snapshot_sym1_date25_pm.csv,label_40,past,1959,1959,1.0
snapshot_sym1_date25_pm.csv,label_60,future,1939,1939,1.0
snapshot_sym1_date25_pm.csv,label_60,past,1939,1939,1.0
snapshot_sym1_date26_am.csv,label_5,future,1994,1994,1.0
snapshot_sym1_date26_am.csv,label_5,past,1158,1994,0.5807
snapshot_sym1_date26_am.csv,label_10,future,1989,1989,1.0
snapshot_sym1_date26_am.csv,label_10,past,992,1989,0.4987
snapshot_sym1_date26_am.csv,label_20,future,1979,1979,1.0
snapshot_sym1_date26_am.csv,label_20,past,804,1979,0.4063
snapshot_sym1_date26_am.csv,label_40,future,1959,1959,1.0
snapshot_sym1_date26_am.csv,label_40,past,672,1959,0.343
snapshot_sym1_date26_am.csv,label_60,future,1939,1939,1.0
snapshot_sym1_date26_am.csv,label_60,past,712,1939,0.3672
snapshot_sym1_date26_pm.csv,label_5,future,1994,1994,1.0
snapshot_sym1_date26_pm.csv,label_5,past,1334,1994,0.669
snapshot_sym1_date26_pm.csv,label_10,future,1989,1989,1.0
snapshot_sym1_date26_pm.csv,label_10,past,1121,1989,0.5636
snapshot_sym1_date26_pm.csv,label_20,future,1979,1979,1.0
snapshot_sym1_date26_pm.csv,label_20,past,820,1979,0.4144
snapshot_sym1_date26_pm.csv,label_40,future,1959,1959,1.0
snapshot_sym1_date26_pm.csv,label_40,past,701,1959,0.3578
snapshot_sym1_date26_pm.csv,label_60,future,1939,1939,1.0
snapshot_sym1_date26_pm.csv,label_60,past,806,1939,0.4157
snapshot_sym1_date27_am.csv,label_5,future,1994,1994,1.0
snapshot_sym1_date27_am.csv,label_5,past,1301,1994,0.6525
snapshot_sym1_date27_am.csv,label_10,future,1989,1989,1.0
snapshot_sym1_date27_am.csv,label_10,past,1064,1989,0.5349
snapshot_sym1_date27_am.csv,label_20,future,1979,1979,1.0
snapshot_sym1_date27_am.csv,label_20,past,894,1979,0.4517
snapshot_sym1_date27_am.csv,label_40,future,1959,1959,1.0
snapshot_sym1_date27_am.csv,label_40,past,715,1959,0.365
snapshot_sym1_date27_am.csv,label_60,future,1939,1939,1.0
snapshot_sym1_date27_am.csv,label_60,past,692,1939,0.3569
snapshot_sym1_date27_pm.csv,label_5,future,1994,1994,1.0
snapshot_sym1_date27_pm.csv,label_5,past,1428,1994,0.7161
snapshot_sym1_date27_pm.csv,label_10,future,1989,1989,1.0
snapshot_sym1_date27_pm.csv,label_10,past,1219,1989,0.6129
snapshot_sym1_date27_pm.csv,label_20,future,1979,1979,1.0
snapshot_sym1_date27_pm.csv,label_20,past,943,1979,0.4765
snapshot_sym1_date27_pm.csv,label_40,future,1959,1959,1.0
snapshot_sym1_date27_pm.csv,label_40,past,765,1959,0.3905
snapshot_sym1_date27_pm.csv,label_60,future,1939,1939,1.0
snapshot_sym1_date27_pm.csv,label_60,past,586,1939,0.3022
snapshot_sym1_date28_am.csv,label_5,future,1994,1994,1.0
snapshot_sym1_date28_am.csv,label_5,past,1384,1994,0.6941
snapshot_sym1_date28_am.csv,label_10,future,1989,1989,1.0
snapshot_sym1_date28_am.csv,label_10,past,1178,1989,0.5923
snapshot_sym1_date28_am.csv,label_20,future,1979,1979,1.0
snapshot_sym1_date28_am.csv,label_20,past,878,1979,0.4437
snapshot_sym1_date28_am.csv,label_40,future,1959,1959,1.0
snapshot_sym1_date28_am.csv,label_40,past,831,1959,0.4242
snapshot_sym1_date28_am.csv,label_60,future,1939,1939,1.0
snapshot_sym1_date28_am.csv,label_60,past,718,1939,0.3703
snapshot_sym1_date28_pm.csv,label_5,future,1994,1994,1.0
snapshot_sym1_date28_pm.csv,label_5,past,1218,1994,0.6108
snapshot_sym1_date28_pm.csv,label_10,future,1989,1989,1.0
snapshot_sym1_date28_pm.csv,label_10,past,1087,1989,0.5465
snapshot_sym1_date28_pm.csv,label_20,future,1979,1979,1.0
snapshot_sym1_date28_pm.csv,label_20,past,1032,1979,0.5215
snapshot_sym1_date28_pm.csv,label_40,future,1959,1959,1.0
snapshot_sym1_date28_pm.csv,label_40,past,937,1959,0.4783
snapshot_sym1_date28_pm.csv,label_60,future,1939,1939,1.0
snapshot_sym1_date28_pm.csv,label_60,past,908,1939,0.4683
snapshot_sym1_date29_am.csv,label_5,future,1994,1994,1.0
snapshot_sym1_date29_am.csv,label_5,past,1326,1994,0.665
snapshot_sym1_date29_am.csv,label_10,future,1989,1989,1.0
snapshot_sym1_date29_am.csv,label_10,past,1087,1989,0.5465
snapshot_sym1_date29_am.csv,label_20,future,1979,1979,1.0
snapshot_sym1_date29_am.csv,label_20,past,824,1979,0.4164
snapshot_sym1_date29_am.csv,label_40,future,1959,1959,1.0
snapshot_sym1_date29_am.csv,label_40,past,768,1959,0.392
snapshot_sym1_date29_am.csv,label_60,future,1939,1939,1.0
snapshot_sym1_date29_am.csv,label_60,past,685,1939,0.3533
snapshot_sym1_date29_pm.csv,label_5,future,1994,1994,1.0
snapshot_sym1_date29_pm.csv,label_5,past,1359,1994,0.6815
snapshot_sym1_date29_pm.csv,label_10,future,1989,1989,1.0
snapshot_sym1_date29_pm.csv,label_10,past,1075,1989,0.5405
snapshot_sym1_date29_pm.csv,label_20,future,1979,1979,1.0
snapshot_sym1_date29_pm.csv,label_20,past,739,1979,0.3734
snapshot_sym1_date29_pm.csv,label_40,future,1959,1959,1.0
snapshot_sym1_date29_pm.csv,label_40,past,543,1959,0.2772
snapshot_sym1_date29_pm.csv,label_60,future,1939,1939,1.0
snapshot_sym1_date29_pm.csv,label_60,past,575,1939,0.2965
snapshot_sym1_date2_am.csv,label_5,future,1994,1994,1.0
snapshot_sym1_date2_am.csv,label_5,past,1833,1994,0.9193
snapshot_sym1_date2_am.csv,label_10,future,1989,1989,1.0
snapshot_sym1_date2_am.csv,label_10,past,1694,1989,0.8517
snapshot_sym1_date2_am.csv,label_20,future,1979,1979,1.0
snapshot_sym1_date2_am.csv,label_20,past,1444,1979,0.7297
snapshot_sym1_date2_am.csv,label_40,future,1959,1959,1.0
snapshot_sym1_date2_am.csv,label_40,past,1061,1959,0.5416
snapshot_sym1_date2_am.csv,label_60,future,1939,1939,1.0
snapshot_sym1_date2_am.csv,label_60,past,711,1939,0.3667
snapshot_sym1_date2_pm.csv,label_5,future,1994,1994,1.0
snapshot_sym1_date2_pm.csv,label_5,past,1848,1994,0.9268
snapshot_sym1_date2_pm.csv,label_10,future,1989,1989,1.0
snapshot_sym1_date2_pm.csv,label_10,past,1739,1989,0.8743
snapshot_sym1_date2_pm.csv,label_20,future,1979,1979,1.0
snapshot_sym1_date2_pm.csv,label_20,past,1597,1979,0.807
snapshot_sym1_date2_pm.csv,label_40,future,1959,1959,1.0
snapshot_sym1_date2_pm.csv,label_40,past,1436,1959,0.733
snapshot_sym1_date2_pm.csv,label_60,future,1939,1939,1.0
snapshot_sym1_date2_pm.csv,label_60,past,1335,1939,0.6885
snapshot_sym1_date30_am.csv,label_5,future,1994,1994,1.0
snapshot_sym1_date30_am.csv,label_5,past,1037,1994,0.5201
snapshot_sym1_date30_am.csv,label_10,future,1989,1989,1.0
snapshot_sym1_date30_am.csv,label_10,past,918,1989,0.4615
snapshot_sym1_date30_am.csv,label_20,future,1979,1979,1.0
snapshot_sym1_date30_am.csv,label_20,past,722,1979,0.3648
snapshot_sym1_date30_am.csv,label_40,future,1959,1959,1.0
snapshot_sym1_date30_am.csv,label_40,past,667,1959,0.3405
snapshot_sym1_date30_am.csv,label_60,future,1939,1939,1.0
snapshot_sym1_date30_am.csv,label_60,past,742,1939,0.3827
snapshot_sym1_date30_pm.csv,label_5,future,1994,1994,1.0
snapshot_sym1_date30_pm.csv,label_5,past,1321,1994,0.6625
snapshot_sym1_date30_pm.csv,label_10,future,1989,1989,1.0
snapshot_sym1_date30_pm.csv,label_10,past,1046,1989,0.5259
snapshot_sym1_date30_pm.csv,label_20,future,1979,1979,1.0
snapshot_sym1_date30_pm.csv,label_20,past,815,1979,0.4118
snapshot_sym1_date30_pm.csv,label_40,future,1959,1959,1.0
snapshot_sym1_date30_pm.csv,label_40,past,625,1959,0.319
snapshot_sym1_date30_pm.csv,label_60,future,1939,1939,1.0
snapshot_sym1_date30_pm.csv,label_60,past,687,1939,0.3543
snapshot_sym1_date31_am.csv,label_5,future,1994,1994,1.0
snapshot_sym1_date31_am.csv,label_5,past,1361,1994,0.6825
snapshot_sym1_date31_am.csv,label_10,future,1989,1989,1.0
snapshot_sym1_date31_am.csv,label_10,past,1060,1989,0.5329
snapshot_sym1_date31_am.csv,label_20,future,1979,1979,1.0
snapshot_sym1_date31_am.csv,label_20,past,903,1979,0.4563
snapshot_sym1_date31_am.csv,label_40,future,1959,1959,1.0
snapshot_sym1_date31_am.csv,label_40,past,708,1959,0.3614
snapshot_sym1_date31_am.csv,label_60,future,1939,1939,1.0
snapshot_sym1_date31_am.csv,label_60,past,653,1939,0.3368
snapshot_sym1_date31_pm.csv,label_5,future,1994,1994,1.0
snapshot_sym1_date31_pm.csv,label_5,past,1218,1994,0.6108
snapshot_sym1_date31_pm.csv,label_10,future,1989,1989,1.0
snapshot_sym1_date31_pm.csv,label_10,past,939,1989,0.4721
snapshot_sym1_date31_pm.csv,label_20,future,1979,1979,1.0
snapshot_sym1_date31_pm.csv,label_20,past,760,1979,0.384
snapshot_sym1_date31_pm.csv,label_40,future,1959,1959,1.0
snapshot_sym1_date31_pm.csv,label_40,past,739,1959,0.3772
snapshot_sym1_date31_pm.csv,label_60,future,1939,1939,1.0
snapshot_sym1_date31_pm.csv,label_60,past,629,1939,0.3244
snapshot_sym1_date32_am.csv,label_5,future,1994,1994,1.0
snapshot_sym1_date32_am.csv,label_5,past,1497,1994,0.7508
snapshot_sym1_date32_am.csv,label_10,future,1989,1989,1.0
snapshot_sym1_date32_am.csv,label_10,past,1291,1989,0.6491
snapshot_sym1_date32_am.csv,label_20,future,1979,1979,1.0
snapshot_sym1_date32_am.csv,label_20,past,1049,1979,0.5301
snapshot_sym1_date32_am.csv,label_40,future,1959,1959,1.0
snapshot_sym1_date32_am.csv,label_40,past,856,1959,0.437
snapshot_sym1_date32_am.csv,label_60,future,1939,1939,1.0
snapshot_sym1_date32_am.csv,label_60,past,631,1939,0.3254
snapshot_sym1_date32_pm.csv,label_5,future,1994,1994,1.0
snapshot_sym1_date32_pm.csv,label_5,past,1641,1994,0.823
snapshot_sym1_date32_pm.csv,label_10,future,1989,1989,1.0
snapshot_sym1_date32_pm.csv,label_10,past,1387,1989,0.6973
snapshot_sym1_date32_pm.csv,label_20,future,1979,1979,1.0
snapshot_sym1_date32_pm.csv,label_20,past,1021,1979,0.5159
snapshot_sym1_date32_pm.csv,label_40,future,1959,1959,1.0
snapshot_sym1_date32_pm.csv,label_40,past,849,1959,0.4334
snapshot_sym1_date32_pm.csv,label_60,future,1939,1939,1.0
snapshot_sym1_date32_pm.csv,label_60,past,741,1939,0.3822
snapshot_sym1_date33_am.csv,label_5,future,1994,1994,1.0
snapshot_sym1_date33_am.csv,label_5,past,1542,1994,0.7733
snapshot_sym1_date33_am.csv,label_10,future,1989,1989,1.0
snapshot_sym1_date33_am.csv,label_10,past,1479,1989,0.7436
snapshot_sym1_date33_am.csv,label_20,future,1979,1979,1.0
snapshot_sym1_date33_am.csv,label_20,past,1295,1979,0.6544
snapshot_sym1_date33_am.csv,label_40,future,1959,1959,1.0
snapshot_sym1_date33_am.csv,label_40,past,1264,1959,0.6452
snapshot_sym1_date33_am.csv,label_60,future,1939,1939,1.0
snapshot_sym1_date33_am.csv,label_60,past,1185,1939,0.6111
snapshot_sym1_date33_pm.csv,label_5,future,1994,1994,1.0
snapshot_sym1_date33_pm.csv,label_5,past,1994,1994,1.0
snapshot_sym1_date33_pm.csv,label_10,future,1989,1989,1.0
snapshot_sym1_date33_pm.csv,label_10,past,1989,1989,1.0
snapshot_sym1_date33_pm.csv,label_20,future,1979,1979,1.0
snapshot_sym1_date33_pm.csv,label_20,past,1979,1979,1.0
snapshot_sym1_date33_pm.csv,label_40,future,1959,1959,1.0
snapshot_sym1_date33_pm.csv,label_40,past,1959,1959,1.0
snapshot_sym1_date33_pm.csv,label_60,future,1939,1939,1.0
snapshot_sym1_date33_pm.csv,label_60,past,1939,1939,1.0
snapshot_sym1_date34_am.csv,label_5,future,1994,1994,1.0
snapshot_sym1_date34_am.csv,label_5,past,853,1994,0.4278
snapshot_sym1_date34_am.csv,label_10,future,1989,1989,1.0
snapshot_sym1_date34_am.csv,label_10,past,795,1989,0.3997
snapshot_sym1_date34_am.csv,label_20,future,1979,1979,1.0
snapshot_sym1_date34_am.csv,label_20,past,701,1979,0.3542
snapshot_sym1_date34_am.csv,label_40,future,1959,1959,1.0
snapshot_sym1_date34_am.csv,label_40,past,703,1959,0.3589
snapshot_sym1_date34_am.csv,label_60,future,1939,1939,1.0
snapshot_sym1_date34_am.csv,label_60,past,706,1939,0.3641
snapshot_sym1_date34_pm.csv,label_5,future,1994,1994,1.0
snapshot_sym1_date34_pm.csv,label_5,past,1306,1994,0.655
snapshot_sym1_date34_pm.csv,label_10,future,1989,1989,1.0
snapshot_sym1_date34_pm.csv,label_10,past,1257,1989,0.632
snapshot_sym1_date34_pm.csv,label_20,future,1979,1979,1.0
snapshot_sym1_date34_pm.csv,label_20,past,1213,1979,0.6129
snapshot_sym1_date34_pm.csv,label_40,future,1959,1959,1.0
snapshot_sym1_date34_pm.csv,label_40,past,1156,1959,0.5901
snapshot_sym1_date34_pm.csv,label_60,future,1939,1939,1.0
snapshot_sym1_date34_pm.csv,label_60,past,1201,1939,0.6194
snapshot_sym1_date35_am.csv,label_5,future,1994,1994,1.0
snapshot_sym1_date35_am.csv,label_5,past,932,1994,0.4674
snapshot_sym1_date35_am.csv,label_10,future,1989,1989,1.0
snapshot_sym1_date35_am.csv,label_10,past,821,1989,0.4128
snapshot_sym1_date35_am.csv,label_20,future,1979,1979,1.0
snapshot_sym1_date35_am.csv,label_20,past,704,1979,0.3557
snapshot_sym1_date35_am.csv,label_40,future,1959,1959,1.0
snapshot_sym1_date35_am.csv,label_40,past,738,1959,0.3767
snapshot_sym1_date35_am.csv,label_60,future,1939,1939,1.0
snapshot_sym1_date35_am.csv,label_60,past,811,1939,0.4183
snapshot_sym1_date35_pm.csv,label_5,future,1994,1994,1.0
snapshot_sym1_date35_pm.csv,label_5,past,1077,1994,0.5401
snapshot_sym1_date35_pm.csv,label_10,future,1989,1989,1.0
snapshot_sym1_date35_pm.csv,label_10,past,923,1989,0.4641
snapshot_sym1_date35_pm.csv,label_20,future,1979,1979,1.0
snapshot_sym1_date35_pm.csv,label_20,past,828,1979,0.4184
snapshot_sym1_date35_pm.csv,label_40,future,1959,1959,1.0
snapshot_sym1_date35_pm.csv,label_40,past,776,1959,0.3961
snapshot_sym1_date35_pm.csv,label_60,future,1939,1939,1.0
snapshot_sym1_date35_pm.csv,label_60,past,702,1939,0.362
snapshot_sym1_date36_am.csv,label_5,future,1994,1994,1.0
snapshot_sym1_date36_am.csv,label_5,past,1161,1994,0.5822
snapshot_sym1_date36_am.csv,label_10,future,1989,1989,1.0
snapshot_sym1_date36_am.csv,label_10,past,974,1989,0.4897
snapshot_sym1_date36_am.csv,label_20,future,1979,1979,1.0
snapshot_sym1_date36_am.csv,label_20,past,768,1979,0.3881
snapshot_sym1_date36_am.csv,label_40,future,1959,1959,1.0
snapshot_sym1_date36_am.csv,label_40,past,625,1959,0.319
snapshot_sym1_date36_am.csv,label_60,future,1939,1939,1.0
snapshot_sym1_date36_am.csv,label_60,past,624,1939,0.3218
snapshot_sym1_date36_pm.csv,label_5,future,1994,1994,1.0
snapshot_sym1_date36_pm.csv,label_5,past,1502,1994,0.7533
snapshot_sym1_date36_pm.csv,label_10,future,1989,1989,1.0
snapshot_sym1_date36_pm.csv,label_10,past,1223,1989,0.6149
snapshot_sym1_date36_pm.csv,label_20,future,1979,1979,1.0
snapshot_sym1_date36_pm.csv,label_20,past,906,1979,0.4578
snapshot_sym1_date36_pm.csv,label_40,future,1959,1959,1.0
snapshot_sym1_date36_pm.csv,label_40,past,702,1959,0.3583
snapshot_sym1_date36_pm.csv,label_60,future,1939,1939,1.0
snapshot_sym1_date36_pm.csv,label_60,past,505,1939,0.2604
snapshot_sym1_date37_am.csv,label_5,future,1994,1994,1.0
snapshot_sym1_date37_am.csv,label_5,past,1486,1994,0.7452
snapshot_sym1_date37_am.csv,label_10,future,1989,1989,1.0
snapshot_sym1_date37_am.csv,label_10,past,1221,1989,0.6139
snapshot_sym1_date37_am.csv,label_20,future,1979,1979,1.0
snapshot_sym1_date37_am.csv,label_20,past,846,1979,0.4275
snapshot_sym1_date37_am.csv,label_40,future,1959,1959,1.0
snapshot_sym1_date37_am.csv,label_40,past,625,1959,0.319
snapshot_sym1_date37_am.csv,label_60,future,1939,1939,1.0
snapshot_sym1_date37_am.csv,label_60,past,619,1939,0.3192
snapshot_sym1_date37_pm.csv,label_5,future,1994,1994,1.0
snapshot_sym1_date37_pm.csv,label_5,past,1363,1994,0.6836
snapshot_sym1_date37_pm.csv,label_10,future,1989,1989,1.0
snapshot_sym1_date37_pm.csv,label_10,past,1178,1989,0.5923
snapshot_sym1_date37_pm.csv,label_20,future,1979,1979,1.0
snapshot_sym1_date37_pm.csv,label_20,past,1013,1979,0.5119
snapshot_sym1_date37_pm.csv,label_40,future,1959,1959,1.0
snapshot_sym1_date37_pm.csv,label_40,past,874,1959,0.4461
snapshot_sym1_date37_pm.csv,label_60,future,1939,1939,1.0
snapshot_sym1_date37_pm.csv,label_60,past,815,1939,0.4203
snapshot_sym1_date38_am.csv,label_5,future,1994,1994,1.0
snapshot_sym1_date38_am.csv,label_5,past,1175,1994,0.5893
snapshot_sym1_date38_am.csv,label_10,future,1989,1989,1.0
snapshot_sym1_date38_am.csv,label_10,past,921,1989,0.463
snapshot_sym1_date38_am.csv,label_20,future,1979,1979,1.0
snapshot_sym1_date38_am.csv,label_20,past,745,1979,0.3765
snapshot_sym1_date38_am.csv,label_40,future,1959,1959,1.0
snapshot_sym1_date38_am.csv,label_40,past,635,1959,0.3241
snapshot_sym1_date38_am.csv,label_60,future,1939,1939,1.0
snapshot_sym1_date38_am.csv,label_60,past,559,1939,0.2883
snapshot_sym1_date38_pm.csv,label_5,future,1994,1994,1.0
snapshot_sym1_date38_pm.csv,label_5,past,1318,1994,0.661
snapshot_sym1_date38_pm.csv,label_10,future,1989,1989,1.0
snapshot_sym1_date38_pm.csv,label_10,past,1105,1989,0.5556
snapshot_sym1_date38_pm.csv,label_20,future,1979,1979,1.0
snapshot_sym1_date38_pm.csv,label_20,past,862,1979,0.4356
snapshot_sym1_date38_pm.csv,label_40,future,1959,1959,1.0
snapshot_sym1_date38_pm.csv,label_40,past,717,1959,0.366
snapshot_sym1_date38_pm.csv,label_60,future,1939,1939,1.0
snapshot_sym1_date38_pm.csv,label_60,past,772,1939,0.3981
snapshot_sym1_date39_am.csv,label_5,future,1994,1994,1.0
snapshot_sym1_date39_am.csv,label_5,past,1109,1994,0.5562
snapshot_sym1_date39_am.csv,label_10,future,1989,1989,1.0
snapshot_sym1_date39_am.csv,label_10,past,898,1989,0.4515
snapshot_sym1_date39_am.csv,label_20,future,1979,1979,1.0
snapshot_sym1_date39_am.csv,label_20,past,746,1979,0.377
snapshot_sym1_date39_am.csv,label_40,future,1959,1959,1.0
snapshot_sym1_date39_am.csv,label_40,past,675,1959,0.3446
snapshot_sym1_date39_am.csv,label_60,future,1939,1939,1.0
snapshot_sym1_date39_am.csv,label_60,past,658,1939,0.3394
snapshot_sym1_date39_pm.csv,label_5,future,1994,1994,1.0
snapshot_sym1_date39_pm.csv,label_5,past,1508,1994,0.7563
snapshot_sym1_date39_pm.csv,label_10,future,1989,1989,1.0
snapshot_sym1_date39_pm.csv,label_10,past,1236,1989,0.6214
snapshot_sym1_date39_pm.csv,label_20,future,1979,1979,1.0
snapshot_sym1_date39_pm.csv,label_20,past,954,1979,0.4821
snapshot_sym1_date39_pm.csv,label_40,future,1959,1959,1.0
snapshot_sym1_date39_pm.csv,label_40,past,773,1959,0.3946
snapshot_sym1_date39_pm.csv,label_60,future,1939,1939,1.0
snapshot_sym1_date39_pm.csv,label_60,past,751,1939,0.3873
snapshot_sym1_date3_am.csv,label_5,future,1994,1994,1.0
snapshot_sym1_date3_am.csv,label_5,past,1870,1994,0.9378
snapshot_sym1_date3_am.csv,label_10,future,1989,1989,1.0
snapshot_sym1_date3_am.csv,label_10,past,1773,1989,0.8914
snapshot_sym1_date3_am.csv,label_20,future,1979,1979,1.0
snapshot_sym1_date3_am.csv,label_20,past,1620,1979,0.8186
snapshot_sym1_date3_am.csv,label_40,future,1959,1959,1.0
snapshot_sym1_date3_am.csv,label_40,past,1456,1959,0.7432
snapshot_sym1_date3_am.csv,label_60,future,1939,1939,1.0
snapshot_sym1_date3_am.csv,label_60,past,1397,1939,0.7205
snapshot_sym1_date3_pm.csv,label_5,future,1994,1994,1.0
snapshot_sym1_date3_pm.csv,label_5,past,1922,1994,0.9639
snapshot_sym1_date3_pm.csv,label_10,future,1989,1989,1.0
snapshot_sym1_date3_pm.csv,label_10,past,1849,1989,0.9296
snapshot_sym1_date3_pm.csv,label_20,future,1979,1979,1.0
snapshot_sym1_date3_pm.csv,label_20,past,1699,1979,0.8585
snapshot_sym1_date3_pm.csv,label_40,future,1959,1959,1.0
snapshot_sym1_date3_pm.csv,label_40,past,1402,1959,0.7157
snapshot_sym1_date3_pm.csv,label_60,future,1939,1939,1.0
snapshot_sym1_date3_pm.csv,label_60,past,1211,1939,0.6245
snapshot_sym1_date40_am.csv,label_5,future,1994,1994,1.0
snapshot_sym1_date40_am.csv,label_5,past,1567,1994,0.7859
snapshot_sym1_date40_am.csv,label_10,future,1989,1989,1.0
snapshot_sym1_date40_am.csv,label_10,past,1402,1989,0.7049
snapshot_sym1_date40_am.csv,label_20,future,1979,1979,1.0
snapshot_sym1_date40_am.csv,label_20,past,1223,1979,0.618
snapshot_sym1_date40_am.csv,label_40,future,1959,1959,1.0
snapshot_sym1_date40_am.csv,label_40,past,995,1959,0.5079
snapshot_sym1_date40_am.csv,label_60,future,1939,1939,1.0
snapshot_sym1_date40_am.csv,label_60,past,868,1939,0.4477
snapshot_sym1_date40_pm.csv,label_5,future,1994,1994,1.0
snapshot_sym1_date40_pm.csv,label_5,past,1481,1994,0.7427
snapshot_sym1_date40_pm.csv,label_10,future,1989,1989,1.0
snapshot_sym1_date40_pm.csv,label_10,past,1244,1989,0.6254
snapshot_sym1_date40_pm.csv,label_20,future,1979,1979,1.0
snapshot_sym1_date40_pm.csv,label_20,past,1033,1979,0.522
snapshot_sym1_date40_pm.csv,label_40,future,1959,1959,1.0
snapshot_sym1_date40_pm.csv,label_40,past,661,1959,0.3374
snapshot_sym1_date40_pm.csv,label_60,future,1939,1939,1.0
snapshot_sym1_date40_pm.csv,label_60,past,621,1939,0.3203
snapshot_sym1_date41_am.csv,label_5,future,1994,1994,1.0
snapshot_sym1_date41_am.csv,label_5,past,1357,1994,0.6805
snapshot_sym1_date41_am.csv,label_10,future,1989,1989,1.0
snapshot_sym1_date41_am.csv,label_10,past,1111,1989,0.5586
snapshot_sym1_date41_am.csv,label_20,future,1979,1979,1.0
snapshot_sym1_date41_am.csv,label_20,past,879,1979,0.4442
snapshot_sym1_date41_am.csv,label_40,future,1959,1959,1.0
snapshot_sym1_date41_am.csv,label_40,past,654,1959,0.3338
snapshot_sym1_date41_am.csv,label_60,future,1939,1939,1.0
snapshot_sym1_date41_am.csv,label_60,past,596,1939,0.3074
snapshot_sym1_date41_pm.csv,label_5,future,1994,1994,1.0
snapshot_sym1_date41_pm.csv,label_5,past,1493,1994,0.7487
snapshot_sym1_date41_pm.csv,label_10,future,1989,1989,1.0
snapshot_sym1_date41_pm.csv,label_10,past,1269,1989,0.638
snapshot_sym1_date41_pm.csv,label_20,future,1979,1979,1.0
snapshot_sym1_date41_pm.csv,label_20,past,919,1979,0.4644
snapshot_sym1_date41_pm.csv,label_40,future,1959,1959,1.0
snapshot_sym1_date41_pm.csv,label_40,past,746,1959,0.3808
snapshot_sym1_date41_pm.csv,label_60,future,1939,1939,1.0
snapshot_sym1_date41_pm.csv,label_60,past,672,1939,0.3466
snapshot_sym1_date42_pm.csv,label_5,future,1994,1994,1.0
snapshot_sym1_date42_pm.csv,label_5,past,1487,1994,0.7457
snapshot_sym1_date42_pm.csv,label_10,future,1989,1989,1.0
snapshot_sym1_date42_pm.csv,label_10,past,1214,1989,0.6104
snapshot_sym1_date42_pm.csv,label_20,future,1979,1979,1.0
snapshot_sym1_date42_pm.csv,label_20,past,1055,1979,0.5331
snapshot_sym1_date42_pm.csv,label_40,future,1959,1959,1.0
snapshot_sym1_date42_pm.csv,label_40,past,898,1959,0.4584
snapshot_sym1_date42_pm.csv,label_60,future,1939,1939,1.0
snapshot_sym1_date42_pm.csv,label_60,past,781,1939,0.4028
snapshot_sym1_date43_am.csv,label_5,future,1994,1994,1.0
snapshot_sym1_date43_am.csv,label_5,past,1387,1994,0.6956
snapshot_sym1_date43_am.csv,label_10,future,1989,1989,1.0
snapshot_sym1_date43_am.csv,label_10,past,1076,1989,0.541
snapshot_sym1_date43_am.csv,label_20,future,1979,1979,1.0
snapshot_sym1_date43_am.csv,label_20,past,725,1979,0.3663
snapshot_sym1_date43_am.csv,label_40,future,1959,1959,1.0
snapshot_sym1_date43_am.csv,label_40,past,579,1959,0.2956
snapshot_sym1_date43_am.csv,label_60,future,1939,1939,1.0
snapshot_sym1_date43_am.csv,label_60,past,551,1939,0.2842
snapshot_sym1_date43_pm.csv,label_5,future,1994,1994,1.0
snapshot_sym1_date43_pm.csv,label_5,past,1425,1994,0.7146
snapshot_sym1_date43_pm.csv,label_10,future,1989,1989,1.0
snapshot_sym1_date43_pm.csv,label_10,past,1218,1989,0.6124
snapshot_sym1_date43_pm.csv,label_20,future,1979,1979,1.0
snapshot_sym1_date43_pm.csv,label_20,past,969,1979,0.4896
snapshot_sym1_date43_pm.csv,label_40,future,1959,1959,1.0
snapshot_sym1_date43_pm.csv,label_40,past,773,1959,0.3946
snapshot_sym1_date43_pm.csv,label_60,future,1939,1939,1.0
snapshot_sym1_date43_pm.csv,label_60,past,722,1939,0.3724
snapshot_sym1_date44_pm.csv,label_5,future,1994,1994,1.0
snapshot_sym1_date44_pm.csv,label_5,past,1622,1994,0.8134
snapshot_sym1_date44_pm.csv,label_10,future,1989,1989,1.0
snapshot_sym1_date44_pm.csv,label_10,past,1384,1989,0.6958
snapshot_sym1_date44_pm.csv,label_20,future,1979,1979,1.0
snapshot_sym1_date44_pm.csv,label_20,past,975,1979,0.4927
snapshot_sym1_date44_pm.csv,label_40,future,1959,1959,1.0
snapshot_sym1_date44_pm.csv,label_40,past,599,1959,0.3058
snapshot_sym1_date44_pm.csv,label_60,future,1939,1939,1.0
snapshot_sym1_date44_pm.csv,label_60,past,536,1939,0.2764
snapshot_sym1_date45_am.csv,label_5,future,1994,1994,1.0
snapshot_sym1_date45_am.csv,label_5,past,1613,1994,0.8089
snapshot_sym1_date45_am.csv,label_10,future,1989,1989,1.0
snapshot_sym1_date45_am.csv,label_10,past,1440,1989,0.724
snapshot_sym1_date45_am.csv,label_20,future,1979,1979,1.0
snapshot_sym1_date45_am.csv,label_20,past,1170,1979,0.5912
snapshot_sym1_date45_am.csv,label_40,future,1959,1959,1.0
snapshot_sym1_date45_am.csv,label_40,past,745,1959,0.3803
snapshot_sym1_date45_am.csv,label_60,future,1939,1939,1.0
snapshot_sym1_date45_am.csv,label_60,past,520,1939,0.2682
snapshot_sym1_date45_pm.csv,label_5,future,1994,1994,1.0
snapshot_sym1_date45_pm.csv,label_5,past,1634,1994,0.8195
snapshot_sym1_date45_pm.csv,label_10,future,1989,1989,1.0
snapshot_sym1_date45_pm.csv,label_10,past,1422,1989,0.7149
snapshot_sym1_date45_pm.csv,label_20,future,1979,1979,1.0
snapshot_sym1_date45_pm.csv,label_20,past,1191,1979,0.6018
snapshot_sym1_date45_pm.csv,label_40,future,1959,1959,1.0
snapshot_sym1_date45_pm.csv,label_40,past,1024,1959,0.5227
snapshot_sym1_date45_pm.csv,label_60,future,1939,1939,1.0
snapshot_sym1_date45_pm.csv,label_60,past,924,1939,0.4765
snapshot_sym1_date46_am.csv,label_5,future,1994,1994,1.0
snapshot_sym1_date46_am.csv,label_5,past,1261,1994,0.6324
snapshot_sym1_date46_am.csv,label_10,future,1989,1989,1.0
snapshot_sym1_date46_am.csv,label_10,past,925,1989,0.4651
snapshot_sym1_date46_am.csv,label_20,future,1979,1979,1.0
snapshot_sym1_date46_am.csv,label_20,past,837,1979,0.4229
snapshot_sym1_date46_am.csv,label_40,future,1959,1959,1.0
snapshot_sym1_date46_am.csv,label_40,past,753,1959,0.3844
snapshot_sym1_date46_am.csv,label_60,future,1939,1939,1.0
snapshot_sym1_date46_am.csv,label_60,past,480,1939,0.2476
snapshot_sym1_date46_pm.csv,label_5,future,1994,1994,1.0
snapshot_sym1_date46_pm.csv,label_5,past,1727,1994,0.8661
snapshot_sym1_date46_pm.csv,label_10,future,1989,1989,1.0
snapshot_sym1_date46_pm.csv,label_10,past,1507,1989,0.7577
snapshot_sym1_date46_pm.csv,label_20,future,1979,1979,1.0
snapshot_sym1_date46_pm.csv,label_20,past,1218,1979,0.6155
snapshot_sym1_date46_pm.csv,label_40,future,1959,1959,1.0
snapshot_sym1_date46_pm.csv,label_40,past,807,1959,0.4119
snapshot_sym1_date46_pm.csv,label_60,future,1939,1939,1.0
snapshot_sym1_date46_pm.csv,label_60,past,598,1939,0.3084
snapshot_sym1_date47_am.csv,label_5,future,1994,1994,1.0
snapshot_sym1_date47_am.csv,label_5,past,1681,1994,0.843
snapshot_sym1_date47_am.csv,label_10,future,1989,1989,1.0
snapshot_sym1_date47_am.csv,label_10,past,1430,1989,0.719
snapshot_sym1_date47_am.csv,label_20,future,1979,1979,1.0
snapshot_sym1_date47_am.csv,label_20,past,1138,1979,0.575
snapshot_sym1_date47_am.csv,label_40,future,1959,1959,1.0
snapshot_sym1_date47_am.csv,label_40,past,885,1959,0.4518
snapshot_sym1_date47_am.csv,label_60,future,1939,1939,1.0
snapshot_sym1_date47_am.csv,label_60,past,849,1939,0.4379
snapshot_sym1_date47_pm.csv,label_5,future,1994,1994,1.0
snapshot_sym1_date47_pm.csv,label_5,past,1841,1994,0.9233
snapshot_sym1_date47_pm.csv,label_10,future,1989,1989,1.0
snapshot_sym1_date47_pm.csv,label_10,past,1705,1989,0.8572
snapshot_sym1_date47_pm.csv,label_20,future,1979,1979,1.0
snapshot_sym1_date47_pm.csv,label_20,past,1465,1979,0.7403
snapshot_sym1_date47_pm.csv,label_40,future,1959,1959,1.0
snapshot_sym1_date47_pm.csv,label_40,past,1059,1959,0.5406
snapshot_sym1_date47_pm.csv,label_60,future,1939,1939,1.0
snapshot_sym1_date47_pm.csv,label_60,past,723,1939,0.3729
snapshot_sym1_date48_am.csv,label_5,future,1994,1994,1.0
snapshot_sym1_date48_am.csv,label_5,past,1634,1994,0.8195
snapshot_sym1_date48_am.csv,label_10,future,1989,1989,1.0
snapshot_sym1_date48_am.csv,label_10,past,1455,1989,0.7315
snapshot_sym1_date48_am.csv,label_20,future,1979,1979,1.0
snapshot_sym1_date48_am.csv,label_20,past,1212,1979,0.6124
snapshot_sym1_date48_am.csv,label_40,future,1959,1959,1.0
snapshot_sym1_date48_am.csv,label_40,past,828,1959,0.4227
snapshot_sym1_date48_am.csv,label_60,future,1939,1939,1.0
snapshot_sym1_date48_am.csv,label_60,past,652,1939,0.3363
snapshot_sym1_date48_pm.csv,label_5,future,1994,1994,1.0
snapshot_sym1_date48_pm.csv,label_5,past,1420,1994,0.7121
snapshot_sym1_date48_pm.csv,label_10,future,1989,1989,1.0
snapshot_sym1_date48_pm.csv,label_10,past,1214,1989,0.6104
snapshot_sym1_date48_pm.csv,label_20,future,1979,1979,1.0
snapshot_sym1_date48_pm.csv,label_20,past,984,1979,0.4972
snapshot_sym1_date48_pm.csv,label_40,future,1959,1959,1.0
snapshot_sym1_date48_pm.csv,label_40,past,751,1959,0.3834
snapshot_sym1_date48_pm.csv,label_60,future,1939,1939,1.0
snapshot_sym1_date48_pm.csv,label_60,past,574,1939,0.296
snapshot_sym1_date49_am.csv,label_5,future,1994,1994,1.0
snapshot_sym1_date49_am.csv,label_5,past,1460,1994,0.7322
snapshot_sym1_date49_am.csv,label_10,future,1989,1989,1.0
snapshot_sym1_date49_am.csv,label_10,past,1246,1989,0.6264
snapshot_sym1_date49_am.csv,label_20,future,1979,1979,1.0
snapshot_sym1_date49_am.csv,label_20,past,1040,1979,0.5255
snapshot_sym1_date49_am.csv,label_40,future,1959,1959,1.0
snapshot_sym1_date49_am.csv,label_40,past,769,1959,0.3925
snapshot_sym1_date49_am.csv,label_60,future,1939,1939,1.0
snapshot_sym1_date49_am.csv,label_60,past,691,1939,0.3564
snapshot_sym1_date49_pm.csv,label_5,future,1994,1994,1.0
snapshot_sym1_date49_pm.csv,label_5,past,1814,1994,0.9097
snapshot_sym1_date49_pm.csv,label_10,future,1989,1989,1.0
snapshot_sym1_date49_pm.csv,label_10,past,1629,1989,0.819
snapshot_sym1_date49_pm.csv,label_20,future,1979,1979,1.0
snapshot_sym1_date49_pm.csv,label_20,past,1276,1979,0.6448
snapshot_sym1_date49_pm.csv,label_40,future,1959,1959,1.0
snapshot_sym1_date49_pm.csv,label_40,past,845,1959,0.4313
snapshot_sym1_date49_pm.csv,label_60,future,1939,1939,1.0
snapshot_sym1_date49_pm.csv,label_60,past,652,1939,0.3363
snapshot_sym1_date4_am.csv,label_5,future,1994,1994,1.0
snapshot_sym1_date4_am.csv,label_5,past,1713,1994,0.8591
snapshot_sym1_date4_am.csv,label_10,future,1989,1989,1.0
snapshot_sym1_date4_am.csv,label_10,past,1602,1989,0.8054
snapshot_sym1_date4_am.csv,label_20,future,1979,1979,1.0
snapshot_sym1_date4_am.csv,label_20,past,1441,1979,0.7281
snapshot_sym1_date4_am.csv,label_40,future,1959,1959,1.0
snapshot_sym1_date4_am.csv,label_40,past,1157,1959,0.5906
snapshot_sym1_date4_am.csv,label_60,future,1939,1939,1.0
snapshot_sym1_date4_am.csv,label_60,past,922,1939,0.4755
snapshot_sym1_date4_pm.csv,label_5,future,1994,1994,1.0
snapshot_sym1_date4_pm.csv,label_5,past,1984,1994,0.995
snapshot_sym1_date4_pm.csv,label_10,future,1989,1989,1.0
snapshot_sym1_date4_pm.csv,label_10,past,1969,1989,0.9899
snapshot_sym1_date4_pm.csv,label_20,future,1979,1979,1.0
snapshot_sym1_date4_pm.csv,label_20,past,1939,1979,0.9798
snapshot_sym1_date4_pm.csv,label_40,future,1959,1959,1.0
snapshot_sym1_date4_pm.csv,label_40,past,1879,1959,0.9592
snapshot_sym1_date4_pm.csv,label_60,future,1939,1939,1.0
snapshot_sym1_date4_pm.csv,label_60,past,1819,1939,0.9381
snapshot_sym1_date50_am.csv,label_5,future,1994,1994,1.0
snapshot_sym1_date50_am.csv,label_5,past,1625,1994,0.8149
snapshot_sym1_date50_am.csv,label_10,future,1989,1989,1.0
snapshot_sym1_date50_am.csv,label_10,past,1388,1989,0.6978
snapshot_sym1_date50_am.csv,label_20,future,1979,1979,1.0
snapshot_sym1_date50_am.csv,label_20,past,1079,1979,0.5452
snapshot_sym1_date50_am.csv,label_40,future,1959,1959,1.0
snapshot_sym1_date50_am.csv,label_40,past,821,1959,0.4191
snapshot_sym1_date50_am.csv,label_60,future,1939,1939,1.0
snapshot_sym1_date50_am.csv,label_60,past,720,1939,0.3713
snapshot_sym1_date50_pm.csv,label_5,future,1994,1994,1.0
snapshot_sym1_date50_pm.csv,label_5,past,1748,1994,0.8766
snapshot_sym1_date50_pm.csv,label_10,future,1989,1989,1.0
snapshot_sym1_date50_pm.csv,label_10,past,1568,1989,0.7883
snapshot_sym1_date50_pm.csv,label_20,future,1979,1979,1.0
snapshot_sym1_date50_pm.csv,label_20,past,1300,1979,0.6569
snapshot_sym1_date50_pm.csv,label_40,future,1959,1959,1.0
snapshot_sym1_date50_pm.csv,label_40,past,879,1959,0.4487
snapshot_sym1_date50_pm.csv,label_60,future,1939,1939,1.0
snapshot_sym1_date50_pm.csv,label_60,past,631,1939,0.3254
snapshot_sym1_date51_am.csv,label_5,future,1994,1994,1.0
snapshot_sym1_date51_am.csv,label_5,past,1672,1994,0.8385
snapshot_sym1_date51_am.csv,label_10,future,1989,1989,1.0
snapshot_sym1_date51_am.csv,label_10,past,1465,1989,0.7366
snapshot_sym1_date51_am.csv,label_20,future,1979,1979,1.0
snapshot_sym1_date51_am.csv,label_20,past,1228,1979,0.6205
snapshot_sym1_date51_am.csv,label_40,future,1959,1959,1.0
snapshot_sym1_date51_am.csv,label_40,past,887,1959,0.4528
snapshot_sym1_date51_am.csv,label_60,future,1939,1939,1.0
snapshot_sym1_date51_am.csv,label_60,past,797,1939,0.411
snapshot_sym1_date51_pm.csv,label_5,future,1994,1994,1.0
snapshot_sym1_date51_pm.csv,label_5,past,1730,1994,0.8676
snapshot_sym1_date51_pm.csv,label_10,future,1989,1989,1.0
snapshot_sym1_date51_pm.csv,label_10,past,1521,1989,0.7647
snapshot_sym1_date51_pm.csv,label_20,future,1979,1979,1.0
snapshot_sym1_date51_pm.csv,label_20,past,1257,1979,0.6352
snapshot_sym1_date51_pm.csv,label_40,future,1959,1959,1.0
snapshot_sym1_date51_pm.csv,label_40,past,938,1959,0.4788
snapshot_sym1_date51_pm.csv,label_60,future,1939,1939,1.0
snapshot_sym1_date51_pm.csv,label_60,past,700,1939,0.361
snapshot_sym1_date52_am.csv,label_5,future,1994,1994,1.0
snapshot_sym1_date52_am.csv,label_5,past,1577,1994,0.7909
snapshot_sym1_date52_am.csv,label_10,future,1989,1989,1.0
snapshot_sym1_date52_am.csv,label_10,past,1294,1989,0.6506
snapshot_sym1_date52_am.csv,label_20,future,1979,1979,1.0
snapshot_sym1_date52_am.csv,label_20,past,1002,1979,0.5063
snapshot_sym1_date52_am.csv,label_40,future,1959,1959,1.0
snapshot_sym1_date52_am.csv,label_40,past,903,1959,0.4609
snapshot_sym1_date52_am.csv,label_60,future,1939,1939,1.0
snapshot_sym1_date52_am.csv,label_60,past,749,1939,0.3863
snapshot_sym1_date52_pm.csv,label_5,future,1994,1994,1.0
snapshot_sym1_date52_pm.csv,label_5,past,1530,1994,0.7673
snapshot_sym1_date52_pm.csv,label_10,future,1989,1989,1.0
snapshot_sym1_date52_pm.csv,label_10,past,1322,1989,0.6647
snapshot_sym1_date52_pm.csv,label_20,future,1979,1979,1.0
snapshot_sym1_date52_pm.csv,label_20,past,1024,1979,0.5174
snapshot_sym1_date52_pm.csv,label_40,future,1959,1959,1.0
snapshot_sym1_date52_pm.csv,label_40,past,730,1959,0.3726
snapshot_sym1_date52_pm.csv,label_60,future,1939,1939,1.0
snapshot_sym1_date52_pm.csv,label_60,past,615,1939,0.3172
snapshot_sym1_date53_am.csv,label_5,future,1994,1994,1.0
snapshot_sym1_date53_am.csv,label_5,past,1383,1994,0.6936
snapshot_sym1_date53_am.csv,label_10,future,1989,1989,1.0
snapshot_sym1_date53_am.csv,label_10,past,1106,1989,0.5561
snapshot_sym1_date53_am.csv,label_20,future,1979,1979,1.0
snapshot_sym1_date53_am.csv,label_20,past,903,1979,0.4563
snapshot_sym1_date53_am.csv,label_40,future,1959,1959,1.0
snapshot_sym1_date53_am.csv,label_40,past,609,1959,0.3109
snapshot_sym1_date53_am.csv,label_60,future,1939,1939,1.0
snapshot_sym1_date53_am.csv,label_60,past,500,1939,0.2579
snapshot_sym1_date53_pm.csv,label_5,future,1994,1994,1.0
snapshot_sym1_date53_pm.csv,label_5,past,1754,1994,0.8796
snapshot_sym1_date53_pm.csv,label_10,future,1989,1989,1.0
snapshot_sym1_date53_pm.csv,label_10,past,1558,1989,0.7833
snapshot_sym1_date53_pm.csv,label_20,future,1979,1979,1.0
snapshot_sym1_date53_pm.csv,label_20,past,1233,1979,0.623
snapshot_sym1_date53_pm.csv,label_40,future,1959,1959,1.0
snapshot_sym1_date53_pm.csv,label_40,past,1111,1959,0.5671
snapshot_sym1_date53_pm.csv,label_60,future,1939,1939,1.0
snapshot_sym1_date53_pm.csv,label_60,past,742,1939,0.3827
snapshot_sym1_date54_am.csv,label_5,future,1994,1994,1.0
snapshot_sym1_date54_am.csv,label_5,past,1478,1994,0.7412
snapshot_sym1_date54_am.csv,label_10,future,1989,1989,1.0
snapshot_sym1_date54_am.csv,label_10,past,1273,1989,0.64
snapshot_sym1_date54_am.csv,label_20,future,1979,1979,1.0
snapshot_sym1_date54_am.csv,label_20,past,1085,1979,0.5483
snapshot_sym1_date54_am.csv,label_40,future,1959,1959,1.0
snapshot_sym1_date54_am.csv,label_40,past,682,1959,0.3481
snapshot_sym1_date54_am.csv,label_60,future,1939,1939,1.0
snapshot_sym1_date54_am.csv,label_60,past,442,1939,0.228
snapshot_sym1_date54_pm.csv,label_5,future,1994,1994,1.0
snapshot_sym1_date54_pm.csv,label_5,past,1699,1994,0.8521
snapshot_sym1_date54_pm.csv,label_10,future,1989,1989,1.0
snapshot_sym1_date54_pm.csv,label_10,past,1441,1989,0.7245
snapshot_sym1_date54_pm.csv,label_20,future,1979,1979,1.0
snapshot_sym1_date54_pm.csv,label_20,past,1088,1979,0.5498
snapshot_sym1_date54_pm.csv,label_40,future,1959,1959,1.0
snapshot_sym1_date54_pm.csv,label_40,past,875,1959,0.4467
snapshot_sym1_date54_pm.csv,label_60,future,1939,1939,1.0
snapshot_sym1_date54_pm.csv,label_60,past,626,1939,0.3228
snapshot_sym1_date55_am.csv,label_5,future,1994,1994,1.0
snapshot_sym1_date55_am.csv,label_5,past,1523,1994,0.7638
snapshot_sym1_date55_am.csv,label_10,future,1989,1989,1.0
snapshot_sym1_date55_am.csv,label_10,past,1211,1989,0.6088
snapshot_sym1_date55_am.csv,label_20,future,1979,1979,1.0
snapshot_sym1_date55_am.csv,label_20,past,790,1979,0.3992
snapshot_sym1_date55_am.csv,label_40,future,1959,1959,1.0
snapshot_sym1_date55_am.csv,label_40,past,609,1959,0.3109
snapshot_sym1_date55_am.csv,label_60,future,1939,1939,1.0
snapshot_sym1_date55_am.csv,label_60,past,563,1939,0.2904
snapshot_sym1_date55_pm.csv,label_5,future,1994,1994,1.0
snapshot_sym1_date55_pm.csv,label_5,past,1804,1994,0.9047
snapshot_sym1_date55_pm.csv,label_10,future,1989,1989,1.0
snapshot_sym1_date55_pm.csv,label_10,past,1637,1989,0.823
snapshot_sym1_date55_pm.csv,label_20,future,1979,1979,1.0
snapshot_sym1_date55_pm.csv,label_20,past,1339,1979,0.6766
snapshot_sym1_date55_pm.csv,label_40,future,1959,1959,1.0
snapshot_sym1_date55_pm.csv,label_40,past,920,1959,0.4696
snapshot_sym1_date55_pm.csv,label_60,future,1939,1939,1.0
snapshot_sym1_date55_pm.csv,label_60,past,858,1939,0.4425
snapshot_sym1_date56_am.csv,label_5,future,1994,1994,1.0
snapshot_sym1_date56_am.csv,label_5,past,1530,1994,0.7673
snapshot_sym1_date56_am.csv,label_10,future,1989,1989,1.0
snapshot_sym1_date56_am.csv,label_10,past,1265,1989,0.636
snapshot_sym1_date56_am.csv,label_20,future,1979,1979,1.0
snapshot_sym1_date56_am.csv,label_20,past,909,1979,0.4593
snapshot_sym1_date56_am.csv,label_40,future,1959,1959,1.0
snapshot_sym1_date56_am.csv,label_40,past,788,1959,0.4022
snapshot_sym1_date56_am.csv,label_60,future,1939,1939,1.0
snapshot_sym1_date56_am.csv,label_60,past,563,1939,0.2904
snapshot_sym1_date56_pm.csv,label_5,future,1994,1994,1.0
snapshot_sym1_date56_pm.csv,label_5,past,1764,1994,0.8847
snapshot_sym1_date56_pm.csv,label_10,future,1989,1989,1.0
snapshot_sym1_date56_pm.csv,label_10,past,1600,1989,0.8044
snapshot_sym1_date56_pm.csv,label_20,future,1979,1979,1.0
snapshot_sym1_date56_pm.csv,label_20,past,1366,1979,0.6902
snapshot_sym1_date56_pm.csv,label_40,future,1959,1959,1.0
snapshot_sym1_date56_pm.csv,label_40,past,1034,1959,0.5278
snapshot_sym1_date56_pm.csv,label_60,future,1939,1939,1.0
snapshot_sym1_date56_pm.csv,label_60,past,747,1939,0.3853
snapshot_sym1_date57_am.csv,label_5,future,1994,1994,1.0
snapshot_sym1_date57_am.csv,label_5,past,1520,1994,0.7623
snapshot_sym1_date57_am.csv,label_10,future,1989,1989,1.0
snapshot_sym1_date57_am.csv,label_10,past,1273,1989,0.64
snapshot_sym1_date57_am.csv,label_20,future,1979,1979,1.0
snapshot_sym1_date57_am.csv,label_20,past,974,1979,0.4922
snapshot_sym1_date57_am.csv,label_40,future,1959,1959,1.0
snapshot_sym1_date57_am.csv,label_40,past,521,1959,0.266
snapshot_sym1_date57_am.csv,label_60,future,1939,1939,1.0
snapshot_sym1_date57_am.csv,label_60,past,543,1939,0.28
snapshot_sym1_date57_pm.csv,label_5,future,1994,1994,1.0
snapshot_sym1_date57_pm.csv,label_5,past,1723,1994,0.8641
snapshot_sym1_date57_pm.csv,label_10,future,1989,1989,1.0
snapshot_sym1_date57_pm.csv,label_10,past,1533,1989,0.7707
snapshot_sym1_date57_pm.csv,label_20,future,1979,1979,1.0
snapshot_sym1_date57_pm.csv,label_20,past,1284,1979,0.6488
snapshot_sym1_date57_pm.csv,label_40,future,1959,1959,1.0
snapshot_sym1_date57_pm.csv,label_40,past,886,1959,0.4523
snapshot_sym1_date57_pm.csv,label_60,future,1939,1939,1.0
snapshot_sym1_date57_pm.csv,label_60,past,567,1939,0.2924
snapshot_sym1_date58_am.csv,label_5,future,1994,1994,1.0
snapshot_sym1_date58_am.csv,label_5,past,1679,1994,0.842
snapshot_sym1_date58_am.csv,label_10,future,1989,1989,1.0
snapshot_sym1_date58_am.csv,label_10,past,1453,1989,0.7305
snapshot_sym1_date58_am.csv,label_20,future,1979,1979,1.0
snapshot_sym1_date58_am.csv,label_20,past,1158,1979,0.5851
snapshot_sym1_date58_am.csv,label_40,future,1959,1959,1.0
snapshot_sym1_date58_am.csv,label_40,past,743,1959,0.3793
snapshot_sym1_date58_am.csv,label_60,future,1939,1939,1.0
snapshot_sym1_date58_am.csv,label_60,past,678,1939,0.3497
snapshot_sym1_date58_pm.csv,label_5,future,1994,1994,1.0
snapshot_sym1_date58_pm.csv,label_5,past,1776,1994,0.8907
snapshot_sym1_date58_pm.csv,label_10,future,1989,1989,1.0
snapshot_sym1_date58_pm.csv,label_10,past,1632,1989,0.8205
snapshot_sym1_date58_pm.csv,label_20,future,1979,1979,1.0
snapshot_sym1_date58_pm.csv,label_20,past,1385,1979,0.6998
snapshot_sym1_date58_pm.csv,label_40,future,1959,1959,1.0
snapshot_sym1_date58_pm.csv,label_40,past,1103,1959,0.563
snapshot_sym1_date58_pm.csv,label_60,future,1939,1939,1.0
snapshot_sym1_date58_pm.csv,label_60,past,908,1939,0.4683
snapshot_sym1_date59_am.csv,label_5,future,1994,1994,1.0
snapshot_sym1_date59_am.csv,label_5,past,1793,1994,0.8992
snapshot_sym1_date59_am.csv,label_10,future,1989,1989,1.0
snapshot_sym1_date59_am.csv,label_10,past,1656,1989,0.8326
snapshot_sym1_date59_am.csv,label_20,future,1979,1979,1.0
snapshot_sym1_date59_am.csv,label_20,past,1401,1979,0.7079
snapshot_sym1_date59_am.csv,label_40,future,1959,1959,1.0
snapshot_sym1_date59_am.csv,label_40,past,993,1959,0.5069
snapshot_sym1_date59_am.csv,label_60,future,1939,1939,1.0
snapshot_sym1_date59_am.csv,label_60,past,705,1939,0.3636
snapshot_sym1_date59_pm.csv,label_5,future,1994,1994,1.0
snapshot_sym1_date59_pm.csv,label_5,past,1827,1994,0.9162
snapshot_sym1_date59_pm.csv,label_10,future,1989,1989,1.0
snapshot_sym1_date59_pm.csv,label_10,past,1668,1989,0.8386
snapshot_sym1_date59_pm.csv,label_20,future,1979,1979,1.0
snapshot_sym1_date59_pm.csv,label_20,past,1359,1979,0.6867
snapshot_sym1_date59_pm.csv,label_40,future,1959,1959,1.0
snapshot_sym1_date59_pm.csv,label_40,past,863,1959,0.4405
snapshot_sym1_date59_pm.csv,label_60,future,1939,1939,1.0
snapshot_sym1_date59_pm.csv,label_60,past,598,1939,0.3084
snapshot_sym1_date5_am.csv,label_5,future,1994,1994,1.0
snapshot_sym1_date5_am.csv,label_5,past,1816,1994,0.9107
snapshot_sym1_date5_am.csv,label_10,future,1989,1989,1.0
snapshot_sym1_date5_am.csv,label_10,past,1651,1989,0.8301
snapshot_sym1_date5_am.csv,label_20,future,1979,1979,1.0
snapshot_sym1_date5_am.csv,label_20,past,1376,1979,0.6953
snapshot_sym1_date5_am.csv,label_40,future,1959,1959,1.0
snapshot_sym1_date5_am.csv,label_40,past,1077,1959,0.5498
snapshot_sym1_date5_am.csv,label_60,future,1939,1939,1.0
snapshot_sym1_date5_am.csv,label_60,past,905,1939,0.4667
snapshot_sym1_date5_pm.csv,label_5,future,1994,1994,1.0
snapshot_sym1_date5_pm.csv,label_5,past,1951,1994,0.9784
snapshot_sym1_date5_pm.csv,label_10,future,1989,1989,1.0
snapshot_sym1_date5_pm.csv,label_10,past,1913,1989,0.9618
snapshot_sym1_date5_pm.csv,label_20,future,1979,1979,1.0
snapshot_sym1_date5_pm.csv,label_20,past,1841,1979,0.9303
snapshot_sym1_date5_pm.csv,label_40,future,1959,1959,1.0
snapshot_sym1_date5_pm.csv,label_40,past,1695,1959,0.8652
snapshot_sym1_date5_pm.csv,label_60,future,1939,1939,1.0
snapshot_sym1_date5_pm.csv,label_60,past,1541,1939,0.7947
snapshot_sym1_date60_am.csv,label_5,future,1994,1994,1.0
snapshot_sym1_date60_am.csv,label_5,past,1761,1994,0.8831
snapshot_sym1_date60_am.csv,label_10,future,1989,1989,1.0
snapshot_sym1_date60_am.csv,label_10,past,1594,1989,0.8014
snapshot_sym1_date60_am.csv,label_20,future,1979,1979,1.0
snapshot_sym1_date60_am.csv,label_20,past,1354,1979,0.6842
snapshot_sym1_date60_am.csv,label_40,future,1959,1959,1.0
snapshot_sym1_date60_am.csv,label_40,past,925,1959,0.4722
snapshot_sym1_date60_am.csv,label_60,future,1939,1939,1.0
snapshot_sym1_date60_am.csv,label_60,past,615,1939,0.3172
snapshot_sym1_date60_pm.csv,label_5,future,1994,1994,1.0
snapshot_sym1_date60_pm.csv,label_5,past,1812,1994,0.9087
snapshot_sym1_date60_pm.csv,label_10,future,1989,1989,1.0
snapshot_sym1_date60_pm.csv,label_10,past,1668,1989,0.8386
snapshot_sym1_date60_pm.csv,label_20,future,1979,1979,1.0
snapshot_sym1_date60_pm.csv,label_20,past,1389,1979,0.7019
snapshot_sym1_date60_pm.csv,label_40,future,1959,1959,1.0
snapshot_sym1_date60_pm.csv,label_40,past,923,1959,0.4712
snapshot_sym1_date60_pm.csv,label_60,future,1939,1939,1.0
snapshot_sym1_date60_pm.csv,label_60,past,614,1939,0.3167
snapshot_sym1_date61_am.csv,label_5,future,1994,1994,1.0
snapshot_sym1_date61_am.csv,label_5,past,1731,1994,0.8681
snapshot_sym1_date61_am.csv,label_10,future,1989,1989,1.0
snapshot_sym1_date61_am.csv,label_10,past,1545,1989,0.7768
snapshot_sym1_date61_am.csv,label_20,future,1979,1979,1.0
snapshot_sym1_date61_am.csv,label_20,past,1265,1979,0.6392
snapshot_sym1_date61_am.csv,label_40,future,1959,1959,1.0
snapshot_sym1_date61_am.csv,label_40,past,838,1959,0.4278
snapshot_sym1_date61_am.csv,label_60,future,1939,1939,1.0
snapshot_sym1_date61_am.csv,label_60,past,645,1939,0.3326
snapshot_sym1_date61_pm.csv,label_5,future,1994,1994,1.0
snapshot_sym1_date61_pm.csv,label_5,past,1819,1994,0.9122
snapshot_sym1_date61_pm.csv,label_10,future,1989,1989,1.0
snapshot_sym1_date61_pm.csv,label_10,past,1678,1989,0.8436
snapshot_sym1_date61_pm.csv,label_20,future,1979,1979,1.0
snapshot_sym1_date61_pm.csv,label_20,past,1479,1979,0.7473
snapshot_sym1_date61_pm.csv,label_40,future,1959,1959,1.0
snapshot_sym1_date61_pm.csv,label_40,past,1217,1959,0.6212
snapshot_sym1_date61_pm.csv,label_60,future,1939,1939,1.0
snapshot_sym1_date61_pm.csv,label_60,past,1020,1939,0.526
snapshot_sym1_date62_am.csv,label_5,future,1994,1994,1.0
snapshot_sym1_date62_am.csv,label_5,past,1755,1994,0.8801
snapshot_sym1_date62_am.csv,label_10,future,1989,1989,1.0
snapshot_sym1_date62_am.csv,label_10,past,1581,1989,0.7949
snapshot_sym1_date62_am.csv,label_20,future,1979,1979,1.0
snapshot_sym1_date62_am.csv,label_20,past,1318,1979,0.666
snapshot_sym1_date62_am.csv,label_40,future,1959,1959,1.0
snapshot_sym1_date62_am.csv,label_40,past,1047,1959,0.5345
snapshot_sym1_date62_am.csv,label_60,future,1939,1939,1.0
snapshot_sym1_date62_am.csv,label_60,past,887,1939,0.4575
snapshot_sym1_date62_pm.csv,label_5,future,1994,1994,1.0
snapshot_sym1_date62_pm.csv,label_5,past,1709,1994,0.8571
snapshot_sym1_date62_pm.csv,label_10,future,1989,1989,1.0
snapshot_sym1_date62_pm.csv,label_10,past,1575,1989,0.7919
snapshot_sym1_date62_pm.csv,label_20,future,1979,1979,1.0
snapshot_sym1_date62_pm.csv,label_20,past,1365,1979,0.6897
snapshot_sym1_date62_pm.csv,label_40,future,1959,1959,1.0
snapshot_sym1_date62_pm.csv,label_40,past,1041,1959,0.5314
snapshot_sym1_date62_pm.csv,label_60,future,1939,1939,1.0
snapshot_sym1_date62_pm.csv,label_60,past,725,1939,0.3739
snapshot_sym1_date63_am.csv,label_5,future,1994,1994,1.0
snapshot_sym1_date63_am.csv,label_5,past,1787,1994,0.8962
snapshot_sym1_date63_am.csv,label_10,future,1989,1989,1.0
snapshot_sym1_date63_am.csv,label_10,past,1634,1989,0.8215
snapshot_sym1_date63_am.csv,label_20,future,1979,1979,1.0
snapshot_sym1_date63_am.csv,label_20,past,1385,1979,0.6998
snapshot_sym1_date63_am.csv,label_40,future,1959,1959,1.0
snapshot_sym1_date63_am.csv,label_40,past,1059,1959,0.5406
snapshot_sym1_date63_am.csv,label_60,future,1939,1939,1.0
snapshot_sym1_date63_am.csv,label_60,past,915,1939,0.4719
snapshot_sym1_date63_pm.csv,label_5,future,1994,1994,1.0
snapshot_sym1_date63_pm.csv,label_5,past,1844,1994,0.9248
snapshot_sym1_date63_pm.csv,label_10,future,1989,1989,1.0
snapshot_sym1_date63_pm.csv,label_10,past,1730,1989,0.8698
snapshot_sym1_date63_pm.csv,label_20,future,1979,1979,1.0
snapshot_sym1_date63_pm.csv,label_20,past,1514,1979,0.765
snapshot_sym1_date63_pm.csv,label_40,future,1959,1959,1.0
snapshot_sym1_date63_pm.csv,label_40,past,1181,1959,0.6029
snapshot_sym1_date63_pm.csv,label_60,future,1939,1939,1.0
snapshot_sym1_date63_pm.csv,label_60,past,944,1939,0.4868
snapshot_sym1_date64_am.csv,label_5,future,1994,1994,1.0
snapshot_sym1_date64_am.csv,label_5,past,1642,1994,0.8235
snapshot_sym1_date64_am.csv,label_10,future,1989,1989,1.0
snapshot_sym1_date64_am.csv,label_10,past,1447,1989,0.7275
snapshot_sym1_date64_am.csv,label_20,future,1979,1979,1.0
snapshot_sym1_date64_am.csv,label_20,past,1240,1979,0.6266
snapshot_sym1_date64_am.csv,label_40,future,1959,1959,1.0
snapshot_sym1_date64_am.csv,label_40,past,981,1959,0.5008
snapshot_sym1_date64_am.csv,label_60,future,1939,1939,1.0
snapshot_sym1_date64_am.csv,label_60,past,784,1939,0.4043
snapshot_sym1_date64_pm.csv,label_5,future,1994,1994,1.0
snapshot_sym1_date64_pm.csv,label_5,past,1852,1994,0.9288
snapshot_sym1_date64_pm.csv,label_10,future,1989,1989,1.0
snapshot_sym1_date64_pm.csv,label_10,past,1716,1989,0.8627
snapshot_sym1_date64_pm.csv,label_20,future,1979,1979,1.0
snapshot_sym1_date64_pm.csv,label_20,past,1482,1979,0.7489
snapshot_sym1_date64_pm.csv,label_40,future,1959,1959,1.0
snapshot_sym1_date64_pm.csv,label_40,past,1167,1959,0.5957
snapshot_sym1_date64_pm.csv,label_60,future,1939,1939,1.0
snapshot_sym1_date64_pm.csv,label_60,past,1062,1939,0.5477
snapshot_sym1_date65_am.csv,label_5,future,1994,1994,1.0
snapshot_sym1_date65_am.csv,label_5,past,1688,1994,0.8465
snapshot_sym1_date65_am.csv,label_10,future,1989,1989,1.0
snapshot_sym1_date65_am.csv,label_10,past,1445,1989,0.7265
snapshot_sym1_date65_am.csv,label_20,future,1979,1979,1.0
snapshot_sym1_date65_am.csv,label_20,past,1028,1979,0.5195
snapshot_sym1_date65_am.csv,label_40,future,1959,1959,1.0
snapshot_sym1_date65_am.csv,label_40,past,595,1959,0.3037
snapshot_sym1_date65_am.csv,label_60,future,1939,1939,1.0
snapshot_sym1_date65_am.csv,label_60,past,421,1939,0.2171
snapshot_sym1_date65_pm.csv,label_5,future,1994,1994,1.0
snapshot_sym1_date65_pm.csv,label_5,past,1773,1994,0.8892
snapshot_sym1_date65_pm.csv,label_10,future,1989,1989,1.0
snapshot_sym1_date65_pm.csv,label_10,past,1598,1989,0.8034
snapshot_sym1_date65_pm.csv,label_20,future,1979,1979,1.0
snapshot_sym1_date65_pm.csv,label_20,past,1357,1979,0.6857
snapshot_sym1_date65_pm.csv,label_40,future,1959,1959,1.0
snapshot_sym1_date65_pm.csv,label_40,past,1061,1959,0.5416
snapshot_sym1_date65_pm.csv,label_60,future,1939,1939,1.0
snapshot_sym1_date65_pm.csv,label_60,past,915,1939,0.4719
snapshot_sym1_date66_am.csv,label_5,future,1994,1994,1.0
snapshot_sym1_date66_am.csv,label_5,past,1874,1994,0.9398
snapshot_sym1_date66_am.csv,label_10,future,1989,1989,1.0
snapshot_sym1_date66_am.csv,label_10,past,1748,1989,0.8788
snapshot_sym1_date66_am.csv,label_20,future,1979,1979,1.0
snapshot_sym1_date66_am.csv,label_20,past,1515,1979,0.7655
snapshot_sym1_date66_am.csv,label_40,future,1959,1959,1.0
snapshot_sym1_date66_am.csv,label_40,past,1118,1959,0.5707
snapshot_sym1_date66_am.csv,label_60,future,1939,1939,1.0
snapshot_sym1_date66_am.csv,label_60,past,748,1939,0.3858
snapshot_sym1_date66_pm.csv,label_5,future,1994,1994,1.0
snapshot_sym1_date66_pm.csv,label_5,past,1928,1994,0.9669
snapshot_sym1_date66_pm.csv,label_10,future,1989,1989,1.0
snapshot_sym1_date66_pm.csv,label_10,past,1863,1989,0.9367
snapshot_sym1_date66_pm.csv,label_20,future,1979,1979,1.0
snapshot_sym1_date66_pm.csv,label_20,past,1733,1979,0.8757
snapshot_sym1_date66_pm.csv,label_40,future,1959,1959,1.0
snapshot_sym1_date66_pm.csv,label_40,past,1564,1959,0.7984
snapshot_sym1_date66_pm.csv,label_60,future,1939,1939,1.0
snapshot_sym1_date66_pm.csv,label_60,past,1388,1939,0.7158
snapshot_sym1_date67_am.csv,label_5,future,1994,1994,1.0
snapshot_sym1_date67_am.csv,label_5,past,1806,1994,0.9057
snapshot_sym1_date67_am.csv,label_10,future,1989,1989,1.0
snapshot_sym1_date67_am.csv,label_10,past,1666,1989,0.8376
snapshot_sym1_date67_am.csv,label_20,future,1979,1979,1.0
snapshot_sym1_date67_am.csv,label_20,past,1412,1979,0.7135
snapshot_sym1_date67_am.csv,label_40,future,1959,1959,1.0
snapshot_sym1_date67_am.csv,label_40,past,1030,1959,0.5258
snapshot_sym1_date67_am.csv,label_60,future,1939,1939,1.0
snapshot_sym1_date67_am.csv,label_60,past,819,1939,0.4224
snapshot_sym1_date67_pm.csv,label_5,future,1994,1994,1.0
snapshot_sym1_date67_pm.csv,label_5,past,1944,1994,0.9749
snapshot_sym1_date67_pm.csv,label_10,future,1989,1989,1.0
snapshot_sym1_date67_pm.csv,label_10,past,1889,1989,0.9497
snapshot_sym1_date67_pm.csv,label_20,future,1979,1979,1.0
snapshot_sym1_date67_pm.csv,label_20,past,1779,1979,0.8989
snapshot_sym1_date67_pm.csv,label_40,future,1959,1959,1.0
snapshot_sym1_date67_pm.csv,label_40,past,1540,1959,0.7861
snapshot_sym1_date67_pm.csv,label_60,future,1939,1939,1.0
snapshot_sym1_date67_pm.csv,label_60,past,1340,1939,0.6911
snapshot_sym1_date68_am.csv,label_5,future,1994,1994,1.0
snapshot_sym1_date68_am.csv,label_5,past,1850,1994,0.9278
snapshot_sym1_date68_am.csv,label_10,future,1989,1989,1.0
snapshot_sym1_date68_am.csv,label_10,past,1720,1989,0.8648
snapshot_sym1_date68_am.csv,label_20,future,1979,1979,1.0
snapshot_sym1_date68_am.csv,label_20,past,1517,1979,0.7665
snapshot_sym1_date68_am.csv,label_40,future,1959,1959,1.0
snapshot_sym1_date68_am.csv,label_40,past,1209,1959,0.6172
snapshot_sym1_date68_am.csv,label_60,future,1939,1939,1.0
snapshot_sym1_date68_am.csv,label_60,past,884,1939,0.4559
snapshot_sym1_date68_pm.csv,label_5,future,1994,1994,1.0
snapshot_sym1_date68_pm.csv,label_5,past,1705,1994,0.8551
snapshot_sym1_date68_pm.csv,label_10,future,1989,1989,1.0
snapshot_sym1_date68_pm.csv,label_10,past,1484,1989,0.7461
snapshot_sym1_date68_pm.csv,label_20,future,1979,1979,1.0
snapshot_sym1_date68_pm.csv,label_20,past,1168,1979,0.5902
snapshot_sym1_date68_pm.csv,label_40,future,1959,1959,1.0
snapshot_sym1_date68_pm.csv,label_40,past,810,1959,0.4135
snapshot_sym1_date68_pm.csv,label_60,future,1939,1939,1.0
snapshot_sym1_date68_pm.csv,label_60,past,554,1939,0.2857
snapshot_sym1_date69_am.csv,label_5,future,1994,1994,1.0
snapshot_sym1_date69_am.csv,label_5,past,1693,1994,0.849
snapshot_sym1_date69_am.csv,label_10,future,1989,1989,1.0
snapshot_sym1_date69_am.csv,label_10,past,1555,1989,0.7818
snapshot_sym1_date69_am.csv,label_20,future,1979,1979,1.0
snapshot_sym1_date69_am.csv,label_20,past,1355,1979,0.6847
snapshot_sym1_date69_am.csv,label_40,future,1959,1959,1.0
snapshot_sym1_date69_am.csv,label_40,past,956,1959,0.488
snapshot_sym1_date69_am.csv,label_60,future,1939,1939,1.0
snapshot_sym1_date69_am.csv,label_60,past,790,1939,0.4074
snapshot_sym1_date69_pm.csv,label_5,future,1994,1994,1.0
snapshot_sym1_date69_pm.csv,label_5,past,1813,1994,0.9092
snapshot_sym1_date69_pm.csv,label_10,future,1989,1989,1.0
snapshot_sym1_date69_pm.csv,label_10,past,1648,1989,0.8286
snapshot_sym1_date69_pm.csv,label_20,future,1979,1979,1.0
snapshot_sym1_date69_pm.csv,label_20,past,1428,1979,0.7216
snapshot_sym1_date69_pm.csv,label_40,future,1959,1959,1.0
snapshot_sym1_date69_pm.csv,label_40,past,1251,1959,0.6386
snapshot_sym1_date69_pm.csv,label_60,future,1939,1939,1.0
snapshot_sym1_date69_pm.csv,label_60,past,1023,1939,0.5276
snapshot_sym1_date6_am.csv,label_5,future,1994,1994,1.0
snapshot_sym1_date6_am.csv,label_5,past,1894,1994,0.9498
snapshot_sym1_date6_am.csv,label_10,future,1989,1989,1.0
snapshot_sym1_date6_am.csv,label_10,past,1789,1989,0.8994
snapshot_sym1_date6_am.csv,label_20,future,1979,1979,1.0
snapshot_sym1_date6_am.csv,label_20,past,1579,1979,0.7979
snapshot_sym1_date6_am.csv,label_40,future,1959,1959,1.0
snapshot_sym1_date6_am.csv,label_40,past,1165,1959,0.5947
snapshot_sym1_date6_am.csv,label_60,future,1939,1939,1.0
snapshot_sym1_date6_am.csv,label_60,past,841,1939,0.4337
snapshot_sym1_date6_pm.csv,label_5,future,1994,1994,1.0
snapshot_sym1_date6_pm.csv,label_5,past,1954,1994,0.9799
snapshot_sym1_date6_pm.csv,label_10,future,1989,1989,1.0
snapshot_sym1_date6_pm.csv,label_10,past,1909,1989,0.9598
snapshot_sym1_date6_pm.csv,label_20,future,1979,1979,1.0
snapshot_sym1_date6_pm.csv,label_20,past,1819,1979,0.9192
snapshot_sym1_date6_pm.csv,label_40,future,1959,1959,1.0
snapshot_sym1_date6_pm.csv,label_40,past,1639,1959,0.8367
snapshot_sym1_date6_pm.csv,label_60,future,1939,1939,1.0
snapshot_sym1_date6_pm.csv,label_60,past,1466,1939,0.7561
snapshot_sym1_date70_am.csv,label_5,future,1994,1994,1.0
snapshot_sym1_date70_am.csv,label_5,past,1761,1994,0.8831
snapshot_sym1_date70_am.csv,label_10,future,1989,1989,1.0
snapshot_sym1_date70_am.csv,label_10,past,1593,1989,0.8009
snapshot_sym1_date70_am.csv,label_20,future,1979,1979,1.0
snapshot_sym1_date70_am.csv,label_20,past,1309,1979,0.6614
snapshot_sym1_date70_am.csv,label_40,future,1959,1959,1.0
snapshot_sym1_date70_am.csv,label_40,past,937,1959,0.4783
snapshot_sym1_date70_am.csv,label_60,future,1939,1939,1.0
snapshot_sym1_date70_am.csv,label_60,past,680,1939,0.3507
snapshot_sym1_date70_pm.csv,label_5,future,1994,1994,1.0
snapshot_sym1_date70_pm.csv,label_5,past,1883,1994,0.9443
snapshot_sym1_date70_pm.csv,label_10,future,1989,1989,1.0
snapshot_sym1_date70_pm.csv,label_10,past,1782,1989,0.8959
snapshot_sym1_date70_pm.csv,label_20,future,1979,1979,1.0
snapshot_sym1_date70_pm.csv,label_20,past,1630,1979,0.8236
snapshot_sym1_date70_pm.csv,label_40,future,1959,1959,1.0
snapshot_sym1_date70_pm.csv,label_40,past,1378,1959,0.7034
snapshot_sym1_date70_pm.csv,label_60,future,1939,1939,1.0
snapshot_sym1_date70_pm.csv,label_60,past,1132,1939,0.5838
snapshot_sym1_date71_am.csv,label_5,future,1994,1994,1.0
snapshot_sym1_date71_am.csv,label_5,past,1822,1994,0.9137
snapshot_sym1_date71_am.csv,label_10,future,1989,1989,1.0
snapshot_sym1_date71_am.csv,label_10,past,1677,1989,0.8431
snapshot_sym1_date71_am.csv,label_20,future,1979,1979,1.0
snapshot_sym1_date71_am.csv,label_20,past,1425,1979,0.7201
snapshot_sym1_date71_am.csv,label_40,future,1959,1959,1.0
snapshot_sym1_date71_am.csv,label_40,past,974,1959,0.4972
snapshot_sym1_date71_am.csv,label_60,future,1939,1939,1.0
snapshot_sym1_date71_am.csv,label_60,past,623,1939,0.3213
snapshot_sym1_date71_pm.csv,label_5,future,1994,1994,1.0
snapshot_sym1_date71_pm.csv,label_5,past,1843,1994,0.9243
snapshot_sym1_date71_pm.csv,label_10,future,1989,1989,1.0
snapshot_sym1_date71_pm.csv,label_10,past,1725,1989,0.8673
snapshot_sym1_date71_pm.csv,label_20,future,1979,1979,1.0
snapshot_sym1_date71_pm.csv,label_20,past,1514,1979,0.765
snapshot_sym1_date71_pm.csv,label_40,future,1959,1959,1.0
snapshot_sym1_date71_pm.csv,label_40,past,1126,1959,0.5748
snapshot_sym1_date71_pm.csv,label_60,future,1939,1939,1.0
snapshot_sym1_date71_pm.csv,label_60,past,831,1939,0.4286
snapshot_sym1_date72_am.csv,label_5,future,1994,1994,1.0
snapshot_sym1_date72_am.csv,label_5,past,1752,1994,0.8786
snapshot_sym1_date72_am.csv,label_10,future,1989,1989,1.0
snapshot_sym1_date72_am.csv,label_10,past,1583,1989,0.7959
snapshot_sym1_date72_am.csv,label_20,future,1979,1979,1.0
snapshot_sym1_date72_am.csv,label_20,past,1347,1979,0.6806
snapshot_sym1_date72_am.csv,label_40,future,1959,1959,1.0
snapshot_sym1_date72_am.csv,label_40,past,1093,1959,0.5579
snapshot_sym1_date72_am.csv,label_60,future,1939,1939,1.0
snapshot_sym1_date72_am.csv,label_60,past,926,1939,0.4776
snapshot_sym1_date72_pm.csv,label_5,future,1994,1994,1.0
snapshot_sym1_date72_pm.csv,label_5,past,1876,1994,0.9408
snapshot_sym1_date72_pm.csv,label_10,future,1989,1989,1.0
snapshot_sym1_date72_pm.csv,label_10,past,1780,1989,0.8949
snapshot_sym1_date72_pm.csv,label_20,future,1979,1979,1.0
snapshot_sym1_date72_pm.csv,label_20,past,1580,1979,0.7984
snapshot_sym1_date72_pm.csv,label_40,future,1959,1959,1.0
snapshot_sym1_date72_pm.csv,label_40,past,1242,1959,0.634
snapshot_sym1_date72_pm.csv,label_60,future,1939,1939,1.0
snapshot_sym1_date72_pm.csv,label_60,past,1001,1939,0.5162
snapshot_sym1_date73_am.csv,label_5,future,1994,1994,1.0
snapshot_sym1_date73_am.csv,label_5,past,1742,1994,0.8736
snapshot_sym1_date73_am.csv,label_10,future,1989,1989,1.0
snapshot_sym1_date73_am.csv,label_10,past,1578,1989,0.7934
snapshot_sym1_date73_am.csv,label_20,future,1979,1979,1.0
snapshot_sym1_date73_am.csv,label_20,past,1320,1979,0.667
snapshot_sym1_date73_am.csv,label_40,future,1959,1959,1.0
snapshot_sym1_date73_am.csv,label_40,past,970,1959,0.4952
snapshot_sym1_date73_am.csv,label_60,future,1939,1939,1.0
snapshot_sym1_date73_am.csv,label_60,past,721,1939,0.3718
snapshot_sym1_date73_pm.csv,label_5,future,1994,1994,1.0
snapshot_sym1_date73_pm.csv,label_5,past,1818,1994,0.9117
snapshot_sym1_date73_pm.csv,label_10,future,1989,1989,1.0
snapshot_sym1_date73_pm.csv,label_10,past,1684,1989,0.8467
snapshot_sym1_date73_pm.csv,label_20,future,1979,1979,1.0
snapshot_sym1_date73_pm.csv,label_20,past,1416,1979,0.7155
snapshot_sym1_date73_pm.csv,label_40,future,1959,1959,1.0
snapshot_sym1_date73_pm.csv,label_40,past,1033,1959,0.5273
snapshot_sym1_date73_pm.csv,label_60,future,1939,1939,1.0
snapshot_sym1_date73_pm.csv,label_60,past,911,1939,0.4698
snapshot_sym1_date74_am.csv,label_5,future,1994,1994,1.0
snapshot_sym1_date74_am.csv,label_5,past,1807,1994,0.9062
snapshot_sym1_date74_am.csv,label_10,future,1989,1989,1.0
snapshot_sym1_date74_am.csv,label_10,past,1657,1989,0.8331
snapshot_sym1_date74_am.csv,label_20,future,1979,1979,1.0
snapshot_sym1_date74_am.csv,label_20,past,1430,1979,0.7226
snapshot_sym1_date74_am.csv,label_40,future,1959,1959,1.0
snapshot_sym1_date74_am.csv,label_40,past,1099,1959,0.561
snapshot_sym1_date74_am.csv,label_60,future,1939,1939,1.0
snapshot_sym1_date74_am.csv,label_60,past,843,1939,0.4348
snapshot_sym1_date74_pm.csv,label_5,future,1994,1994,1.0
snapshot_sym1_date74_pm.csv,label_5,past,1418,1994,0.7111
snapshot_sym1_date74_pm.csv,label_10,future,1989,1989,1.0
snapshot_sym1_date74_pm.csv,label_10,past,1156,1989,0.5812
snapshot_sym1_date74_pm.csv,label_20,future,1979,1979,1.0
snapshot_sym1_date74_pm.csv,label_20,past,936,1979,0.473
snapshot_sym1_date74_pm.csv,label_40,future,1959,1959,1.0
snapshot_sym1_date74_pm.csv,label_40,past,828,1959,0.4227
snapshot_sym1_date74_pm.csv,label_60,future,1939,1939,1.0
snapshot_sym1_date74_pm.csv,label_60,past,741,1939,0.3822
snapshot_sym1_date75_am.csv,label_5,future,1994,1994,1.0
snapshot_sym1_date75_am.csv,label_5,past,1787,1994,0.8962
snapshot_sym1_date75_am.csv,label_10,future,1989,1989,1.0
snapshot_sym1_date75_am.csv,label_10,past,1631,1989,0.82
snapshot_sym1_date75_am.csv,label_20,future,1979,1979,1.0
snapshot_sym1_date75_am.csv,label_20,past,1371,1979,0.6928
snapshot_sym1_date75_am.csv,label_40,future,1959,1959,1.0
snapshot_sym1_date75_am.csv,label_40,past,1142,1959,0.583
snapshot_sym1_date75_am.csv,label_60,future,1939,1939,1.0
snapshot_sym1_date75_am.csv,label_60,past,902,1939,0.4652
snapshot_sym1_date75_pm.csv,label_5,future,1994,1994,1.0
snapshot_sym1_date75_pm.csv,label_5,past,1615,1994,0.8099
snapshot_sym1_date75_pm.csv,label_10,future,1989,1989,1.0
snapshot_sym1_date75_pm.csv,label_10,past,1399,1989,0.7034
snapshot_sym1_date75_pm.csv,label_20,future,1979,1979,1.0
snapshot_sym1_date75_pm.csv,label_20,past,1085,1979,0.5483
snapshot_sym1_date75_pm.csv,label_40,future,1959,1959,1.0
snapshot_sym1_date75_pm.csv,label_40,past,757,1959,0.3864
snapshot_sym1_date75_pm.csv,label_60,future,1939,1939,1.0
snapshot_sym1_date75_pm.csv,label_60,past,659,1939,0.3399
snapshot_sym1_date76_am.csv,label_5,future,1994,1994,1.0
snapshot_sym1_date76_am.csv,label_5,past,1540,1994,0.7723
snapshot_sym1_date76_am.csv,label_10,future,1989,1989,1.0
snapshot_sym1_date76_am.csv,label_10,past,1286,1989,0.6466
snapshot_sym1_date76_am.csv,label_20,future,1979,1979,1.0
snapshot_sym1_date76_am.csv,label_20,past,957,1979,0.4836
snapshot_sym1_date76_am.csv,label_40,future,1959,1959,1.0
snapshot_sym1_date76_am.csv,label_40,past,748,1959,0.3818
snapshot_sym1_date76_am.csv,label_60,future,1939,1939,1.0
snapshot_sym1_date76_am.csv,label_60,past,700,1939,0.361
snapshot_sym1_date76_pm.csv,label_5,future,1994,1994,1.0
snapshot_sym1_date76_pm.csv,label_5,past,1740,1994,0.8726
snapshot_sym1_date76_pm.csv,label_10,future,1989,1989,1.0
snapshot_sym1_date76_pm.csv,label_10,past,1539,1989,0.7738
snapshot_sym1_date76_pm.csv,label_20,future,1979,1979,1.0
snapshot_sym1_date76_pm.csv,label_20,past,1226,1979,0.6195
snapshot_sym1_date76_pm.csv,label_40,future,1959,1959,1.0
snapshot_sym1_date76_pm.csv,label_40,past,921,1959,0.4701
snapshot_sym1_date76_pm.csv,label_60,future,1939,1939,1.0
snapshot_sym1_date76_pm.csv,label_60,past,691,1939,0.3564
snapshot_sym1_date77_am.csv,label_5,future,1994,1994,1.0
snapshot_sym1_date77_am.csv,label_5,past,1048,1994,0.5256
snapshot_sym1_date77_am.csv,label_10,future,1989,1989,1.0
snapshot_sym1_date77_am.csv,label_10,past,900,1989,0.4525
snapshot_sym1_date77_am.csv,label_20,future,1979,1979,1.0
snapshot_sym1_date77_am.csv,label_20,past,844,1979,0.4265
snapshot_sym1_date77_am.csv,label_40,future,1959,1959,1.0
snapshot_sym1_date77_am.csv,label_40,past,779,1959,0.3977
snapshot_sym1_date77_am.csv,label_60,future,1939,1939,1.0
snapshot_sym1_date77_am.csv,label_60,past,866,1939,0.4466
snapshot_sym1_date77_pm.csv,label_5,future,1994,1994,1.0
snapshot_sym1_date77_pm.csv,label_5,past,1436,1994,0.7202
snapshot_sym1_date77_pm.csv,label_10,future,1989,1989,1.0
snapshot_sym1_date77_pm.csv,label_10,past,1069,1989,0.5375
snapshot_sym1_date77_pm.csv,label_20,future,1979,1979,1.0
snapshot_sym1_date77_pm.csv,label_20,past,848,1979,0.4285
snapshot_sym1_date77_pm.csv,label_40,future,1959,1959,1.0
snapshot_sym1_date77_pm.csv,label_40,past,898,1959,0.4584
snapshot_sym1_date77_pm.csv,label_60,future,1939,1939,1.0
snapshot_sym1_date77_pm.csv,label_60,past,816,1939,0.4208
snapshot_sym1_date78_am.csv,label_5,future,1994,1994,1.0
snapshot_sym1_date78_am.csv,label_5,past,1741,1994,0.8731
snapshot_sym1_date78_am.csv,label_10,future,1989,1989,1.0
snapshot_sym1_date78_am.csv,label_10,past,1550,1989,0.7793
snapshot_sym1_date78_am.csv,label_20,future,1979,1979,1.0
snapshot_sym1_date78_am.csv,label_20,past,1253,1979,0.6331
snapshot_sym1_date78_am.csv,label_40,future,1959,1959,1.0
snapshot_sym1_date78_am.csv,label_40,past,814,1959,0.4155
snapshot_sym1_date78_am.csv,label_60,future,1939,1939,1.0
snapshot_sym1_date78_am.csv,label_60,past,621,1939,0.3203
snapshot_sym1_date78_pm.csv,label_5,future,1994,1994,1.0
snapshot_sym1_date78_pm.csv,label_5,past,1854,1994,0.9298
snapshot_sym1_date78_pm.csv,label_10,future,1989,1989,1.0
snapshot_sym1_date78_pm.csv,label_10,past,1755,1989,0.8824
snapshot_sym1_date78_pm.csv,label_20,future,1979,1979,1.0
snapshot_sym1_date78_pm.csv,label_20,past,1606,1979,0.8115
snapshot_sym1_date78_pm.csv,label_40,future,1959,1959,1.0
snapshot_sym1_date78_pm.csv,label_40,past,1324,1959,0.6759
snapshot_sym1_date78_pm.csv,label_60,future,1939,1939,1.0
snapshot_sym1_date78_pm.csv,label_60,past,1045,1939,0.5389
snapshot_sym1_date7_am.csv,label_5,future,1994,1994,1.0
snapshot_sym1_date7_am.csv,label_5,past,1924,1994,0.9649
snapshot_sym1_date7_am.csv,label_10,future,1989,1989,1.0
snapshot_sym1_date7_am.csv,label_10,past,1849,1989,0.9296
snapshot_sym1_date7_am.csv,label_20,future,1979,1979,1.0
snapshot_sym1_date7_am.csv,label_20,past,1699,1979,0.8585
snapshot_sym1_date7_am.csv,label_40,future,1959,1959,1.0
snapshot_sym1_date7_am.csv,label_40,past,1441,1959,0.7356
snapshot_sym1_date7_am.csv,label_60,future,1939,1939,1.0
snapshot_sym1_date7_am.csv,label_60,past,1242,1939,0.6405
snapshot_sym1_date7_pm.csv,label_5,future,1994,1994,1.0
snapshot_sym1_date7_pm.csv,label_5,past,1874,1994,0.9398
snapshot_sym1_date7_pm.csv,label_10,future,1989,1989,1.0
snapshot_sym1_date7_pm.csv,label_10,past,1772,1989,0.8909
snapshot_sym1_date7_pm.csv,label_20,future,1979,1979,1.0
snapshot_sym1_date7_pm.csv,label_20,past,1595,1979,0.806
snapshot_sym1_date7_pm.csv,label_40,future,1959,1959,1.0
snapshot_sym1_date7_pm.csv,label_40,past,1267,1959,0.6468
snapshot_sym1_date7_pm.csv,label_60,future,1939,1939,1.0
snapshot_sym1_date7_pm.csv,label_60,past,962,1939,0.4961
snapshot_sym1_date8_am.csv,label_5,future,1994,1994,1.0
snapshot_sym1_date8_am.csv,label_5,past,1806,1994,0.9057
snapshot_sym1_date8_am.csv,label_10,future,1989,1989,1.0
snapshot_sym1_date8_am.csv,label_10,past,1674,1989,0.8416
snapshot_sym1_date8_am.csv,label_20,future,1979,1979,1.0
snapshot_sym1_date8_am.csv,label_20,past,1483,1979,0.7494
snapshot_sym1_date8_am.csv,label_40,future,1959,1959,1.0
snapshot_sym1_date8_am.csv,label_40,past,1220,1959,0.6228
snapshot_sym1_date8_am.csv,label_60,future,1939,1939,1.0
snapshot_sym1_date8_am.csv,label_60,past,971,1939,0.5008
snapshot_sym1_date8_pm.csv,label_5,future,1994,1994,1.0
snapshot_sym1_date8_pm.csv,label_5,past,1864,1994,0.9348
snapshot_sym1_date8_pm.csv,label_10,future,1989,1989,1.0
snapshot_sym1_date8_pm.csv,label_10,past,1756,1989,0.8829
snapshot_sym1_date8_pm.csv,label_20,future,1979,1979,1.0
snapshot_sym1_date8_pm.csv,label_20,past,1619,1979,0.8181
snapshot_sym1_date8_pm.csv,label_40,future,1959,1959,1.0
snapshot_sym1_date8_pm.csv,label_40,past,1374,1959,0.7014
snapshot_sym1_date8_pm.csv,label_60,future,1939,1939,1.0
snapshot_sym1_date8_pm.csv,label_60,past,1147,1939,0.5915
snapshot_sym1_date9_am.csv,label_5,future,1994,1994,1.0
snapshot_sym1_date9_am.csv,label_5,past,1849,1994,0.9273
snapshot_sym1_date9_am.csv,label_10,future,1989,1989,1.0
snapshot_sym1_date9_am.csv,label_10,past,1739,1989,0.8743
snapshot_sym1_date9_am.csv,label_20,future,1979,1979,1.0
snapshot_sym1_date9_am.csv,label_20,past,1574,1979,0.7954
snapshot_sym1_date9_am.csv,label_40,future,1959,1959,1.0
snapshot_sym1_date9_am.csv,label_40,past,1352,1959,0.6901
snapshot_sym1_date9_am.csv,label_60,future,1939,1939,1.0
snapshot_sym1_date9_am.csv,label_60,past,1234,1939,0.6364
snapshot_sym1_date9_pm.csv,label_5,future,1994,1994,1.0
snapshot_sym1_date9_pm.csv,label_5,past,1834,1994,0.9198
snapshot_sym1_date9_pm.csv,label_10,future,1989,1989,1.0
snapshot_sym1_date9_pm.csv,label_10,past,1710,1989,0.8597
snapshot_sym1_date9_pm.csv,label_20,future,1979,1979,1.0
snapshot_sym1_date9_pm.csv,label_20,past,1508,1979,0.762
snapshot_sym1_date9_pm.csv,label_40,future,1959,1959,1.0
snapshot_sym1_date9_pm.csv,label_40,past,1265,1959,0.6457
snapshot_sym1_date9_pm.csv,label_60,future,1939,1939,1.0
snapshot_sym1_date9_pm.csv,label_60,past,1192,1939,0.6147
snapshot_sym2_date0_am.csv,label_5,future,1994,1994,1.0
snapshot_sym2_date0_am.csv,label_5,past,1042,1994,0.5226
snapshot_sym2_date0_am.csv,label_10,future,1989,1989,1.0
snapshot_sym2_date0_am.csv,label_10,past,864,1989,0.4344
snapshot_sym2_date0_am.csv,label_20,future,1979,1979,1.0
snapshot_sym2_date0_am.csv,label_20,past,981,1979,0.4957
snapshot_sym2_date0_am.csv,label_40,future,1959,1959,1.0
snapshot_sym2_date0_am.csv,label_40,past,520,1959,0.2654
snapshot_sym2_date0_am.csv,label_60,future,1939,1939,1.0
snapshot_sym2_date0_am.csv,label_60,past,463,1939,0.2388
snapshot_sym2_date0_pm.csv,label_5,future,1994,1994,1.0
snapshot_sym2_date0_pm.csv,label_5,past,1390,1994,0.6971
snapshot_sym2_date0_pm.csv,label_10,future,1989,1989,1.0
snapshot_sym2_date0_pm.csv,label_10,past,1108,1989,0.5571
snapshot_sym2_date0_pm.csv,label_20,future,1979,1979,1.0
snapshot_sym2_date0_pm.csv,label_20,past,1476,1979,0.7458
snapshot_sym2_date0_pm.csv,label_40,future,1959,1959,1.0
snapshot_sym2_date0_pm.csv,label_40,past,948,1959,0.4839
snapshot_sym2_date0_pm.csv,label_60,future,1939,1939,1.0
snapshot_sym2_date0_pm.csv,label_60,past,740,1939,0.3816
snapshot_sym2_date10_am.csv,label_5,future,1994,1994,1.0
snapshot_sym2_date10_am.csv,label_5,past,1335,1994,0.6695
snapshot_sym2_date10_am.csv,label_10,future,1989,1989,1.0
snapshot_sym2_date10_am.csv,label_10,past,1033,1989,0.5194
snapshot_sym2_date10_am.csv,label_20,future,1979,1979,1.0
snapshot_sym2_date10_am.csv,label_20,past,1132,1979,0.572
snapshot_sym2_date10_am.csv,label_40,future,1959,1959,1.0
snapshot_sym2_date10_am.csv,label_40,past,833,1959,0.4252
snapshot_sym2_date10_am.csv,label_60,future,1939,1939,1.0
snapshot_sym2_date10_am.csv,label_60,past,676,1939,0.3486
snapshot_sym2_date10_pm.csv,label_5,future,1994,1994,1.0
snapshot_sym2_date10_pm.csv,label_5,past,1567,1994,0.7859
snapshot_sym2_date10_pm.csv,label_10,future,1989,1989,1.0
snapshot_sym2_date10_pm.csv,label_10,past,1284,1989,0.6456
snapshot_sym2_date10_pm.csv,label_20,future,1979,1979,1.0
snapshot_sym2_date10_pm.csv,label_20,past,1527,1979,0.7716
snapshot_sym2_date10_pm.csv,label_40,future,1959,1959,1.0
snapshot_sym2_date10_pm.csv,label_40,past,1066,1959,0.5442
snapshot_sym2_date10_pm.csv,label_60,future,1939,1939,1.0
snapshot_sym2_date10_pm.csv,label_60,past,856,1939,0.4415
snapshot_sym2_date11_am.csv,label_5,future,1994,1994,1.0
snapshot_sym2_date11_am.csv,label_5,past,1218,1994,0.6108
snapshot_sym2_date11_am.csv,label_10,future,1989,1989,1.0
snapshot_sym2_date11_am.csv,label_10,past,938,1989,0.4716
snapshot_sym2_date11_am.csv,label_20,future,1979,1979,1.0
snapshot_sym2_date11_am.csv,label_20,past,915,1979,0.4624
snapshot_sym2_date11_am.csv,label_40,future,1959,1959,1.0
snapshot_sym2_date11_am.csv,label_40,past,636,1959,0.3247
snapshot_sym2_date11_am.csv,label_60,future,1939,1939,1.0
snapshot_sym2_date11_am.csv,label_60,past,577,1939,0.2976
snapshot_sym2_date11_pm.csv,label_5,future,1994,1994,1.0
snapshot_sym2_date11_pm.csv,label_5,past,1591,1994,0.7979
snapshot_sym2_date11_pm.csv,label_10,future,1989,1989,1.0
snapshot_sym2_date11_pm.csv,label_10,past,1284,1989,0.6456
snapshot_sym2_date11_pm.csv,label_20,future,1979,1979,1.0
snapshot_sym2_date11_pm.csv,label_20,past,1492,1979,0.7539
snapshot_sym2_date11_pm.csv,label_40,future,1959,1959,1.0
snapshot_sym2_date11_pm.csv,label_40,past,1031,1959,0.5263
snapshot_sym2_date11_pm.csv,label_60,future,1939,1939,1.0
snapshot_sym2_date11_pm.csv,label_60,past,961,1939,0.4956
snapshot_sym2_date12_am.csv,label_5,future,1994,1994,1.0
snapshot_sym2_date12_am.csv,label_5,past,1295,1994,0.6494
snapshot_sym2_date12_am.csv,label_10,future,1989,1989,1.0
snapshot_sym2_date12_am.csv,label_10,past,982,1989,0.4937
snapshot_sym2_date12_am.csv,label_20,future,1979,1979,1.0
snapshot_sym2_date12_am.csv,label_20,past,1192,1979,0.6023
snapshot_sym2_date12_am.csv,label_40,future,1959,1959,1.0
snapshot_sym2_date12_am.csv,label_40,past,792,1959,0.4043
snapshot_sym2_date12_am.csv,label_60,future,1939,1939,1.0
snapshot_sym2_date12_am.csv,label_60,past,591,1939,0.3048
snapshot_sym2_date12_pm.csv,label_5,future,1994,1994,1.0
snapshot_sym2_date12_pm.csv,label_5,past,1580,1994,0.7924
snapshot_sym2_date12_pm.csv,label_10,future,1989,1989,1.0
snapshot_sym2_date12_pm.csv,label_10,past,1274,1989,0.6405
snapshot_sym2_date12_pm.csv,label_20,future,1979,1979,1.0
snapshot_sym2_date12_pm.csv,label_20,past,1404,1979,0.7094
snapshot_sym2_date12_pm.csv,label_40,future,1959,1959,1.0
snapshot_sym2_date12_pm.csv,label_40,past,1071,1959,0.5467
snapshot_sym2_date12_pm.csv,label_60,future,1939,1939,1.0
snapshot_sym2_date12_pm.csv,label_60,past,899,1939,0.4636
snapshot_sym2_date13_am.csv,label_5,future,1994,1994,1.0
snapshot_sym2_date13_am.csv,label_5,past,1212,1994,0.6078
snapshot_sym2_date13_am.csv,label_10,future,1989,1989,1.0
snapshot_sym2_date13_am.csv,label_10,past,907,1989,0.456
snapshot_sym2_date13_am.csv,label_20,future,1979,1979,1.0
snapshot_sym2_date13_am.csv,label_20,past,991,1979,0.5008
snapshot_sym2_date13_am.csv,label_40,future,1959,1959,1.0
snapshot_sym2_date13_am.csv,label_40,past,654,1959,0.3338
snapshot_sym2_date13_am.csv,label_60,future,1939,1939,1.0
snapshot_sym2_date13_am.csv,label_60,past,660,1939,0.3404
snapshot_sym2_date13_pm.csv,label_5,future,1994,1994,1.0
snapshot_sym2_date13_pm.csv,label_5,past,1654,1994,0.8295
snapshot_sym2_date13_pm.csv,label_10,future,1989,1989,1.0
snapshot_sym2_date13_pm.csv,label_10,past,1434,1989,0.721
snapshot_sym2_date13_pm.csv,label_20,future,1979,1979,1.0
snapshot_sym2_date13_pm.csv,label_20,past,1545,1979,0.7807
snapshot_sym2_date13_pm.csv,label_40,future,1959,1959,1.0
snapshot_sym2_date13_pm.csv,label_40,past,1199,1959,0.612
snapshot_sym2_date13_pm.csv,label_60,future,1939,1939,1.0
snapshot_sym2_date13_pm.csv,label_60,past,941,1939,0.4853
snapshot_sym2_date14_am.csv,label_5,future,1994,1994,1.0
snapshot_sym2_date14_am.csv,label_5,past,1403,1994,0.7036
snapshot_sym2_date14_am.csv,label_10,future,1989,1989,1.0
snapshot_sym2_date14_am.csv,label_10,past,1015,1989,0.5103
snapshot_sym2_date14_am.csv,label_20,future,1979,1979,1.0
snapshot_sym2_date14_am.csv,label_20,past,1126,1979,0.569
snapshot_sym2_date14_am.csv,label_40,future,1959,1959,1.0
snapshot_sym2_date14_am.csv,label_40,past,760,1959,0.388
snapshot_sym2_date14_am.csv,label_60,future,1939,1939,1.0
snapshot_sym2_date14_am.csv,label_60,past,596,1939,0.3074
snapshot_sym2_date14_pm.csv,label_5,future,1994,1994,1.0
snapshot_sym2_date14_pm.csv,label_5,past,1591,1994,0.7979
snapshot_sym2_date14_pm.csv,label_10,future,1989,1989,1.0
snapshot_sym2_date14_pm.csv,label_10,past,1298,1989,0.6526
snapshot_sym2_date14_pm.csv,label_20,future,1979,1979,1.0
snapshot_sym2_date14_pm.csv,label_20,past,1378,1979,0.6963
snapshot_sym2_date14_pm.csv,label_40,future,1959,1959,1.0
snapshot_sym2_date14_pm.csv,label_40,past,904,1959,0.4615
snapshot_sym2_date14_pm.csv,label_60,future,1939,1939,1.0
snapshot_sym2_date14_pm.csv,label_60,past,833,1939,0.4296
snapshot_sym2_date15_am.csv,label_5,future,1994,1994,1.0
snapshot_sym2_date15_am.csv,label_5,past,1373,1994,0.6886
snapshot_sym2_date15_am.csv,label_10,future,1989,1989,1.0
snapshot_sym2_date15_am.csv,label_10,past,959,1989,0.4822
snapshot_sym2_date15_am.csv,label_20,future,1979,1979,1.0
snapshot_sym2_date15_am.csv,label_20,past,1050,1979,0.5306
snapshot_sym2_date15_am.csv,label_40,future,1959,1959,1.0
snapshot_sym2_date15_am.csv,label_40,past,607,1959,0.3099
snapshot_sym2_date15_am.csv,label_60,future,1939,1939,1.0
snapshot_sym2_date15_am.csv,label_60,past,579,1939,0.2986
snapshot_sym2_date15_pm.csv,label_5,future,1994,1994,1.0
snapshot_sym2_date15_pm.csv,label_5,past,1603,1994,0.8039
snapshot_sym2_date15_pm.csv,label_10,future,1989,1989,1.0
snapshot_sym2_date15_pm.csv,label_10,past,1327,1989,0.6672
snapshot_sym2_date15_pm.csv,label_20,future,1979,1979,1.0
snapshot_sym2_date15_pm.csv,label_20,past,1576,1979,0.7964
snapshot_sym2_date15_pm.csv,label_40,future,1959,1959,1.0
snapshot_sym2_date15_pm.csv,label_40,past,1089,1959,0.5559
snapshot_sym2_date15_pm.csv,label_60,future,1939,1939,1.0
snapshot_sym2_date15_pm.csv,label_60,past,894,1939,0.4611
snapshot_sym2_date16_am.csv,label_5,future,1994,1994,1.0
snapshot_sym2_date16_am.csv,label_5,past,1080,1994,0.5416
snapshot_sym2_date16_am.csv,label_10,future,1989,1989,1.0
snapshot_sym2_date16_am.csv,label_10,past,951,1989,0.4781
snapshot_sym2_date16_am.csv,label_20,future,1979,1979,1.0
snapshot_sym2_date16_am.csv,label_20,past,851,1979,0.43
snapshot_sym2_date16_am.csv,label_40,future,1959,1959,1.0
snapshot_sym2_date16_am.csv,label_40,past,553,1959,0.2823
snapshot_sym2_date16_am.csv,label_60,future,1939,1939,1.0
snapshot_sym2_date16_am.csv,label_60,past,746,1939,0.3847
snapshot_sym2_date16_pm.csv,label_5,future,1994,1994,1.0
snapshot_sym2_date16_pm.csv,label_5,past,1345,1994,0.6745
snapshot_sym2_date16_pm.csv,label_10,future,1989,1989,1.0
snapshot_sym2_date16_pm.csv,label_10,past,1120,1989,0.5631
snapshot_sym2_date16_pm.csv,label_20,future,1979,1979,1.0
snapshot_sym2_date16_pm.csv,label_20,past,1148,1979,0.5801
snapshot_sym2_date16_pm.csv,label_40,future,1959,1959,1.0
snapshot_sym2_date16_pm.csv,label_40,past,696,1959,0.3553
snapshot_sym2_date16_pm.csv,label_60,future,1939,1939,1.0
snapshot_sym2_date16_pm.csv,label_60,past,548,1939,0.2826
snapshot_sym2_date17_am.csv,label_5,future,1994,1994,1.0
snapshot_sym2_date17_am.csv,label_5,past,1117,1994,0.5602
snapshot_sym2_date17_am.csv,label_10,future,1989,1989,1.0
snapshot_sym2_date17_am.csv,label_10,past,917,1989,0.461
snapshot_sym2_date17_am.csv,label_20,future,1979,1979,1.0
snapshot_sym2_date17_am.csv,label_20,past,897,1979,0.4533
snapshot_sym2_date17_am.csv,label_40,future,1959,1959,1.0
snapshot_sym2_date17_am.csv,label_40,past,647,1959,0.3303
snapshot_sym2_date17_am.csv,label_60,future,1939,1939,1.0
snapshot_sym2_date17_am.csv,label_60,past,675,1939,0.3481
snapshot_sym2_date17_pm.csv,label_5,future,1994,1994,1.0
snapshot_sym2_date17_pm.csv,label_5,past,1289,1994,0.6464
snapshot_sym2_date17_pm.csv,label_10,future,1989,1989,1.0
snapshot_sym2_date17_pm.csv,label_10,past,1011,1989,0.5083
snapshot_sym2_date17_pm.csv,label_20,future,1979,1979,1.0
snapshot_sym2_date17_pm.csv,label_20,past,1163,1979,0.5877
snapshot_sym2_date17_pm.csv,label_40,future,1959,1959,1.0
snapshot_sym2_date17_pm.csv,label_40,past,806,1959,0.4114
snapshot_sym2_date17_pm.csv,label_60,future,1939,1939,1.0
snapshot_sym2_date17_pm.csv,label_60,past,598,1939,0.3084
snapshot_sym2_date18_am.csv,label_5,future,1994,1994,1.0
snapshot_sym2_date18_am.csv,label_5,past,1100,1994,0.5517
snapshot_sym2_date18_am.csv,label_10,future,1989,1989,1.0
snapshot_sym2_date18_am.csv,label_10,past,896,1989,0.4505
snapshot_sym2_date18_am.csv,label_20,future,1979,1979,1.0
snapshot_sym2_date18_am.csv,label_20,past,825,1979,0.4169
snapshot_sym2_date18_am.csv,label_40,future,1959,1959,1.0
snapshot_sym2_date18_am.csv,label_40,past,589,1959,0.3007
snapshot_sym2_date18_am.csv,label_60,future,1939,1939,1.0
snapshot_sym2_date18_am.csv,label_60,past,459,1939,0.2367
snapshot_sym2_date18_pm.csv,label_5,future,1994,1994,1.0
snapshot_sym2_date18_pm.csv,label_5,past,1412,1994,0.7081
snapshot_sym2_date18_pm.csv,label_10,future,1989,1989,1.0
snapshot_sym2_date18_pm.csv,label_10,past,1048,1989,0.5269
snapshot_sym2_date18_pm.csv,label_20,future,1979,1979,1.0
snapshot_sym2_date18_pm.csv,label_20,past,1062,1979,0.5366
snapshot_sym2_date18_pm.csv,label_40,future,1959,1959,1.0
snapshot_sym2_date18_pm.csv,label_40,past,738,1959,0.3767
snapshot_sym2_date18_pm.csv,label_60,future,1939,1939,1.0
snapshot_sym2_date18_pm.csv,label_60,past,701,1939,0.3615
snapshot_sym2_date19_am.csv,label_5,future,1994,1994,1.0
snapshot_sym2_date19_am.csv,label_5,past,1097,1994,0.5502
snapshot_sym2_date19_am.csv,label_10,future,1989,1989,1.0
snapshot_sym2_date19_am.csv,label_10,past,919,1989,0.462
snapshot_sym2_date19_am.csv,label_20,future,1979,1979,1.0
snapshot_sym2_date19_am.csv,label_20,past,980,1979,0.4952
snapshot_sym2_date19_am.csv,label_40,future,1959,1959,1.0
snapshot_sym2_date19_am.csv,label_40,past,636,1959,0.3247
snapshot_sym2_date19_am.csv,label_60,future,1939,1939,1.0
snapshot_sym2_date19_am.csv,label_60,past,506,1939,0.261
snapshot_sym2_date19_pm.csv,label_5,future,1994,1994,1.0
snapshot_sym2_date19_pm.csv,label_5,past,1401,1994,0.7026
snapshot_sym2_date19_pm.csv,label_10,future,1989,1989,1.0
snapshot_sym2_date19_pm.csv,label_10,past,1148,1989,0.5772
snapshot_sym2_date19_pm.csv,label_20,future,1979,1979,1.0
snapshot_sym2_date19_pm.csv,label_20,past,1295,1979,0.6544
snapshot_sym2_date19_pm.csv,label_40,future,1959,1959,1.0
snapshot_sym2_date19_pm.csv,label_40,past,879,1959,0.4487
snapshot_sym2_date19_pm.csv,label_60,future,1939,1939,1.0
snapshot_sym2_date19_pm.csv,label_60,past,648,1939,0.3342
snapshot_sym2_date1_am.csv,label_5,future,1994,1994,1.0
snapshot_sym2_date1_am.csv,label_5,past,1167,1994,0.5853
snapshot_sym2_date1_am.csv,label_10,future,1989,1989,1.0
snapshot_sym2_date1_am.csv,label_10,past,995,1989,0.5003
snapshot_sym2_date1_am.csv,label_20,future,1979,1979,1.0
snapshot_sym2_date1_am.csv,label_20,past,1108,1979,0.5599
snapshot_sym2_date1_am.csv,label_40,future,1959,1959,1.0
snapshot_sym2_date1_am.csv,label_40,past,902,1959,0.4604
snapshot_sym2_date1_am.csv,label_60,future,1939,1939,1.0
snapshot_sym2_date1_am.csv,label_60,past,747,1939,0.3853
snapshot_sym2_date1_pm.csv,label_5,future,1994,1994,1.0
snapshot_sym2_date1_pm.csv,label_5,past,1571,1994,0.7879
snapshot_sym2_date1_pm.csv,label_10,future,1989,1989,1.0
snapshot_sym2_date1_pm.csv,label_10,past,1277,1989,0.642
snapshot_sym2_date1_pm.csv,label_20,future,1979,1979,1.0
snapshot_sym2_date1_pm.csv,label_20,past,1476,1979,0.7458
snapshot_sym2_date1_pm.csv,label_40,future,1959,1959,1.0
snapshot_sym2_date1_pm.csv,label_40,past,962,1959,0.4911
snapshot_sym2_date1_pm.csv,label_60,future,1939,1939,1.0
snapshot_sym2_date1_pm.csv,label_60,past,787,1939,0.4059
snapshot_sym2_date20_am.csv,label_5,future,1994,1994,1.0
snapshot_sym2_date20_am.csv,label_5,past,1333,1994,0.6685
snapshot_sym2_date20_am.csv,label_10,future,1989,1989,1.0
snapshot_sym2_date20_am.csv,label_10,past,1035,1989,0.5204
snapshot_sym2_date20_am.csv,label_20,future,1979,1979,1.0
snapshot_sym2_date20_am.csv,label_20,past,1100,1979,0.5558
snapshot_sym2_date20_am.csv,label_40,future,1959,1959,1.0
snapshot_sym2_date20_am.csv,label_40,past,794,1959,0.4053
snapshot_sym2_date20_am.csv,label_60,future,1939,1939,1.0
snapshot_sym2_date20_am.csv,label_60,past,590,1939,0.3043
snapshot_sym2_date20_pm.csv,label_5,future,1994,1994,1.0
snapshot_sym2_date20_pm.csv,label_5,past,1556,1994,0.7803
snapshot_sym2_date20_pm.csv,label_10,future,1989,1989,1.0
snapshot_sym2_date20_pm.csv,label_10,past,1255,1989,0.631
snapshot_sym2_date20_pm.csv,label_20,future,1979,1979,1.0
snapshot_sym2_date20_pm.csv,label_20,past,1424,1979,0.7196
snapshot_sym2_date20_pm.csv,label_40,future,1959,1959,1.0
snapshot_sym2_date20_pm.csv,label_40,past,947,1959,0.4834
snapshot_sym2_date20_pm.csv,label_60,future,1939,1939,1.0
snapshot_sym2_date20_pm.csv,label_60,past,676,1939,0.3486
snapshot_sym2_date21_am.csv,label_5,future,1994,1994,1.0
snapshot_sym2_date21_am.csv,label_5,past,1116,1994,0.5597
snapshot_sym2_date21_am.csv,label_10,future,1989,1989,1.0
snapshot_sym2_date21_am.csv,label_10,past,937,1989,0.4711
snapshot_sym2_date21_am.csv,label_20,future,1979,1979,1.0
snapshot_sym2_date21_am.csv,label_20,past,866,1979,0.4376
snapshot_sym2_date21_am.csv,label_40,future,1959,1959,1.0
snapshot_sym2_date21_am.csv,label_40,past,552,1959,0.2818
snapshot_sym2_date21_am.csv,label_60,future,1939,1939,1.0
snapshot_sym2_date21_am.csv,label_60,past,364,1939,0.1877
snapshot_sym2_date21_pm.csv,label_5,future,1994,1994,1.0
snapshot_sym2_date21_pm.csv,label_5,past,1230,1994,0.6169
snapshot_sym2_date21_pm.csv,label_10,future,1989,1989,1.0
snapshot_sym2_date21_pm.csv,label_10,past,1018,1989,0.5118
snapshot_sym2_date21_pm.csv,label_20,future,1979,1979,1.0
snapshot_sym2_date21_pm.csv,label_20,past,1005,1979,0.5078
snapshot_sym2_date21_pm.csv,label_40,future,1959,1959,1.0
snapshot_sym2_date21_pm.csv,label_40,past,805,1959,0.4109
snapshot_sym2_date21_pm.csv,label_60,future,1939,1939,1.0
snapshot_sym2_date21_pm.csv,label_60,past,555,1939,0.2862
snapshot_sym2_date22_am.csv,label_5,future,1994,1994,1.0
snapshot_sym2_date22_am.csv,label_5,past,1315,1994,0.6595
snapshot_sym2_date22_am.csv,label_10,future,1989,1989,1.0
snapshot_sym2_date22_am.csv,label_10,past,987,1989,0.4962
snapshot_sym2_date22_am.csv,label_20,future,1979,1979,1.0
snapshot_sym2_date22_am.csv,label_20,past,1049,1979,0.5301
snapshot_sym2_date22_am.csv,label_40,future,1959,1959,1.0
snapshot_sym2_date22_am.csv,label_40,past,720,1959,0.3675
snapshot_sym2_date22_am.csv,label_60,future,1939,1939,1.0
snapshot_sym2_date22_am.csv,label_60,past,578,1939,0.2981
snapshot_sym2_date22_pm.csv,label_5,future,1994,1994,1.0
snapshot_sym2_date22_pm.csv,label_5,past,1650,1994,0.8275
snapshot_sym2_date22_pm.csv,label_10,future,1989,1989,1.0
snapshot_sym2_date22_pm.csv,label_10,past,1358,1989,0.6828
snapshot_sym2_date22_pm.csv,label_20,future,1979,1979,1.0
snapshot_sym2_date22_pm.csv,label_20,past,1439,1979,0.7271
snapshot_sym2_date22_pm.csv,label_40,future,1959,1959,1.0
snapshot_sym2_date22_pm.csv,label_40,past,911,1959,0.465
snapshot_sym2_date22_pm.csv,label_60,future,1939,1939,1.0
snapshot_sym2_date22_pm.csv,label_60,past,704,1939,0.3631
snapshot_sym2_date23_am.csv,label_5,future,1994,1994,1.0
snapshot_sym2_date23_am.csv,label_5,past,1134,1994,0.5687
snapshot_sym2_date23_am.csv,label_10,future,1989,1989,1.0
snapshot_sym2_date23_am.csv,label_10,past,963,1989,0.4842
snapshot_sym2_date23_am.csv,label_20,future,1979,1979,1.0
snapshot_sym2_date23_am.csv,label_20,past,897,1979,0.4533
snapshot_sym2_date23_am.csv,label_40,future,1959,1959,1.0
snapshot_sym2_date23_am.csv,label_40,past,546,1959,0.2787
snapshot_sym2_date23_am.csv,label_60,future,1939,1939,1.0
snapshot_sym2_date23_am.csv,label_60,past,615,1939,0.3172
snapshot_sym2_date23_pm.csv,label_5,future,1994,1994,1.0
snapshot_sym2_date23_pm.csv,label_5,past,1370,1994,0.6871
snapshot_sym2_date23_pm.csv,label_10,future,1989,1989,1.0
snapshot_sym2_date23_pm.csv,label_10,past,1118,1989,0.5621
snapshot_sym2_date23_pm.csv,label_20,future,1979,1979,1.0
snapshot_sym2_date23_pm.csv,label_20,past,1319,1979,0.6665
snapshot_sym2_date23_pm.csv,label_40,future,1959,1959,1.0
snapshot_sym2_date23_pm.csv,label_40,past,875,1959,0.4467
snapshot_sym2_date23_pm.csv,label_60,future,1939,1939,1.0
snapshot_sym2_date23_pm.csv,label_60,past,639,1939,0.3296
snapshot_sym2_date24_am.csv,label_5,future,1994,1994,1.0
snapshot_sym2_date24_am.csv,label_5,past,1290,1994,0.6469
snapshot_sym2_date24_am.csv,label_10,future,1989,1989,1.0
snapshot_sym2_date24_am.csv,label_10,past,981,1989,0.4932
snapshot_sym2_date24_am.csv,label_20,future,1979,1979,1.0
snapshot_sym2_date24_am.csv,label_20,past,1025,1979,0.5179
snapshot_sym2_date24_am.csv,label_40,future,1959,1959,1.0
snapshot_sym2_date24_am.csv,label_40,past,714,1959,0.3645
snapshot_sym2_date24_am.csv,label_60,future,1939,1939,1.0
snapshot_sym2_date24_am.csv,label_60,past,635,1939,0.3275
snapshot_sym2_date24_pm.csv,label_5,future,1994,1994,1.0
snapshot_sym2_date24_pm.csv,label_5,past,1462,1994,0.7332
snapshot_sym2_date24_pm.csv,label_10,future,1989,1989,1.0
snapshot_sym2_date24_pm.csv,label_10,past,1151,1989,0.5787
snapshot_sym2_date24_pm.csv,label_20,future,1979,1979,1.0
snapshot_sym2_date24_pm.csv,label_20,past,1389,1979,0.7019
snapshot_sym2_date24_pm.csv,label_40,future,1959,1959,1.0
snapshot_sym2_date24_pm.csv,label_40,past,1079,1959,0.5508
snapshot_sym2_date24_pm.csv,label_60,future,1939,1939,1.0
snapshot_sym2_date24_pm.csv,label_60,past,916,1939,0.4724
snapshot_sym2_date25_am.csv,label_5,future,1994,1994,1.0
snapshot_sym2_date25_am.csv,label_5,past,1112,1994,0.5577
snapshot_sym2_date25_am.csv,label_10,future,1989,1989,1.0
snapshot_sym2_date25_am.csv,label_10,past,1025,1989,0.5153
snapshot_sym2_date25_am.csv,label_20,future,1979,1979,1.0
snapshot_sym2_date25_am.csv,label_20,past,899,1979,0.4543
snapshot_sym2_date25_am.csv,label_40,future,1959,1959,1.0
snapshot_sym2_date25_am.csv,label_40,past,674,1959,0.3441
snapshot_sym2_date25_am.csv,label_60,future,1939,1939,1.0
snapshot_sym2_date25_am.csv,label_60,past,583,1939,0.3007
snapshot_sym2_date25_pm.csv,label_5,future,1994,1994,1.0
snapshot_sym2_date25_pm.csv,label_5,past,1525,1994,0.7648
snapshot_sym2_date25_pm.csv,label_10,future,1989,1989,1.0
snapshot_sym2_date25_pm.csv,label_10,past,1211,1989,0.6088
snapshot_sym2_date25_pm.csv,label_20,future,1979,1979,1.0
snapshot_sym2_date25_pm.csv,label_20,past,1390,1979,0.7024
snapshot_sym2_date25_pm.csv,label_40,future,1959,1959,1.0
snapshot_sym2_date25_pm.csv,label_40,past,807,1959,0.4119
snapshot_sym2_date25_pm.csv,label_60,future,1939,1939,1.0
snapshot_sym2_date25_pm.csv,label_60,past,666,1939,0.3435
snapshot_sym2_date26_am.csv,label_5,future,1994,1994,1.0
snapshot_sym2_date26_am.csv,label_5,past,1256,1994,0.6299
snapshot_sym2_date26_am.csv,label_10,future,1989,1989,1.0
snapshot_sym2_date26_am.csv,label_10,past,944,1989,0.4746
snapshot_sym2_date26_am.csv,label_20,future,1979,1979,1.0
snapshot_sym2_date26_am.csv,label_20,past,1130,1979,0.571
snapshot_sym2_date26_am.csv,label_40,future,1959,1959,1.0
snapshot_sym2_date26_am.csv,label_40,past,748,1959,0.3818
snapshot_sym2_date26_am.csv,label_60,future,1939,1939,1.0
snapshot_sym2_date26_am.csv,label_60,past,504,1939,0.2599
snapshot_sym2_date26_pm.csv,label_5,future,1994,1994,1.0
snapshot_sym2_date26_pm.csv,label_5,past,1481,1994,0.7427
snapshot_sym2_date26_pm.csv,label_10,future,1989,1989,1.0
snapshot_sym2_date26_pm.csv,label_10,past,1124,1989,0.5651
snapshot_sym2_date26_pm.csv,label_20,future,1979,1979,1.0
snapshot_sym2_date26_pm.csv,label_20,past,1336,1979,0.6751
snapshot_sym2_date26_pm.csv,label_40,future,1959,1959,1.0
snapshot_sym2_date26_pm.csv,label_40,past,939,1959,0.4793
snapshot_sym2_date26_pm.csv,label_60,future,1939,1939,1.0
snapshot_sym2_date26_pm.csv,label_60,past,695,1939,0.3584
snapshot_sym2_date27_am.csv,label_5,future,1994,1994,1.0
snapshot_sym2_date27_am.csv,label_5,past,1222,1994,0.6128
snapshot_sym2_date27_am.csv,label_10,future,1989,1989,1.0
snapshot_sym2_date27_am.csv,label_10,past,940,1989,0.4726
snapshot_sym2_date27_am.csv,label_20,future,1979,1979,1.0
snapshot_sym2_date27_am.csv,label_20,past,944,1979,0.477
snapshot_sym2_date27_am.csv,label_40,future,1959,1959,1.0
snapshot_sym2_date27_am.csv,label_40,past,644,1959,0.3287
snapshot_sym2_date27_am.csv,label_60,future,1939,1939,1.0
snapshot_sym2_date27_am.csv,label_60,past,496,1939,0.2558
snapshot_sym2_date27_pm.csv,label_5,future,1994,1994,1.0
snapshot_sym2_date27_pm.csv,label_5,past,1270,1994,0.6369
snapshot_sym2_date27_pm.csv,label_10,future,1989,1989,1.0
snapshot_sym2_date27_pm.csv,label_10,past,1021,1989,0.5133
snapshot_sym2_date27_pm.csv,label_20,future,1979,1979,1.0
snapshot_sym2_date27_pm.csv,label_20,past,1128,1979,0.57
snapshot_sym2_date27_pm.csv,label_40,future,1959,1959,1.0
snapshot_sym2_date27_pm.csv,label_40,past,743,1959,0.3793
snapshot_sym2_date27_pm.csv,label_60,future,1939,1939,1.0
snapshot_sym2_date27_pm.csv,label_60,past,556,1939,0.2867
snapshot_sym2_date28_am.csv,label_5,future,1994,1994,1.0
snapshot_sym2_date28_am.csv,label_5,past,1201,1994,0.6023
snapshot_sym2_date28_am.csv,label_10,future,1989,1989,1.0
snapshot_sym2_date28_am.csv,label_10,past,974,1989,0.4897
snapshot_sym2_date28_am.csv,label_20,future,1979,1979,1.0
snapshot_sym2_date28_am.csv,label_20,past,895,1979,0.4522
snapshot_sym2_date28_am.csv,label_40,future,1959,1959,1.0
snapshot_sym2_date28_am.csv,label_40,past,635,1959,0.3241
snapshot_sym2_date28_am.csv,label_60,future,1939,1939,1.0
snapshot_sym2_date28_am.csv,label_60,past,535,1939,0.2759
snapshot_sym2_date28_pm.csv,label_5,future,1994,1994,1.0
snapshot_sym2_date28_pm.csv,label_5,past,1582,1994,0.7934
snapshot_sym2_date28_pm.csv,label_10,future,1989,1989,1.0
snapshot_sym2_date28_pm.csv,label_10,past,1170,1989,0.5882
snapshot_sym2_date28_pm.csv,label_20,future,1979,1979,1.0
snapshot_sym2_date28_pm.csv,label_20,past,1415,1979,0.715
snapshot_sym2_date28_pm.csv,label_40,future,1959,1959,1.0
snapshot_sym2_date28_pm.csv,label_40,past,918,1959,0.4686
snapshot_sym2_date28_pm.csv,label_60,future,1939,1939,1.0
snapshot_sym2_date28_pm.csv,label_60,past,641,1939,0.3306
snapshot_sym2_date29_am.csv,label_5,future,1994,1994,1.0
snapshot_sym2_date29_am.csv,label_5,past,972,1994,0.4875
snapshot_sym2_date29_am.csv,label_10,future,1989,1989,1.0
snapshot_sym2_date29_am.csv,label_10,past,867,1989,0.4359
snapshot_sym2_date29_am.csv,label_20,future,1979,1979,1.0
snapshot_sym2_date29_am.csv,label_20,past,754,1979,0.381
snapshot_sym2_date29_am.csv,label_40,future,1959,1959,1.0
snapshot_sym2_date29_am.csv,label_40,past,586,1959,0.2991
snapshot_sym2_date29_am.csv,label_60,future,1939,1939,1.0
snapshot_sym2_date29_am.csv,label_60,past,611,1939,0.3151
snapshot_sym2_date29_pm.csv,label_5,future,1994,1994,1.0
snapshot_sym2_date29_pm.csv,label_5,past,1307,1994,0.6555
snapshot_sym2_date29_pm.csv,label_10,future,1989,1989,1.0
snapshot_sym2_date29_pm.csv,label_10,past,990,1989,0.4977
snapshot_sym2_date29_pm.csv,label_20,future,1979,1979,1.0
snapshot_sym2_date29_pm.csv,label_20,past,1146,1979,0.5791
snapshot_sym2_date29_pm.csv,label_40,future,1959,1959,1.0
snapshot_sym2_date29_pm.csv,label_40,past,702,1959,0.3583
snapshot_sym2_date29_pm.csv,label_60,future,1939,1939,1.0
snapshot_sym2_date29_pm.csv,label_60,past,547,1939,0.2821
snapshot_sym2_date2_am.csv,label_5,future,1994,1994,1.0
snapshot_sym2_date2_am.csv,label_5,past,1066,1994,0.5346
snapshot_sym2_date2_am.csv,label_10,future,1989,1989,1.0
snapshot_sym2_date2_am.csv,label_10,past,927,1989,0.4661
snapshot_sym2_date2_am.csv,label_20,future,1979,1979,1.0
snapshot_sym2_date2_am.csv,label_20,past,910,1979,0.4598
snapshot_sym2_date2_am.csv,label_40,future,1959,1959,1.0
snapshot_sym2_date2_am.csv,label_40,past,686,1959,0.3502
snapshot_sym2_date2_am.csv,label_60,future,1939,1939,1.0
snapshot_sym2_date2_am.csv,label_60,past,478,1939,0.2465
snapshot_sym2_date2_pm.csv,label_5,future,1994,1994,1.0
snapshot_sym2_date2_pm.csv,label_5,past,1295,1994,0.6494
snapshot_sym2_date2_pm.csv,label_10,future,1989,1989,1.0
snapshot_sym2_date2_pm.csv,label_10,past,1103,1989,0.5546
snapshot_sym2_date2_pm.csv,label_20,future,1979,1979,1.0
snapshot_sym2_date2_pm.csv,label_20,past,1121,1979,0.5664
snapshot_sym2_date2_pm.csv,label_40,future,1959,1959,1.0
snapshot_sym2_date2_pm.csv,label_40,past,806,1959,0.4114
snapshot_sym2_date2_pm.csv,label_60,future,1939,1939,1.0
snapshot_sym2_date2_pm.csv,label_60,past,685,1939,0.3533
snapshot_sym2_date30_am.csv,label_5,future,1994,1994,1.0
snapshot_sym2_date30_am.csv,label_5,past,1188,1994,0.5958
snapshot_sym2_date30_am.csv,label_10,future,1989,1989,1.0
snapshot_sym2_date30_am.csv,label_10,past,942,1989,0.4736
snapshot_sym2_date30_am.csv,label_20,future,1979,1979,1.0
snapshot_sym2_date30_am.csv,label_20,past,1129,1979,0.5705
snapshot_sym2_date30_am.csv,label_40,future,1959,1959,1.0
snapshot_sym2_date30_am.csv,label_40,past,691,1959,0.3527
snapshot_sym2_date30_am.csv,label_60,future,1939,1939,1.0
snapshot_sym2_date30_am.csv,label_60,past,522,1939,0.2692
snapshot_sym2_date30_pm.csv,label_5,future,1994,1994,1.0
snapshot_sym2_date30_pm.csv,label_5,past,1126,1994,0.5647
snapshot_sym2_date30_pm.csv,label_10,future,1989,1989,1.0
snapshot_sym2_date30_pm.csv,label_10,past,855,1989,0.4299
snapshot_sym2_date30_pm.csv,label_20,future,1979,1979,1.0
snapshot_sym2_date30_pm.csv,label_20,past,983,1979,0.4967
snapshot_sym2_date30_pm.csv,label_40,future,1959,1959,1.0
snapshot_sym2_date30_pm.csv,label_40,past,600,1959,0.3063
snapshot_sym2_date30_pm.csv,label_60,future,1939,1939,1.0
snapshot_sym2_date30_pm.csv,label_60,past,514,1939,0.2651
snapshot_sym2_date31_am.csv,label_5,future,1994,1994,1.0
snapshot_sym2_date31_am.csv,label_5,past,1002,1994,0.5025
snapshot_sym2_date31_am.csv,label_10,future,1989,1989,1.0
snapshot_sym2_date31_am.csv,label_10,past,856,1989,0.4304
snapshot_sym2_date31_am.csv,label_20,future,1979,1979,1.0
snapshot_sym2_date31_am.csv,label_20,past,787,1979,0.3977
snapshot_sym2_date31_am.csv,label_40,future,1959,1959,1.0
snapshot_sym2_date31_am.csv,label_40,past,485,1959,0.2476
snapshot_sym2_date31_am.csv,label_60,future,1939,1939,1.0
snapshot_sym2_date31_am.csv,label_60,past,633,1939,0.3265
snapshot_sym2_date31_pm.csv,label_5,future,1994,1994,1.0
snapshot_sym2_date31_pm.csv,label_5,past,1219,1994,0.6113
snapshot_sym2_date31_pm.csv,label_10,future,1989,1989,1.0
snapshot_sym2_date31_pm.csv,label_10,past,1005,1989,0.5053
snapshot_sym2_date31_pm.csv,label_20,future,1979,1979,1.0
snapshot_sym2_date31_pm.csv,label_20,past,955,1979,0.4826
snapshot_sym2_date31_pm.csv,label_40,future,1959,1959,1.0
snapshot_sym2_date31_pm.csv,label_40,past,575,1959,0.2935
snapshot_sym2_date31_pm.csv,label_60,future,1939,1939,1.0
snapshot_sym2_date31_pm.csv,label_60,past,647,1939,0.3337
snapshot_sym2_date32_am.csv,label_5,future,1994,1994,1.0
snapshot_sym2_date32_am.csv,label_5,past,1041,1994,0.5221
snapshot_sym2_date32_am.csv,label_10,future,1989,1989,1.0
snapshot_sym2_date32_am.csv,label_10,past,843,1989,0.4238
snapshot_sym2_date32_am.csv,label_20,future,1979,1979,1.0
snapshot_sym2_date32_am.csv,label_20,past,798,1979,0.4032
snapshot_sym2_date32_am.csv,label_40,future,1959,1959,1.0
snapshot_sym2_date32_am.csv,label_40,past,690,1959,0.3522
snapshot_sym2_date32_am.csv,label_60,future,1939,1939,1.0
snapshot_sym2_date32_am.csv,label_60,past,557,1939,0.2873
snapshot_sym2_date32_pm.csv,label_5,future,1994,1994,1.0
snapshot_sym2_date32_pm.csv,label_5,past,1192,1994,0.5978
snapshot_sym2_date32_pm.csv,label_10,future,1989,1989,1.0
snapshot_sym2_date32_pm.csv,label_10,past,941,1989,0.4731
snapshot_sym2_date32_pm.csv,label_20,future,1979,1979,1.0
snapshot_sym2_date32_pm.csv,label_20,past,909,1979,0.4593
snapshot_sym2_date32_pm.csv,label_40,future,1959,1959,1.0
snapshot_sym2_date32_pm.csv,label_40,past,650,1959,0.3318
snapshot_sym2_date32_pm.csv,label_60,future,1939,1939,1.0
snapshot_sym2_date32_pm.csv,label_60,past,581,1939,0.2996
snapshot_sym2_date33_am.csv,label_5,future,1994,1994,1.0
snapshot_sym2_date33_am.csv,label_5,past,1050,1994,0.5266
snapshot_sym2_date33_am.csv,label_10,future,1989,1989,1.0
snapshot_sym2_date33_am.csv,label_10,past,1086,1989,0.546
snapshot_sym2_date33_am.csv,label_20,future,1979,1979,1.0
snapshot_sym2_date33_am.csv,label_20,past,988,1979,0.4992
snapshot_sym2_date33_am.csv,label_40,future,1959,1959,1.0
snapshot_sym2_date33_am.csv,label_40,past,594,1959,0.3032
snapshot_sym2_date33_am.csv,label_60,future,1939,1939,1.0
snapshot_sym2_date33_am.csv,label_60,past,522,1939,0.2692
snapshot_sym2_date33_pm.csv,label_5,future,1994,1994,1.0
snapshot_sym2_date33_pm.csv,label_5,past,1063,1994,0.5331
snapshot_sym2_date33_pm.csv,label_10,future,1989,1989,1.0
snapshot_sym2_date33_pm.csv,label_10,past,1022,1989,0.5138
snapshot_sym2_date33_pm.csv,label_20,future,1979,1979,1.0
snapshot_sym2_date33_pm.csv,label_20,past,997,1979,0.5038
snapshot_sym2_date33_pm.csv,label_40,future,1959,1959,1.0
snapshot_sym2_date33_pm.csv,label_40,past,839,1959,0.4283
snapshot_sym2_date33_pm.csv,label_60,future,1939,1939,1.0
snapshot_sym2_date33_pm.csv,label_60,past,722,1939,0.3724
snapshot_sym2_date34_am.csv,label_5,future,1994,1994,1.0
snapshot_sym2_date34_am.csv,label_5,past,1016,1994,0.5095
snapshot_sym2_date34_am.csv,label_10,future,1989,1989,1.0
snapshot_sym2_date34_am.csv,label_10,past,950,1989,0.4776
snapshot_sym2_date34_am.csv,label_20,future,1979,1979,1.0
snapshot_sym2_date34_am.csv,label_20,past,898,1979,0.4538
snapshot_sym2_date34_am.csv,label_40,future,1959,1959,1.0
snapshot_sym2_date34_am.csv,label_40,past,631,1959,0.3221
snapshot_sym2_date34_am.csv,label_60,future,1939,1939,1.0
snapshot_sym2_date34_am.csv,label_60,past,558,1939,0.2878
snapshot_sym2_date34_pm.csv,label_5,future,1994,1994,1.0
snapshot_sym2_date34_pm.csv,label_5,past,1104,1994,0.5537
snapshot_sym2_date34_pm.csv,label_10,future,1989,1989,1.0
snapshot_sym2_date34_pm.csv,label_10,past,1068,1989,0.537
snapshot_sym2_date34_pm.csv,label_20,future,1979,1979,1.0
snapshot_sym2_date34_pm.csv,label_20,past,844,1979,0.4265
snapshot_sym2_date34_pm.csv,label_40,future,1959,1959,1.0
snapshot_sym2_date34_pm.csv,label_40,past,734,1959,0.3747
snapshot_sym2_date34_pm.csv,label_60,future,1939,1939,1.0
snapshot_sym2_date34_pm.csv,label_60,past,795,1939,0.41
snapshot_sym2_date35_am.csv,label_5,future,1994,1994,1.0
snapshot_sym2_date35_am.csv,label_5,past,987,1994,0.495
snapshot_sym2_date35_am.csv,label_10,future,1989,1989,1.0
snapshot_sym2_date35_am.csv,label_10,past,853,1989,0.4289
snapshot_sym2_date35_am.csv,label_20,future,1979,1979,1.0
snapshot_sym2_date35_am.csv,label_20,past,784,1979,0.3962
snapshot_sym2_date35_am.csv,label_40,future,1959,1959,1.0
snapshot_sym2_date35_am.csv,label_40,past,740,1959,0.3777
snapshot_sym2_date35_am.csv,label_60,future,1939,1939,1.0
snapshot_sym2_date35_am.csv,label_60,past,617,1939,0.3182
snapshot_sym2_date35_pm.csv,label_5,future,1994,1994,1.0
snapshot_sym2_date35_pm.csv,label_5,past,1029,1994,0.516
snapshot_sym2_date35_pm.csv,label_10,future,1989,1989,1.0
snapshot_sym2_date35_pm.csv,label_10,past,962,1989,0.4837
snapshot_sym2_date35_pm.csv,label_20,future,1979,1979,1.0
snapshot_sym2_date35_pm.csv,label_20,past,778,1979,0.3931
snapshot_sym2_date35_pm.csv,label_40,future,1959,1959,1.0
snapshot_sym2_date35_pm.csv,label_40,past,690,1959,0.3522
snapshot_sym2_date35_pm.csv,label_60,future,1939,1939,1.0
snapshot_sym2_date35_pm.csv,label_60,past,630,1939,0.3249
snapshot_sym2_date36_am.csv,label_5,future,1994,1994,1.0
snapshot_sym2_date36_am.csv,label_5,past,978,1994,0.4905
snapshot_sym2_date36_am.csv,label_10,future,1989,1989,1.0
snapshot_sym2_date36_am.csv,label_10,past,918,1989,0.4615
snapshot_sym2_date36_am.csv,label_20,future,1979,1979,1.0
snapshot_sym2_date36_am.csv,label_20,past,708,1979,0.3578
snapshot_sym2_date36_am.csv,label_40,future,1959,1959,1.0
snapshot_sym2_date36_am.csv,label_40,past,546,1959,0.2787
snapshot_sym2_date36_am.csv,label_60,future,1939,1939,1.0
snapshot_sym2_date36_am.csv,label_60,past,555,1939,0.2862
snapshot_sym2_date36_pm.csv,label_5,future,1994,1994,1.0
snapshot_sym2_date36_pm.csv,label_5,past,1003,1994,0.503
snapshot_sym2_date36_pm.csv,label_10,future,1989,1989,1.0
snapshot_sym2_date36_pm.csv,label_10,past,917,1989,0.461
snapshot_sym2_date36_pm.csv,label_20,future,1979,1979,1.0
snapshot_sym2_date36_pm.csv,label_20,past,926,1979,0.4679
snapshot_sym2_date36_pm.csv,label_40,future,1959,1959,1.0
snapshot_sym2_date36_pm.csv,label_40,past,581,1959,0.2966
snapshot_sym2_date36_pm.csv,label_60,future,1939,1939,1.0
snapshot_sym2_date36_pm.csv,label_60,past,472,1939,0.2434
snapshot_sym2_date37_am.csv,label_5,future,1994,1994,1.0
snapshot_sym2_date37_am.csv,label_5,past,1038,1994,0.5206
snapshot_sym2_date37_am.csv,label_10,future,1989,1989,1.0
snapshot_sym2_date37_am.csv,label_10,past,878,1989,0.4414
snapshot_sym2_date37_am.csv,label_20,future,1979,1979,1.0
snapshot_sym2_date37_am.csv,label_20,past,818,1979,0.4133
snapshot_sym2_date37_am.csv,label_40,future,1959,1959,1.0
snapshot_sym2_date37_am.csv,label_40,past,524,1959,0.2675
snapshot_sym2_date37_am.csv,label_60,future,1939,1939,1.0
snapshot_sym2_date37_am.csv,label_60,past,533,1939,0.2749
snapshot_sym2_date37_pm.csv,label_5,future,1994,1994,1.0
snapshot_sym2_date37_pm.csv,label_5,past,1129,1994,0.5662
snapshot_sym2_date37_pm.csv,label_10,future,1989,1989,1.0
snapshot_sym2_date37_pm.csv,label_10,past,824,1989,0.4143
snapshot_sym2_date37_pm.csv,label_20,future,1979,1979,1.0
snapshot_sym2_date37_pm.csv,label_20,past,959,1979,0.4846
snapshot_sym2_date37_pm.csv,label_40,future,1959,1959,1.0
snapshot_sym2_date37_pm.csv,label_40,past,618,1959,0.3155
snapshot_sym2_date37_pm.csv,label_60,future,1939,1939,1.0
snapshot_sym2_date37_pm.csv,label_60,past,539,1939,0.278
snapshot_sym2_date38_am.csv,label_5,future,1994,1994,1.0
snapshot_sym2_date38_am.csv,label_5,past,1077,1994,0.5401
snapshot_sym2_date38_am.csv,label_10,future,1989,1989,1.0
snapshot_sym2_date38_am.csv,label_10,past,1021,1989,0.5133
snapshot_sym2_date38_am.csv,label_20,future,1979,1979,1.0
snapshot_sym2_date38_am.csv,label_20,past,801,1979,0.4047
snapshot_sym2_date38_am.csv,label_40,future,1959,1959,1.0
snapshot_sym2_date38_am.csv,label_40,past,600,1959,0.3063
snapshot_sym2_date38_am.csv,label_60,future,1939,1939,1.0
snapshot_sym2_date38_am.csv,label_60,past,628,1939,0.3239
snapshot_sym2_date38_pm.csv,label_5,future,1994,1994,1.0
snapshot_sym2_date38_pm.csv,label_5,past,1258,1994,0.6309
snapshot_sym2_date38_pm.csv,label_10,future,1989,1989,1.0
snapshot_sym2_date38_pm.csv,label_10,past,1133,1989,0.5696
snapshot_sym2_date38_pm.csv,label_20,future,1979,1979,1.0
snapshot_sym2_date38_pm.csv,label_20,past,1059,1979,0.5351
snapshot_sym2_date38_pm.csv,label_40,future,1959,1959,1.0
snapshot_sym2_date38_pm.csv,label_40,past,560,1959,0.2859
snapshot_sym2_date38_pm.csv,label_60,future,1939,1939,1.0
snapshot_sym2_date38_pm.csv,label_60,past,547,1939,0.2821
snapshot_sym2_date39_am.csv,label_5,future,1994,1994,1.0
snapshot_sym2_date39_am.csv,label_5,past,991,1994,0.497
snapshot_sym2_date39_am.csv,label_10,future,1989,1989,1.0
snapshot_sym2_date39_am.csv,label_10,past,1016,1989,0.5108
snapshot_sym2_date39_am.csv,label_20,future,1979,1979,1.0
snapshot_sym2_date39_am.csv,label_20,past,719,1979,0.3633
snapshot_sym2_date39_am.csv,label_40,future,1959,1959,1.0
snapshot_sym2_date39_am.csv,label_40,past,614,1959,0.3134
snapshot_sym2_date39_am.csv,label_60,future,1939,1939,1.0
snapshot_sym2_date39_am.csv,label_60,past,788,1939,0.4064
snapshot_sym2_date39_pm.csv,label_5,future,1994,1994,1.0
snapshot_sym2_date39_pm.csv,label_5,past,1184,1994,0.5938
snapshot_sym2_date39_pm.csv,label_10,future,1989,1989,1.0
snapshot_sym2_date39_pm.csv,label_10,past,1145,1989,0.5757
snapshot_sym2_date39_pm.csv,label_20,future,1979,1979,1.0
snapshot_sym2_date39_pm.csv,label_20,past,1027,1979,0.5189
snapshot_sym2_date39_pm.csv,label_40,future,1959,1959,1.0
snapshot_sym2_date39_pm.csv,label_40,past,658,1959,0.3359
snapshot_sym2_date39_pm.csv,label_60,future,1939,1939,1.0
snapshot_sym2_date39_pm.csv,label_60,past,527,1939,0.2718
snapshot_sym2_date3_am.csv,label_5,future,1994,1994,1.0
snapshot_sym2_date3_am.csv,label_5,past,1078,1994,0.5406
snapshot_sym2_date3_am.csv,label_10,future,1989,1989,1.0
snapshot_sym2_date3_am.csv,label_10,past,983,1989,0.4942
snapshot_sym2_date3_am.csv,label_20,future,1979,1979,1.0
snapshot_sym2_date3_am.csv,label_20,past,969,1979,0.4896
snapshot_sym2_date3_am.csv,label_40,future,1959,1959,1.0
snapshot_sym2_date3_am.csv,label_40,past,746,1959,0.3808
snapshot_sym2_date3_am.csv,label_60,future,1939,1939,1.0
snapshot_sym2_date3_am.csv,label_60,past,614,1939,0.3167
snapshot_sym2_date3_pm.csv,label_5,future,1994,1994,1.0
snapshot_sym2_date3_pm.csv,label_5,past,1378,1994,0.6911
snapshot_sym2_date3_pm.csv,label_10,future,1989,1989,1.0
snapshot_sym2_date3_pm.csv,label_10,past,1077,1989,0.5415
snapshot_sym2_date3_pm.csv,label_20,future,1979,1979,1.0
snapshot_sym2_date3_pm.csv,label_20,past,1296,1979,0.6549
snapshot_sym2_date3_pm.csv,label_40,future,1959,1959,1.0
snapshot_sym2_date3_pm.csv,label_40,past,846,1959,0.4319
snapshot_sym2_date3_pm.csv,label_60,future,1939,1939,1.0
snapshot_sym2_date3_pm.csv,label_60,past,661,1939,0.3409
snapshot_sym2_date40_am.csv,label_5,future,1994,1994,1.0
snapshot_sym2_date40_am.csv,label_5,past,1320,1994,0.662
snapshot_sym2_date40_am.csv,label_10,future,1989,1989,1.0
snapshot_sym2_date40_am.csv,label_10,past,1312,1989,0.6596
snapshot_sym2_date40_am.csv,label_20,future,1979,1979,1.0
snapshot_sym2_date40_am.csv,label_20,past,1257,1979,0.6352
snapshot_sym2_date40_am.csv,label_40,future,1959,1959,1.0
snapshot_sym2_date40_am.csv,label_40,past,985,1959,0.5028
snapshot_sym2_date40_am.csv,label_60,future,1939,1939,1.0
snapshot_sym2_date40_am.csv,label_60,past,886,1939,0.4569
snapshot_sym2_date40_pm.csv,label_5,future,1994,1994,1.0
snapshot_sym2_date40_pm.csv,label_5,past,1253,1994,0.6284
snapshot_sym2_date40_pm.csv,label_10,future,1989,1989,1.0
snapshot_sym2_date40_pm.csv,label_10,past,1140,1989,0.5732
snapshot_sym2_date40_pm.csv,label_20,future,1979,1979,1.0
snapshot_sym2_date40_pm.csv,label_20,past,979,1979,0.4947
snapshot_sym2_date40_pm.csv,label_40,future,1959,1959,1.0
snapshot_sym2_date40_pm.csv,label_40,past,624,1959,0.3185
snapshot_sym2_date40_pm.csv,label_60,future,1939,1939,1.0
snapshot_sym2_date40_pm.csv,label_60,past,503,1939,0.2594
snapshot_sym2_date41_am.csv,label_5,future,1994,1994,1.0
snapshot_sym2_date41_am.csv,label_5,past,1084,1994,0.5436
snapshot_sym2_date41_am.csv,label_10,future,1989,1989,1.0
snapshot_sym2_date41_am.csv,label_10,past,955,1989,0.4801
snapshot_sym2_date41_am.csv,label_20,future,1979,1979,1.0
snapshot_sym2_date41_am.csv,label_20,past,791,1979,0.3997
snapshot_sym2_date41_am.csv,label_40,future,1959,1959,1.0
snapshot_sym2_date41_am.csv,label_40,past,807,1959,0.4119
snapshot_sym2_date41_am.csv,label_60,future,1939,1939,1.0
snapshot_sym2_date41_am.csv,label_60,past,749,1939,0.3863
snapshot_sym2_date41_pm.csv,label_5,future,1994,1994,1.0
snapshot_sym2_date41_pm.csv,label_5,past,1102,1994,0.5527
snapshot_sym2_date41_pm.csv,label_10,future,1989,1989,1.0
snapshot_sym2_date41_pm.csv,label_10,past,941,1989,0.4731
snapshot_sym2_date41_pm.csv,label_20,future,1979,1979,1.0
snapshot_sym2_date41_pm.csv,label_20,past,755,1979,0.3815
snapshot_sym2_date41_pm.csv,label_40,future,1959,1959,1.0
snapshot_sym2_date41_pm.csv,label_40,past,687,1959,0.3507
snapshot_sym2_date41_pm.csv,label_60,future,1939,1939,1.0
snapshot_sym2_date41_pm.csv,label_60,past,702,1939,0.362
snapshot_sym2_date42_pm.csv,label_5,future,1994,1994,1.0
snapshot_sym2_date42_pm.csv,label_5,past,1513,1994,0.7588
snapshot_sym2_date42_pm.csv,label_10,future,1989,1989,1.0
snapshot_sym2_date42_pm.csv,label_10,past,1558,1989,0.7833
snapshot_sym2_date42_pm.csv,label_20,future,1979,1979,1.0
snapshot_sym2_date42_pm.csv,label_20,past,1416,1979,0.7155
snapshot_sym2_date42_pm.csv,label_40,future,1959,1959,1.0
snapshot_sym2_date42_pm.csv,label_40,past,1230,1959,0.6279
snapshot_sym2_date42_pm.csv,label_60,future,1939,1939,1.0
snapshot_sym2_date42_pm.csv,label_60,past,1186,1939,0.6117
snapshot_sym2_date43_am.csv,label_5,future,1994,1994,1.0
snapshot_sym2_date43_am.csv,label_5,past,953,1994,0.4779
snapshot_sym2_date43_am.csv,label_10,future,1989,1989,1.0
snapshot_sym2_date43_am.csv,label_10,past,1005,1989,0.5053
snapshot_sym2_date43_am.csv,label_20,future,1979,1979,1.0
snapshot_sym2_date43_am.csv,label_20,past,818,1979,0.4133
snapshot_sym2_date43_am.csv,label_40,future,1959,1959,1.0
snapshot_sym2_date43_am.csv,label_40,past,643,1959,0.3282
snapshot_sym2_date43_am.csv,label_60,future,1939,1939,1.0
snapshot_sym2_date43_am.csv,label_60,past,637,1939,0.3285
snapshot_sym2_date43_pm.csv,label_5,future,1994,1994,1.0
snapshot_sym2_date43_pm.csv,label_5,past,1389,1994,0.6966
snapshot_sym2_date43_pm.csv,label_10,future,1989,1989,1.0
snapshot_sym2_date43_pm.csv,label_10,past,1230,1989,0.6184
snapshot_sym2_date43_pm.csv,label_20,future,1979,1979,1.0
snapshot_sym2_date43_pm.csv,label_20,past,1164,1979,0.5882
snapshot_sym2_date43_pm.csv,label_40,future,1959,1959,1.0
snapshot_sym2_date43_pm.csv,label_40,past,818,1959,0.4176
snapshot_sym2_date43_pm.csv,label_60,future,1939,1939,1.0
snapshot_sym2_date43_pm.csv,label_60,past,632,1939,0.3259
snapshot_sym2_date44_pm.csv,label_5,future,1994,1994,1.0
snapshot_sym2_date44_pm.csv,label_5,past,923,1994,0.4629
snapshot_sym2_date44_pm.csv,label_10,future,1989,1989,1.0
snapshot_sym2_date44_pm.csv,label_10,past,932,1989,0.4686
snapshot_sym2_date44_pm.csv,label_20,future,1979,1979,1.0
snapshot_sym2_date44_pm.csv,label_20,past,701,1979,0.3542
snapshot_sym2_date44_pm.csv,label_40,future,1959,1959,1.0
snapshot_sym2_date44_pm.csv,label_40,past,579,1959,0.2956
snapshot_sym2_date44_pm.csv,label_60,future,1939,1939,1.0
snapshot_sym2_date44_pm.csv,label_60,past,598,1939,0.3084
snapshot_sym2_date45_am.csv,label_5,future,1994,1994,1.0
snapshot_sym2_date45_am.csv,label_5,past,988,1994,0.4955
snapshot_sym2_date45_am.csv,label_10,future,1989,1989,1.0
snapshot_sym2_date45_am.csv,label_10,past,986,1989,0.4957
snapshot_sym2_date45_am.csv,label_20,future,1979,1979,1.0
snapshot_sym2_date45_am.csv,label_20,past,743,1979,0.3754
snapshot_sym2_date45_am.csv,label_40,future,1959,1959,1.0
snapshot_sym2_date45_am.csv,label_40,past,626,1959,0.3196
snapshot_sym2_date45_am.csv,label_60,future,1939,1939,1.0
snapshot_sym2_date45_am.csv,label_60,past,645,1939,0.3326
snapshot_sym2_date45_pm.csv,label_5,future,1994,1994,1.0
snapshot_sym2_date45_pm.csv,label_5,past,1148,1994,0.5757
snapshot_sym2_date45_pm.csv,label_10,future,1989,1989,1.0
snapshot_sym2_date45_pm.csv,label_10,past,1138,1989,0.5721
snapshot_sym2_date45_pm.csv,label_20,future,1979,1979,1.0
snapshot_sym2_date45_pm.csv,label_20,past,1011,1979,0.5109
snapshot_sym2_date45_pm.csv,label_40,future,1959,1959,1.0
snapshot_sym2_date45_pm.csv,label_40,past,803,1959,0.4099
snapshot_sym2_date45_pm.csv,label_60,future,1939,1939,1.0
snapshot_sym2_date45_pm.csv,label_60,past,573,1939,0.2955
snapshot_sym2_date46_am.csv,label_5,future,1994,1994,1.0
snapshot_sym2_date46_am.csv,label_5,past,1121,1994,0.5622
snapshot_sym2_date46_am.csv,label_10,future,1989,1989,1.0
snapshot_sym2_date46_am.csv,label_10,past,1016,1989,0.5108
snapshot_sym2_date46_am.csv,label_20,future,1979,1979,1.0
snapshot_sym2_date46_am.csv,label_20,past,996,1979,0.5033
snapshot_sym2_date46_am.csv,label_40,future,1959,1959,1.0
snapshot_sym2_date46_am.csv,label_40,past,766,1959,0.391
snapshot_sym2_date46_am.csv,label_60,future,1939,1939,1.0
snapshot_sym2_date46_am.csv,label_60,past,620,1939,0.3198
snapshot_sym2_date46_pm.csv,label_5,future,1994,1994,1.0
snapshot_sym2_date46_pm.csv,label_5,past,1137,1994,0.5702
snapshot_sym2_date46_pm.csv,label_10,future,1989,1989,1.0
snapshot_sym2_date46_pm.csv,label_10,past,1065,1989,0.5354
snapshot_sym2_date46_pm.csv,label_20,future,1979,1979,1.0
snapshot_sym2_date46_pm.csv,label_20,past,954,1979,0.4821
snapshot_sym2_date46_pm.csv,label_40,future,1959,1959,1.0
snapshot_sym2_date46_pm.csv,label_40,past,738,1959,0.3767
snapshot_sym2_date46_pm.csv,label_60,future,1939,1939,1.0
snapshot_sym2_date46_pm.csv,label_60,past,571,1939,0.2945
snapshot_sym2_date47_am.csv,label_5,future,1994,1994,1.0
snapshot_sym2_date47_am.csv,label_5,past,1036,1994,0.5196
snapshot_sym2_date47_am.csv,label_10,future,1989,1989,1.0
snapshot_sym2_date47_am.csv,label_10,past,922,1989,0.4635
snapshot_sym2_date47_am.csv,label_20,future,1979,1979,1.0
snapshot_sym2_date47_am.csv,label_20,past,797,1979,0.4027
snapshot_sym2_date47_am.csv,label_40,future,1959,1959,1.0
snapshot_sym2_date47_am.csv,label_40,past,464,1959,0.2369
snapshot_sym2_date47_am.csv,label_60,future,1939,1939,1.0
snapshot_sym2_date47_am.csv,label_60,past,576,1939,0.2971
snapshot_sym2_date47_pm.csv,label_5,future,1994,1994,1.0
snapshot_sym2_date47_pm.csv,label_5,past,1218,1994,0.6108
snapshot_sym2_date47_pm.csv,label_10,future,1989,1989,1.0
snapshot_sym2_date47_pm.csv,label_10,past,1042,1989,0.5239
snapshot_sym2_date47_pm.csv,label_20,future,1979,1979,1.0
snapshot_sym2_date47_pm.csv,label_20,past,987,1979,0.4987
snapshot_sym2_date47_pm.csv,label_40,future,1959,1959,1.0
snapshot_sym2_date47_pm.csv,label_40,past,620,1959,0.3165
snapshot_sym2_date47_pm.csv,label_60,future,1939,1939,1.0
snapshot_sym2_date47_pm.csv,label_60,past,516,1939,0.2661
snapshot_sym2_date48_am.csv,label_5,future,1994,1994,1.0
snapshot_sym2_date48_am.csv,label_5,past,1038,1994,0.5206
snapshot_sym2_date48_am.csv,label_10,future,1989,1989,1.0
snapshot_sym2_date48_am.csv,label_10,past,918,1989,0.4615
snapshot_sym2_date48_am.csv,label_20,future,1979,1979,1.0
snapshot_sym2_date48_am.csv,label_20,past,898,1979,0.4538
snapshot_sym2_date48_am.csv,label_40,future,1959,1959,1.0
snapshot_sym2_date48_am.csv,label_40,past,688,1959,0.3512
snapshot_sym2_date48_am.csv,label_60,future,1939,1939,1.0
snapshot_sym2_date48_am.csv,label_60,past,573,1939,0.2955
snapshot_sym2_date48_pm.csv,label_5,future,1994,1994,1.0
snapshot_sym2_date48_pm.csv,label_5,past,1174,1994,0.5888
snapshot_sym2_date48_pm.csv,label_10,future,1989,1989,1.0
snapshot_sym2_date48_pm.csv,label_10,past,935,1989,0.4701
snapshot_sym2_date48_pm.csv,label_20,future,1979,1979,1.0
snapshot_sym2_date48_pm.csv,label_20,past,989,1979,0.4997
snapshot_sym2_date48_pm.csv,label_40,future,1959,1959,1.0
snapshot_sym2_date48_pm.csv,label_40,past,542,1959,0.2767
snapshot_sym2_date48_pm.csv,label_60,future,1939,1939,1.0
snapshot_sym2_date48_pm.csv,label_60,past,415,1939,0.214
snapshot_sym2_date49_am.csv,label_5,future,1994,1994,1.0
snapshot_sym2_date49_am.csv,label_5,past,1131,1994,0.5672
snapshot_sym2_date49_am.csv,label_10,future,1989,1989,1.0
snapshot_sym2_date49_am.csv,label_10,past,985,1989,0.4952
snapshot_sym2_date49_am.csv,label_20,future,1979,1979,1.0
snapshot_sym2_date49_am.csv,label_20,past,782,1979,0.3951
snapshot_sym2_date49_am.csv,label_40,future,1959,1959,1.0
snapshot_sym2_date49_am.csv,label_40,past,538,1959,0.2746
snapshot_sym2_date49_am.csv,label_60,future,1939,1939,1.0
snapshot_sym2_date49_am.csv,label_60,past,579,1939,0.2986
snapshot_sym2_date49_pm.csv,label_5,future,1994,1994,1.0
snapshot_sym2_date49_pm.csv,label_5,past,1486,1994,0.7452
snapshot_sym2_date49_pm.csv,label_10,future,1989,1989,1.0
snapshot_sym2_date49_pm.csv,label_10,past,1267,1989,0.637
snapshot_sym2_date49_pm.csv,label_20,future,1979,1979,1.0
snapshot_sym2_date49_pm.csv,label_20,past,1260,1979,0.6367
snapshot_sym2_date49_pm.csv,label_40,future,1959,1959,1.0
snapshot_sym2_date49_pm.csv,label_40,past,864,1959,0.441
snapshot_sym2_date49_pm.csv,label_60,future,1939,1939,1.0
snapshot_sym2_date49_pm.csv,label_60,past,658,1939,0.3394
snapshot_sym2_date4_am.csv,label_5,future,1994,1994,1.0
snapshot_sym2_date4_am.csv,label_5,past,1192,1994,0.5978
snapshot_sym2_date4_am.csv,label_10,future,1989,1989,1.0
snapshot_sym2_date4_am.csv,label_10,past,969,1989,0.4872
snapshot_sym2_date4_am.csv,label_20,future,1979,1979,1.0
snapshot_sym2_date4_am.csv,label_20,past,1120,1979,0.5659
snapshot_sym2_date4_am.csv,label_40,future,1959,1959,1.0
snapshot_sym2_date4_am.csv,label_40,past,650,1959,0.3318
snapshot_sym2_date4_am.csv,label_60,future,1939,1939,1.0
snapshot_sym2_date4_am.csv,label_60,past,581,1939,0.2996
snapshot_sym2_date4_pm.csv,label_5,future,1994,1994,1.0
snapshot_sym2_date4_pm.csv,label_5,past,1653,1994,0.829
snapshot_sym2_date4_pm.csv,label_10,future,1989,1989,1.0
snapshot_sym2_date4_pm.csv,label_10,past,1402,1989,0.7049
snapshot_sym2_date4_pm.csv,label_20,future,1979,1979,1.0
snapshot_sym2_date4_pm.csv,label_20,past,1664,1979,0.8408
snapshot_sym2_date4_pm.csv,label_40,future,1959,1959,1.0
snapshot_sym2_date4_pm.csv,label_40,past,1339,1959,0.6835
snapshot_sym2_date4_pm.csv,label_60,future,1939,1939,1.0
snapshot_sym2_date4_pm.csv,label_60,past,1012,1939,0.5219
snapshot_sym2_date50_am.csv,label_5,future,1994,1994,1.0
snapshot_sym2_date50_am.csv,label_5,past,1196,1994,0.5998
snapshot_sym2_date50_am.csv,label_10,future,1989,1989,1.0
snapshot_sym2_date50_am.csv,label_10,past,892,1989,0.4485
snapshot_sym2_date50_am.csv,label_20,future,1979,1979,1.0
snapshot_sym2_date50_am.csv,label_20,past,797,1979,0.4027
snapshot_sym2_date50_am.csv,label_40,future,1959,1959,1.0
snapshot_sym2_date50_am.csv,label_40,past,538,1959,0.2746
snapshot_sym2_date50_am.csv,label_60,future,1939,1939,1.0
snapshot_sym2_date50_am.csv,label_60,past,666,1939,0.3435
snapshot_sym2_date50_pm.csv,label_5,future,1994,1994,1.0
snapshot_sym2_date50_pm.csv,label_5,past,1433,1994,0.7187
snapshot_sym2_date50_pm.csv,label_10,future,1989,1989,1.0
snapshot_sym2_date50_pm.csv,label_10,past,1143,1989,0.5747
snapshot_sym2_date50_pm.csv,label_20,future,1979,1979,1.0
snapshot_sym2_date50_pm.csv,label_20,past,1217,1979,0.615
snapshot_sym2_date50_pm.csv,label_40,future,1959,1959,1.0
snapshot_sym2_date50_pm.csv,label_40,past,697,1959,0.3558
snapshot_sym2_date50_pm.csv,label_60,future,1939,1939,1.0
snapshot_sym2_date50_pm.csv,label_60,past,498,1939,0.2568
snapshot_sym2_date51_am.csv,label_5,future,1994,1994,1.0
snapshot_sym2_date51_am.csv,label_5,past,899,1994,0.4509
snapshot_sym2_date51_am.csv,label_10,future,1989,1989,1.0
snapshot_sym2_date51_am.csv,label_10,past,876,1989,0.4404
snapshot_sym2_date51_am.csv,label_20,future,1979,1979,1.0
snapshot_sym2_date51_am.csv,label_20,past,754,1979,0.381
snapshot_sym2_date51_am.csv,label_40,future,1959,1959,1.0
snapshot_sym2_date51_am.csv,label_40,past,626,1959,0.3196
snapshot_sym2_date51_am.csv,label_60,future,1939,1939,1.0
snapshot_sym2_date51_am.csv,label_60,past,601,1939,0.31
snapshot_sym2_date51_pm.csv,label_5,future,1994,1994,1.0
snapshot_sym2_date51_pm.csv,label_5,past,1121,1994,0.5622
snapshot_sym2_date51_pm.csv,label_10,future,1989,1989,1.0
snapshot_sym2_date51_pm.csv,label_10,past,986,1989,0.4957
snapshot_sym2_date51_pm.csv,label_20,future,1979,1979,1.0
snapshot_sym2_date51_pm.csv,label_20,past,867,1979,0.4381
snapshot_sym2_date51_pm.csv,label_40,future,1959,1959,1.0
snapshot_sym2_date51_pm.csv,label_40,past,555,1959,0.2833
snapshot_sym2_date51_pm.csv,label_60,future,1939,1939,1.0
snapshot_sym2_date51_pm.csv,label_60,past,524,1939,0.2702
snapshot_sym2_date52_am.csv,label_5,future,1994,1994,1.0
snapshot_sym2_date52_am.csv,label_5,past,1107,1994,0.5552
snapshot_sym2_date52_am.csv,label_10,future,1989,1989,1.0
snapshot_sym2_date52_am.csv,label_10,past,1010,1989,0.5078
snapshot_sym2_date52_am.csv,label_20,future,1979,1979,1.0
snapshot_sym2_date52_am.csv,label_20,past,852,1979,0.4305
snapshot_sym2_date52_am.csv,label_40,future,1959,1959,1.0
snapshot_sym2_date52_am.csv,label_40,past,598,1959,0.3053
snapshot_sym2_date52_am.csv,label_60,future,1939,1939,1.0
snapshot_sym2_date52_am.csv,label_60,past,497,1939,0.2563
snapshot_sym2_date52_pm.csv,label_5,future,1994,1994,1.0
snapshot_sym2_date52_pm.csv,label_5,past,1381,1994,0.6926
snapshot_sym2_date52_pm.csv,label_10,future,1989,1989,1.0
snapshot_sym2_date52_pm.csv,label_10,past,1125,1989,0.5656
snapshot_sym2_date52_pm.csv,label_20,future,1979,1979,1.0
snapshot_sym2_date52_pm.csv,label_20,past,1009,1979,0.5099
snapshot_sym2_date52_pm.csv,label_40,future,1959,1959,1.0
snapshot_sym2_date52_pm.csv,label_40,past,663,1959,0.3384
snapshot_sym2_date52_pm.csv,label_60,future,1939,1939,1.0
snapshot_sym2_date52_pm.csv,label_60,past,502,1939,0.2589
snapshot_sym2_date53_am.csv,label_5,future,1994,1994,1.0
snapshot_sym2_date53_am.csv,label_5,past,1127,1994,0.5652
snapshot_sym2_date53_am.csv,label_10,future,1989,1989,1.0
snapshot_sym2_date53_am.csv,label_10,past,893,1989,0.449
snapshot_sym2_date53_am.csv,label_20,future,1979,1979,1.0
snapshot_sym2_date53_am.csv,label_20,past,841,1979,0.425
snapshot_sym2_date53_am.csv,label_40,future,1959,1959,1.0
snapshot_sym2_date53_am.csv,label_40,past,599,1959,0.3058
snapshot_sym2_date53_am.csv,label_60,future,1939,1939,1.0
snapshot_sym2_date53_am.csv,label_60,past,605,1939,0.312
snapshot_sym2_date53_pm.csv,label_5,future,1994,1994,1.0
snapshot_sym2_date53_pm.csv,label_5,past,1104,1994,0.5537
snapshot_sym2_date53_pm.csv,label_10,future,1989,1989,1.0
snapshot_sym2_date53_pm.csv,label_10,past,1004,1989,0.5048
snapshot_sym2_date53_pm.csv,label_20,future,1979,1979,1.0
snapshot_sym2_date53_pm.csv,label_20,past,802,1979,0.4053
snapshot_sym2_date53_pm.csv,label_40,future,1959,1959,1.0
snapshot_sym2_date53_pm.csv,label_40,past,618,1959,0.3155
snapshot_sym2_date53_pm.csv,label_60,future,1939,1939,1.0
snapshot_sym2_date53_pm.csv,label_60,past,554,1939,0.2857
snapshot_sym2_date54_am.csv,label_5,future,1994,1994,1.0
snapshot_sym2_date54_am.csv,label_5,past,931,1994,0.4669
snapshot_sym2_date54_am.csv,label_10,future,1989,1989,1.0
snapshot_sym2_date54_am.csv,label_10,past,856,1989,0.4304
snapshot_sym2_date54_am.csv,label_20,future,1979,1979,1.0
snapshot_sym2_date54_am.csv,label_20,past,682,1979,0.3446
snapshot_sym2_date54_am.csv,label_40,future,1959,1959,1.0
snapshot_sym2_date54_am.csv,label_40,past,605,1959,0.3088
snapshot_sym2_date54_am.csv,label_60,future,1939,1939,1.0
snapshot_sym2_date54_am.csv,label_60,past,601,1939,0.31
snapshot_sym2_date54_pm.csv,label_5,future,1994,1994,1.0
snapshot_sym2_date54_pm.csv,label_5,past,1129,1994,0.5662
snapshot_sym2_date54_pm.csv,label_10,future,1989,1989,1.0
snapshot_sym2_date54_pm.csv,label_10,past,1038,1989,0.5219
snapshot_sym2_date54_pm.csv,label_20,future,1979,1979,1.0
snapshot_sym2_date54_pm.csv,label_20,past,914,1979,0.4618
snapshot_sym2_date54_pm.csv,label_40,future,1959,1959,1.0
snapshot_sym2_date54_pm.csv,label_40,past,743,1959,0.3793
snapshot_sym2_date54_pm.csv,label_60,future,1939,1939,1.0
snapshot_sym2_date54_pm.csv,label_60,past,638,1939,0.329
snapshot_sym2_date55_am.csv,label_5,future,1994,1994,1.0
snapshot_sym2_date55_am.csv,label_5,past,934,1994,0.4684
snapshot_sym2_date55_am.csv,label_10,future,1989,1989,1.0
snapshot_sym2_date55_am.csv,label_10,past,889,1989,0.447
snapshot_sym2_date55_am.csv,label_20,future,1979,1979,1.0
snapshot_sym2_date55_am.csv,label_20,past,686,1979,0.3466
snapshot_sym2_date55_am.csv,label_40,future,1959,1959,1.0
snapshot_sym2_date55_am.csv,label_40,past,662,1959,0.3379
snapshot_sym2_date55_am.csv,label_60,future,1939,1939,1.0
snapshot_sym2_date55_am.csv,label_60,past,681,1939,0.3512
snapshot_sym2_date55_pm.csv,label_5,future,1994,1994,1.0
snapshot_sym2_date55_pm.csv,label_5,past,1031,1994,0.5171
snapshot_sym2_date55_pm.csv,label_10,future,1989,1989,1.0
snapshot_sym2_date55_pm.csv,label_10,past,983,1989,0.4942
snapshot_sym2_date55_pm.csv,label_20,future,1979,1979,1.0
snapshot_sym2_date55_pm.csv,label_20,past,917,1979,0.4634
snapshot_sym2_date55_pm.csv,label_40,future,1959,1959,1.0
snapshot_sym2_date55_pm.csv,label_40,past,708,1959,0.3614
snapshot_sym2_date55_pm.csv,label_60,future,1939,1939,1.0
snapshot_sym2_date55_pm.csv,label_60,past,676,1939,0.3486
snapshot_sym2_date56_am.csv,label_5,future,1994,1994,1.0
snapshot_sym2_date56_am.csv,label_5,past,1034,1994,0.5186
snapshot_sym2_date56_am.csv,label_10,future,1989,1989,1.0
snapshot_sym2_date56_am.csv,label_10,past,1038,1989,0.5219
snapshot_sym2_date56_am.csv,label_20,future,1979,1979,1.0
snapshot_sym2_date56_am.csv,label_20,past,811,1979,0.4098
snapshot_sym2_date56_am.csv,label_40,future,1959,1959,1.0
snapshot_sym2_date56_am.csv,label_40,past,716,1959,0.3655
snapshot_sym2_date56_am.csv,label_60,future,1939,1939,1.0
snapshot_sym2_date56_am.csv,label_60,past,714,1939,0.3682
snapshot_sym2_date56_pm.csv,label_5,future,1994,1994,1.0
snapshot_sym2_date56_pm.csv,label_5,past,1072,1994,0.5376
snapshot_sym2_date56_pm.csv,label_10,future,1989,1989,1.0
snapshot_sym2_date56_pm.csv,label_10,past,931,1989,0.4681
snapshot_sym2_date56_pm.csv,label_20,future,1979,1979,1.0
snapshot_sym2_date56_pm.csv,label_20,past,944,1979,0.477
snapshot_sym2_date56_pm.csv,label_40,future,1959,1959,1.0
snapshot_sym2_date56_pm.csv,label_40,past,603,1959,0.3078
snapshot_sym2_date56_pm.csv,label_60,future,1939,1939,1.0
snapshot_sym2_date56_pm.csv,label_60,past,477,1939,0.246
snapshot_sym2_date57_am.csv,label_5,future,1994,1994,1.0
snapshot_sym2_date57_am.csv,label_5,past,960,1994,0.4814
snapshot_sym2_date57_am.csv,label_10,future,1989,1989,1.0
snapshot_sym2_date57_am.csv,label_10,past,1020,1989,0.5128
snapshot_sym2_date57_am.csv,label_20,future,1979,1979,1.0
snapshot_sym2_date57_am.csv,label_20,past,684,1979,0.3456
snapshot_sym2_date57_am.csv,label_40,future,1959,1959,1.0
snapshot_sym2_date57_am.csv,label_40,past,741,1959,0.3783
snapshot_sym2_date57_am.csv,label_60,future,1939,1939,1.0
snapshot_sym2_date57_am.csv,label_60,past,870,1939,0.4487
snapshot_sym2_date57_pm.csv,label_5,future,1994,1994,1.0
snapshot_sym2_date57_pm.csv,label_5,past,1632,1994,0.8185
snapshot_sym2_date57_pm.csv,label_10,future,1989,1989,1.0
snapshot_sym2_date57_pm.csv,label_10,past,1537,1989,0.7728
snapshot_sym2_date57_pm.csv,label_20,future,1979,1979,1.0
snapshot_sym2_date57_pm.csv,label_20,past,1361,1979,0.6877
snapshot_sym2_date57_pm.csv,label_40,future,1959,1959,1.0
snapshot_sym2_date57_pm.csv,label_40,past,1194,1959,0.6095
snapshot_sym2_date57_pm.csv,label_60,future,1939,1939,1.0
snapshot_sym2_date57_pm.csv,label_60,past,1179,1939,0.608
snapshot_sym2_date58_am.csv,label_5,future,1994,1994,1.0
snapshot_sym2_date58_am.csv,label_5,past,810,1994,0.4062
snapshot_sym2_date58_am.csv,label_10,future,1989,1989,1.0
snapshot_sym2_date58_am.csv,label_10,past,874,1989,0.4394
snapshot_sym2_date58_am.csv,label_20,future,1979,1979,1.0
snapshot_sym2_date58_am.csv,label_20,past,620,1979,0.3133
snapshot_sym2_date58_am.csv,label_40,future,1959,1959,1.0
snapshot_sym2_date58_am.csv,label_40,past,505,1959,0.2578
snapshot_sym2_date58_am.csv,label_60,future,1939,1939,1.0
snapshot_sym2_date58_am.csv,label_60,past,604,1939,0.3115
snapshot_sym2_date58_pm.csv,label_5,future,1994,1994,1.0
snapshot_sym2_date58_pm.csv,label_5,past,1019,1994,0.511
snapshot_sym2_date58_pm.csv,label_10,future,1989,1989,1.0
snapshot_sym2_date58_pm.csv,label_10,past,865,1989,0.4349
snapshot_sym2_date58_pm.csv,label_20,future,1979,1979,1.0
snapshot_sym2_date58_pm.csv,label_20,past,824,1979,0.4164
snapshot_sym2_date58_pm.csv,label_40,future,1959,1959,1.0
snapshot_sym2_date58_pm.csv,label_40,past,670,1959,0.342
snapshot_sym2_date58_pm.csv,label_60,future,1939,1939,1.0
snapshot_sym2_date58_pm.csv,label_60,past,654,1939,0.3373
snapshot_sym2_date59_am.csv,label_5,future,1994,1994,1.0
snapshot_sym2_date59_am.csv,label_5,past,1113,1994,0.5582
snapshot_sym2_date59_am.csv,label_10,future,1989,1989,1.0
snapshot_sym2_date59_am.csv,label_10,past,1122,1989,0.5641
snapshot_sym2_date59_am.csv,label_20,future,1979,1979,1.0
snapshot_sym2_date59_am.csv,label_20,past,858,1979,0.4336
snapshot_sym2_date59_am.csv,label_40,future,1959,1959,1.0
snapshot_sym2_date59_am.csv,label_40,past,728,1959,0.3716
snapshot_sym2_date59_am.csv,label_60,future,1939,1939,1.0
snapshot_sym2_date59_am.csv,label_60,past,600,1939,0.3094
snapshot_sym2_date59_pm.csv,label_5,future,1994,1994,1.0
snapshot_sym2_date59_pm.csv,label_5,past,1744,1994,0.8746
snapshot_sym2_date59_pm.csv,label_10,future,1989,1989,1.0
snapshot_sym2_date59_pm.csv,label_10,past,1691,1989,0.8502
snapshot_sym2_date59_pm.csv,label_20,future,1979,1979,1.0
snapshot_sym2_date59_pm.csv,label_20,past,1625,1979,0.8211
snapshot_sym2_date59_pm.csv,label_40,future,1959,1959,1.0
snapshot_sym2_date59_pm.csv,label_40,past,1525,1959,0.7785
snapshot_sym2_date59_pm.csv,label_60,future,1939,1939,1.0
snapshot_sym2_date59_pm.csv,label_60,past,1389,1939,0.7163
snapshot_sym2_date5_am.csv,label_5,future,1994,1994,1.0
snapshot_sym2_date5_am.csv,label_5,past,1299,1994,0.6515
snapshot_sym2_date5_am.csv,label_10,future,1989,1989,1.0
snapshot_sym2_date5_am.csv,label_10,past,1055,1989,0.5304
snapshot_sym2_date5_am.csv,label_20,future,1979,1979,1.0
snapshot_sym2_date5_am.csv,label_20,past,1064,1979,0.5376
snapshot_sym2_date5_am.csv,label_40,future,1959,1959,1.0
snapshot_sym2_date5_am.csv,label_40,past,763,1959,0.3895
snapshot_sym2_date5_am.csv,label_60,future,1939,1939,1.0
snapshot_sym2_date5_am.csv,label_60,past,730,1939,0.3765
snapshot_sym2_date5_pm.csv,label_5,future,1994,1994,1.0
snapshot_sym2_date5_pm.csv,label_5,past,1396,1994,0.7001
snapshot_sym2_date5_pm.csv,label_10,future,1989,1989,1.0
snapshot_sym2_date5_pm.csv,label_10,past,1165,1989,0.5857
snapshot_sym2_date5_pm.csv,label_20,future,1979,1979,1.0
snapshot_sym2_date5_pm.csv,label_20,past,1170,1979,0.5912
snapshot_sym2_date5_pm.csv,label_40,future,1959,1959,1.0
snapshot_sym2_date5_pm.csv,label_40,past,962,1959,0.4911
snapshot_sym2_date5_pm.csv,label_60,future,1939,1939,1.0
snapshot_sym2_date5_pm.csv,label_60,past,832,1939,0.4291
snapshot_sym2_date60_am.csv,label_5,future,1994,1994,1.0
snapshot_sym2_date60_am.csv,label_5,past,865,1994,0.4338
snapshot_sym2_date60_am.csv,label_10,future,1989,1989,1.0
snapshot_sym2_date60_am.csv,label_10,past,820,1989,0.4123
snapshot_sym2_date60_am.csv,label_20,future,1979,1979,1.0
snapshot_sym2_date60_am.csv,label_20,past,659,1979,0.333
snapshot_sym2_date60_am.csv,label_40,future,1959,1959,1.0
snapshot_sym2_date60_am.csv,label_40,past,554,1959,0.2828
snapshot_sym2_date60_am.csv,label_60,future,1939,1939,1.0
snapshot_sym2_date60_am.csv,label_60,past,650,1939,0.3352
snapshot_sym2_date60_pm.csv,label_5,future,1994,1994,1.0
snapshot_sym2_date60_pm.csv,label_5,past,1071,1994,0.5371
snapshot_sym2_date60_pm.csv,label_10,future,1989,1989,1.0
snapshot_sym2_date60_pm.csv,label_10,past,855,1989,0.4299
snapshot_sym2_date60_pm.csv,label_20,future,1979,1979,1.0
snapshot_sym2_date60_pm.csv,label_20,past,851,1979,0.43
snapshot_sym2_date60_pm.csv,label_40,future,1959,1959,1.0
snapshot_sym2_date60_pm.csv,label_40,past,645,1959,0.3292
snapshot_sym2_date60_pm.csv,label_60,future,1939,1939,1.0
snapshot_sym2_date60_pm.csv,label_60,past,629,1939,0.3244
snapshot_sym2_date61_am.csv,label_5,future,1994,1994,1.0
snapshot_sym2_date61_am.csv,label_5,past,944,1994,0.4734
snapshot_sym2_date61_am.csv,label_10,future,1989,1989,1.0
snapshot_sym2_date61_am.csv,label_10,past,1038,1989,0.5219
snapshot_sym2_date61_am.csv,label_20,future,1979,1979,1.0
snapshot_sym2_date61_am.csv,label_20,past,747,1979,0.3775
snapshot_sym2_date61_am.csv,label_40,future,1959,1959,1.0
snapshot_sym2_date61_am.csv,label_40,past,747,1959,0.3813
snapshot_sym2_date61_am.csv,label_60,future,1939,1939,1.0
snapshot_sym2_date61_am.csv,label_60,past,731,1939,0.377
snapshot_sym2_date61_pm.csv,label_5,future,1994,1994,1.0
snapshot_sym2_date61_pm.csv,label_5,past,934,1994,0.4684
snapshot_sym2_date61_pm.csv,label_10,future,1989,1989,1.0
snapshot_sym2_date61_pm.csv,label_10,past,824,1989,0.4143
snapshot_sym2_date61_pm.csv,label_20,future,1979,1979,1.0
snapshot_sym2_date61_pm.csv,label_20,past,791,1979,0.3997
snapshot_sym2_date61_pm.csv,label_40,future,1959,1959,1.0
snapshot_sym2_date61_pm.csv,label_40,past,673,1959,0.3435
snapshot_sym2_date61_pm.csv,label_60,future,1939,1939,1.0
snapshot_sym2_date61_pm.csv,label_60,past,530,1939,0.2733
snapshot_sym2_date62_am.csv,label_5,future,1994,1994,1.0
snapshot_sym2_date62_am.csv,label_5,past,854,1994,0.4283
snapshot_sym2_date62_am.csv,label_10,future,1989,1989,1.0
snapshot_sym2_date62_am.csv,label_10,past,904,1989,0.4545
snapshot_sym2_date62_am.csv,label_20,future,1979,1979,1.0
snapshot_sym2_date62_am.csv,label_20,past,737,1979,0.3724
snapshot_sym2_date62_am.csv,label_40,future,1959,1959,1.0
snapshot_sym2_date62_am.csv,label_40,past,611,1959,0.3119
snapshot_sym2_date62_am.csv,label_60,future,1939,1939,1.0
snapshot_sym2_date62_am.csv,label_60,past,722,1939,0.3724
snapshot_sym2_date62_pm.csv,label_5,future,1994,1994,1.0
snapshot_sym2_date62_pm.csv,label_5,past,981,1994,0.492
snapshot_sym2_date62_pm.csv,label_10,future,1989,1989,1.0
snapshot_sym2_date62_pm.csv,label_10,past,906,1989,0.4555
snapshot_sym2_date62_pm.csv,label_20,future,1979,1979,1.0
snapshot_sym2_date62_pm.csv,label_20,past,782,1979,0.3951
snapshot_sym2_date62_pm.csv,label_40,future,1959,1959,1.0
snapshot_sym2_date62_pm.csv,label_40,past,631,1959,0.3221
snapshot_sym2_date62_pm.csv,label_60,future,1939,1939,1.0
snapshot_sym2_date62_pm.csv,label_60,past,563,1939,0.2904
snapshot_sym2_date63_am.csv,label_5,future,1994,1994,1.0
snapshot_sym2_date63_am.csv,label_5,past,907,1994,0.4549
snapshot_sym2_date63_am.csv,label_10,future,1989,1989,1.0
snapshot_sym2_date63_am.csv,label_10,past,779,1989,0.3917
snapshot_sym2_date63_am.csv,label_20,future,1979,1979,1.0
snapshot_sym2_date63_am.csv,label_20,past,660,1979,0.3335
snapshot_sym2_date63_am.csv,label_40,future,1959,1959,1.0
snapshot_sym2_date63_am.csv,label_40,past,479,1959,0.2445
snapshot_sym2_date63_am.csv,label_60,future,1939,1939,1.0
snapshot_sym2_date63_am.csv,label_60,past,540,1939,0.2785
snapshot_sym2_date63_pm.csv,label_5,future,1994,1994,1.0
snapshot_sym2_date63_pm.csv,label_5,past,1283,1994,0.6434
snapshot_sym2_date63_pm.csv,label_10,future,1989,1989,1.0
snapshot_sym2_date63_pm.csv,label_10,past,995,1989,0.5003
snapshot_sym2_date63_pm.csv,label_20,future,1979,1979,1.0
snapshot_sym2_date63_pm.csv,label_20,past,1111,1979,0.5614
snapshot_sym2_date63_pm.csv,label_40,future,1959,1959,1.0
snapshot_sym2_date63_pm.csv,label_40,past,646,1959,0.3298
snapshot_sym2_date63_pm.csv,label_60,future,1939,1939,1.0
snapshot_sym2_date63_pm.csv,label_60,past,462,1939,0.2383
snapshot_sym2_date64_am.csv,label_5,future,1994,1994,1.0
snapshot_sym2_date64_am.csv,label_5,past,950,1994,0.4764
snapshot_sym2_date64_am.csv,label_10,future,1989,1989,1.0
snapshot_sym2_date64_am.csv,label_10,past,879,1989,0.4419
snapshot_sym2_date64_am.csv,label_20,future,1979,1979,1.0
snapshot_sym2_date64_am.csv,label_20,past,787,1979,0.3977
snapshot_sym2_date64_am.csv,label_40,future,1959,1959,1.0
snapshot_sym2_date64_am.csv,label_40,past,585,1959,0.2986
snapshot_sym2_date64_am.csv,label_60,future,1939,1939,1.0
snapshot_sym2_date64_am.csv,label_60,past,515,1939,0.2656
snapshot_sym2_date64_pm.csv,label_5,future,1994,1994,1.0
snapshot_sym2_date64_pm.csv,label_5,past,1165,1994,0.5843
snapshot_sym2_date64_pm.csv,label_10,future,1989,1989,1.0
snapshot_sym2_date64_pm.csv,label_10,past,983,1989,0.4942
snapshot_sym2_date64_pm.csv,label_20,future,1979,1979,1.0
snapshot_sym2_date64_pm.csv,label_20,past,884,1979,0.4467
snapshot_sym2_date64_pm.csv,label_40,future,1959,1959,1.0
snapshot_sym2_date64_pm.csv,label_40,past,674,1959,0.3441
snapshot_sym2_date64_pm.csv,label_60,future,1939,1939,1.0
snapshot_sym2_date64_pm.csv,label_60,past,634,1939,0.327
snapshot_sym2_date65_am.csv,label_5,future,1994,1994,1.0
snapshot_sym2_date65_am.csv,label_5,past,1194,1994,0.5988
snapshot_sym2_date65_am.csv,label_10,future,1989,1989,1.0
snapshot_sym2_date65_am.csv,label_10,past,1017,1989,0.5113
snapshot_sym2_date65_am.csv,label_20,future,1979,1979,1.0
snapshot_sym2_date65_am.csv,label_20,past,979,1979,0.4947
snapshot_sym2_date65_am.csv,label_40,future,1959,1959,1.0
snapshot_sym2_date65_am.csv,label_40,past,591,1959,0.3017
snapshot_sym2_date65_am.csv,label_60,future,1939,1939,1.0
snapshot_sym2_date65_am.csv,label_60,past,442,1939,0.228
snapshot_sym2_date65_pm.csv,label_5,future,1994,1994,1.0
snapshot_sym2_date65_pm.csv,label_5,past,1162,1994,0.5827
snapshot_sym2_date65_pm.csv,label_10,future,1989,1989,1.0
snapshot_sym2_date65_pm.csv,label_10,past,962,1989,0.4837
snapshot_sym2_date65_pm.csv,label_20,future,1979,1979,1.0
snapshot_sym2_date65_pm.csv,label_20,past,1100,1979,0.5558
snapshot_sym2_date65_pm.csv,label_40,future,1959,1959,1.0
snapshot_sym2_date65_pm.csv,label_40,past,740,1959,0.3777
snapshot_sym2_date65_pm.csv,label_60,future,1939,1939,1.0
snapshot_sym2_date65_pm.csv,label_60,past,571,1939,0.2945
snapshot_sym2_date66_am.csv,label_5,future,1994,1994,1.0
snapshot_sym2_date66_am.csv,label_5,past,1067,1994,0.5351
snapshot_sym2_date66_am.csv,label_10,future,1989,1989,1.0
snapshot_sym2_date66_am.csv,label_10,past,851,1989,0.4279
snapshot_sym2_date66_am.csv,label_20,future,1979,1979,1.0
snapshot_sym2_date66_am.csv,label_20,past,783,1979,0.3957
snapshot_sym2_date66_am.csv,label_40,future,1959,1959,1.0
snapshot_sym2_date66_am.csv,label_40,past,553,1959,0.2823
snapshot_sym2_date66_am.csv,label_60,future,1939,1939,1.0
snapshot_sym2_date66_am.csv,label_60,past,577,1939,0.2976
snapshot_sym2_date66_pm.csv,label_5,future,1994,1994,1.0
snapshot_sym2_date66_pm.csv,label_5,past,1202,1994,0.6028
snapshot_sym2_date66_pm.csv,label_10,future,1989,1989,1.0
snapshot_sym2_date66_pm.csv,label_10,past,946,1989,0.4756
snapshot_sym2_date66_pm.csv,label_20,future,1979,1979,1.0
snapshot_sym2_date66_pm.csv,label_20,past,1080,1979,0.5457
snapshot_sym2_date66_pm.csv,label_40,future,1959,1959,1.0
snapshot_sym2_date66_pm.csv,label_40,past,707,1959,0.3609
snapshot_sym2_date66_pm.csv,label_60,future,1939,1939,1.0
snapshot_sym2_date66_pm.csv,label_60,past,615,1939,0.3172
snapshot_sym2_date67_am.csv,label_5,future,1994,1994,1.0
snapshot_sym2_date67_am.csv,label_5,past,1037,1994,0.5201
snapshot_sym2_date67_am.csv,label_10,future,1989,1989,1.0
snapshot_sym2_date67_am.csv,label_10,past,922,1989,0.4635
snapshot_sym2_date67_am.csv,label_20,future,1979,1979,1.0
snapshot_sym2_date67_am.csv,label_20,past,773,1979,0.3906
snapshot_sym2_date67_am.csv,label_40,future,1959,1959,1.0
snapshot_sym2_date67_am.csv,label_40,past,578,1959,0.295
snapshot_sym2_date67_am.csv,label_60,future,1939,1939,1.0
snapshot_sym2_date67_am.csv,label_60,past,633,1939,0.3265
snapshot_sym2_date67_pm.csv,label_5,future,1994,1994,1.0
snapshot_sym2_date67_pm.csv,label_5,past,1135,1994,0.5692
snapshot_sym2_date67_pm.csv,label_10,future,1989,1989,1.0
snapshot_sym2_date67_pm.csv,label_10,past,919,1989,0.462
snapshot_sym2_date67_pm.csv,label_20,future,1979,1979,1.0
snapshot_sym2_date67_pm.csv,label_20,past,858,1979,0.4336
snapshot_sym2_date67_pm.csv,label_40,future,1959,1959,1.0
snapshot_sym2_date67_pm.csv,label_40,past,655,1959,0.3344
snapshot_sym2_date67_pm.csv,label_60,future,1939,1939,1.0
snapshot_sym2_date67_pm.csv,label_60,past,617,1939,0.3182
snapshot_sym2_date68_am.csv,label_5,future,1994,1994,1.0
snapshot_sym2_date68_am.csv,label_5,past,972,1994,0.4875
snapshot_sym2_date68_am.csv,label_10,future,1989,1989,1.0
snapshot_sym2_date68_am.csv,label_10,past,810,1989,0.4072
snapshot_sym2_date68_am.csv,label_20,future,1979,1979,1.0
snapshot_sym2_date68_am.csv,label_20,past,788,1979,0.3982
snapshot_sym2_date68_am.csv,label_40,future,1959,1959,1.0
snapshot_sym2_date68_am.csv,label_40,past,691,1959,0.3527
snapshot_sym2_date68_am.csv,label_60,future,1939,1939,1.0
snapshot_sym2_date68_am.csv,label_60,past,568,1939,0.2929
snapshot_sym2_date68_pm.csv,label_5,future,1994,1994,1.0
snapshot_sym2_date68_pm.csv,label_5,past,1138,1994,0.5707
snapshot_sym2_date68_pm.csv,label_10,future,1989,1989,1.0
snapshot_sym2_date68_pm.csv,label_10,past,885,1989,0.4449
snapshot_sym2_date68_pm.csv,label_20,future,1979,1979,1.0
snapshot_sym2_date68_pm.csv,label_20,past,860,1979,0.4346
snapshot_sym2_date68_pm.csv,label_40,future,1959,1959,1.0
snapshot_sym2_date68_pm.csv,label_40,past,662,1959,0.3379
snapshot_sym2_date68_pm.csv,label_60,future,1939,1939,1.0
snapshot_sym2_date68_pm.csv,label_60,past,522,1939,0.2692
snapshot_sym2_date69_am.csv,label_5,future,1994,1994,1.0
snapshot_sym2_date69_am.csv,label_5,past,1145,1994,0.5742
snapshot_sym2_date69_am.csv,label_10,future,1989,1989,1.0
snapshot_sym2_date69_am.csv,label_10,past,934,1989,0.4696
snapshot_sym2_date69_am.csv,label_20,future,1979,1979,1.0
snapshot_sym2_date69_am.csv,label_20,past,828,1979,0.4184
snapshot_sym2_date69_am.csv,label_40,future,1959,1959,1.0
snapshot_sym2_date69_am.csv,label_40,past,651,1959,0.3323
snapshot_sym2_date69_am.csv,label_60,future,1939,1939,1.0
snapshot_sym2_date69_am.csv,label_60,past,732,1939,0.3775
snapshot_sym2_date69_pm.csv,label_5,future,1994,1994,1.0
snapshot_sym2_date69_pm.csv,label_5,past,1318,1994,0.661
snapshot_sym2_date69_pm.csv,label_10,future,1989,1989,1.0
snapshot_sym2_date69_pm.csv,label_10,past,1076,1989,0.541
snapshot_sym2_date69_pm.csv,label_20,future,1979,1979,1.0
snapshot_sym2_date69_pm.csv,label_20,past,1175,1979,0.5937
snapshot_sym2_date69_pm.csv,label_40,future,1959,1959,1.0
snapshot_sym2_date69_pm.csv,label_40,past,739,1959,0.3772
snapshot_sym2_date69_pm.csv,label_60,future,1939,1939,1.0
snapshot_sym2_date69_pm.csv,label_60,past,578,1939,0.2981
snapshot_sym2_date6_am.csv,label_5,future,1994,1994,1.0
snapshot_sym2_date6_am.csv,label_5,past,1301,1994,0.6525
snapshot_sym2_date6_am.csv,label_10,future,1989,1989,1.0
snapshot_sym2_date6_am.csv,label_10,past,1031,1989,0.5184
snapshot_sym2_date6_am.csv,label_20,future,1979,1979,1.0
snapshot_sym2_date6_am.csv,label_20,past,1020,1979,0.5154
snapshot_sym2_date6_am.csv,label_40,future,1959,1959,1.0
snapshot_sym2_date6_am.csv,label_40,past,734,1959,0.3747
snapshot_sym2_date6_am.csv,label_60,future,1939,1939,1.0
snapshot_sym2_date6_am.csv,label_60,past,521,1939,0.2687
snapshot_sym2_date6_pm.csv,label_5,future,1994,1994,1.0
snapshot_sym2_date6_pm.csv,label_5,past,1464,1994,0.7342
snapshot_sym2_date6_pm.csv,label_10,future,1989,1989,1.0
snapshot_sym2_date6_pm.csv,label_10,past,1191,1989,0.5988
snapshot_sym2_date6_pm.csv,label_20,future,1979,1979,1.0
snapshot_sym2_date6_pm.csv,label_20,past,1267,1979,0.6402
snapshot_sym2_date6_pm.csv,label_40,future,1959,1959,1.0
snapshot_sym2_date6_pm.csv,label_40,past,744,1959,0.3798
snapshot_sym2_date6_pm.csv,label_60,future,1939,1939,1.0
snapshot_sym2_date6_pm.csv,label_60,past,614,1939,0.3167
snapshot_sym2_date70_am.csv,label_5,future,1994,1994,1.0
snapshot_sym2_date70_am.csv,label_5,past,1007,1994,0.505
snapshot_sym2_date70_am.csv,label_10,future,1989,1989,1.0
snapshot_sym2_date70_am.csv,label_10,past,901,1989,0.453
snapshot_sym2_date70_am.csv,label_20,future,1979,1979,1.0
snapshot_sym2_date70_am.csv,label_20,past,773,1979,0.3906
snapshot_sym2_date70_am.csv,label_40,future,1959,1959,1.0
snapshot_sym2_date70_am.csv,label_40,past,542,1959,0.2767
snapshot_sym2_date70_am.csv,label_60,future,1939,1939,1.0
snapshot_sym2_date70_am.csv,label_60,past,613,1939,0.3161
snapshot_sym2_date70_pm.csv,label_5,future,1994,1994,1.0
snapshot_sym2_date70_pm.csv,label_5,past,1270,1994,0.6369
snapshot_sym2_date70_pm.csv,label_10,future,1989,1989,1.0
snapshot_sym2_date70_pm.csv,label_10,past,1007,1989,0.5063
snapshot_sym2_date70_pm.csv,label_20,future,1979,1979,1.0
snapshot_sym2_date70_pm.csv,label_20,past,1075,1979,0.5432
snapshot_sym2_date70_pm.csv,label_40,future,1959,1959,1.0
snapshot_sym2_date70_pm.csv,label_40,past,717,1959,0.366
snapshot_sym2_date70_pm.csv,label_60,future,1939,1939,1.0
snapshot_sym2_date70_pm.csv,label_60,past,605,1939,0.312
snapshot_sym2_date71_am.csv,label_5,future,1994,1994,1.0
snapshot_sym2_date71_am.csv,label_5,past,1090,1994,0.5466
snapshot_sym2_date71_am.csv,label_10,future,1989,1989,1.0
snapshot_sym2_date71_am.csv,label_10,past,915,1989,0.46
snapshot_sym2_date71_am.csv,label_20,future,1979,1979,1.0
snapshot_sym2_date71_am.csv,label_20,past,838,1979,0.4234
snapshot_sym2_date71_am.csv,label_40,future,1959,1959,1.0
snapshot_sym2_date71_am.csv,label_40,past,628,1959,0.3206
snapshot_sym2_date71_am.csv,label_60,future,1939,1939,1.0
snapshot_sym2_date71_am.csv,label_60,past,474,1939,0.2445
snapshot_sym2_date71_pm.csv,label_5,future,1994,1994,1.0
snapshot_sym2_date71_pm.csv,label_5,past,1517,1994,0.7608
snapshot_sym2_date71_pm.csv,label_10,future,1989,1989,1.0
snapshot_sym2_date71_pm.csv,label_10,past,1246,1989,0.6264
snapshot_sym2_date71_pm.csv,label_20,future,1979,1979,1.0
snapshot_sym2_date71_pm.csv,label_20,past,1409,1979,0.712
snapshot_sym2_date71_pm.csv,label_40,future,1959,1959,1.0
snapshot_sym2_date71_pm.csv,label_40,past,914,1959,0.4666
snapshot_sym2_date71_pm.csv,label_60,future,1939,1939,1.0
snapshot_sym2_date71_pm.csv,label_60,past,736,1939,0.3796
snapshot_sym2_date72_am.csv,label_5,future,1994,1994,1.0
snapshot_sym2_date72_am.csv,label_5,past,1156,1994,0.5797
snapshot_sym2_date72_am.csv,label_10,future,1989,1989,1.0
snapshot_sym2_date72_am.csv,label_10,past,922,1989,0.4635
snapshot_sym2_date72_am.csv,label_20,future,1979,1979,1.0
snapshot_sym2_date72_am.csv,label_20,past,859,1979,0.4341
snapshot_sym2_date72_am.csv,label_40,future,1959,1959,1.0
snapshot_sym2_date72_am.csv,label_40,past,710,1959,0.3624
snapshot_sym2_date72_am.csv,label_60,future,1939,1939,1.0
snapshot_sym2_date72_am.csv,label_60,past,668,1939,0.3445
snapshot_sym2_date72_pm.csv,label_5,future,1994,1994,1.0
snapshot_sym2_date72_pm.csv,label_5,past,1324,1994,0.664
snapshot_sym2_date72_pm.csv,label_10,future,1989,1989,1.0
snapshot_sym2_date72_pm.csv,label_10,past,1091,1989,0.5485
snapshot_sym2_date72_pm.csv,label_20,future,1979,1979,1.0
snapshot_sym2_date72_pm.csv,label_20,past,982,1979,0.4962
snapshot_sym2_date72_pm.csv,label_40,future,1959,1959,1.0
snapshot_sym2_date72_pm.csv,label_40,past,703,1959,0.3589
snapshot_sym2_date72_pm.csv,label_60,future,1939,1939,1.0
snapshot_sym2_date72_pm.csv,label_60,past,605,1939,0.312
snapshot_sym2_date73_am.csv,label_5,future,1994,1994,1.0
snapshot_sym2_date73_am.csv,label_5,past,1037,1994,0.5201
snapshot_sym2_date73_am.csv,label_10,future,1989,1989,1.0
snapshot_sym2_date73_am.csv,label_10,past,1058,1989,0.5319
snapshot_sym2_date73_am.csv,label_20,future,1979,1979,1.0
snapshot_sym2_date73_am.csv,label_20,past,838,1979,0.4234
snapshot_sym2_date73_am.csv,label_40,future,1959,1959,1.0
snapshot_sym2_date73_am.csv,label_40,past,722,1959,0.3686
snapshot_sym2_date73_am.csv,label_60,future,1939,1939,1.0
snapshot_sym2_date73_am.csv,label_60,past,625,1939,0.3223
snapshot_sym2_date73_pm.csv,label_5,future,1994,1994,1.0
snapshot_sym2_date73_pm.csv,label_5,past,1241,1994,0.6224
snapshot_sym2_date73_pm.csv,label_10,future,1989,1989,1.0
snapshot_sym2_date73_pm.csv,label_10,past,1072,1989,0.539
snapshot_sym2_date73_pm.csv,label_20,future,1979,1979,1.0
snapshot_sym2_date73_pm.csv,label_20,past,1055,1979,0.5331
snapshot_sym2_date73_pm.csv,label_40,future,1959,1959,1.0
snapshot_sym2_date73_pm.csv,label_40,past,714,1959,0.3645
snapshot_sym2_date73_pm.csv,label_60,future,1939,1939,1.0
snapshot_sym2_date73_pm.csv,label_60,past,760,1939,0.392
snapshot_sym2_date74_am.csv,label_5,future,1994,1994,1.0
snapshot_sym2_date74_am.csv,label_5,past,1301,1994,0.6525
snapshot_sym2_date74_am.csv,label_10,future,1989,1989,1.0
snapshot_sym2_date74_am.csv,label_10,past,994,1989,0.4997
snapshot_sym2_date74_am.csv,label_20,future,1979,1979,1.0
snapshot_sym2_date74_am.csv,label_20,past,1062,1979,0.5366
snapshot_sym2_date74_am.csv,label_40,future,1959,1959,1.0
snapshot_sym2_date74_am.csv,label_40,past,704,1959,0.3594
snapshot_sym2_date74_am.csv,label_60,future,1939,1939,1.0
snapshot_sym2_date74_am.csv,label_60,past,593,1939,0.3058
snapshot_sym2_date74_pm.csv,label_5,future,1994,1994,1.0
snapshot_sym2_date74_pm.csv,label_5,past,1194,1994,0.5988
snapshot_sym2_date74_pm.csv,label_10,future,1989,1989,1.0
snapshot_sym2_date74_pm.csv,label_10,past,1070,1989,0.538
snapshot_sym2_date74_pm.csv,label_20,future,1979,1979,1.0
snapshot_sym2_date74_pm.csv,label_20,past,907,1979,0.4583
snapshot_sym2_date74_pm.csv,label_40,future,1959,1959,1.0
snapshot_sym2_date74_pm.csv,label_40,past,577,1959,0.2945
snapshot_sym2_date74_pm.csv,label_60,future,1939,1939,1.0
snapshot_sym2_date74_pm.csv,label_60,past,556,1939,0.2867
snapshot_sym2_date75_am.csv,label_5,future,1994,1994,1.0
snapshot_sym2_date75_am.csv,label_5,past,1054,1994,0.5286
snapshot_sym2_date75_am.csv,label_10,future,1989,1989,1.0
snapshot_sym2_date75_am.csv,label_10,past,818,1989,0.4113
snapshot_sym2_date75_am.csv,label_20,future,1979,1979,1.0
snapshot_sym2_date75_am.csv,label_20,past,697,1979,0.3522
snapshot_sym2_date75_am.csv,label_40,future,1959,1959,1.0
snapshot_sym2_date75_am.csv,label_40,past,604,1959,0.3083
snapshot_sym2_date75_am.csv,label_60,future,1939,1939,1.0
snapshot_sym2_date75_am.csv,label_60,past,554,1939,0.2857
snapshot_sym2_date75_pm.csv,label_5,future,1994,1994,1.0
snapshot_sym2_date75_pm.csv,label_5,past,1099,1994,0.5512
snapshot_sym2_date75_pm.csv,label_10,future,1989,1989,1.0
snapshot_sym2_date75_pm.csv,label_10,past,977,1989,0.4912
snapshot_sym2_date75_pm.csv,label_20,future,1979,1979,1.0
snapshot_sym2_date75_pm.csv,label_20,past,772,1979,0.3901
snapshot_sym2_date75_pm.csv,label_40,future,1959,1959,1.0
snapshot_sym2_date75_pm.csv,label_40,past,682,1959,0.3481
snapshot_sym2_date75_pm.csv,label_60,future,1939,1939,1.0
snapshot_sym2_date75_pm.csv,label_60,past,617,1939,0.3182
snapshot_sym2_date76_am.csv,label_5,future,1994,1994,1.0
snapshot_sym2_date76_am.csv,label_5,past,911,1994,0.4569
snapshot_sym2_date76_am.csv,label_10,future,1989,1989,1.0
snapshot_sym2_date76_am.csv,label_10,past,858,1989,0.4314
snapshot_sym2_date76_am.csv,label_20,future,1979,1979,1.0
snapshot_sym2_date76_am.csv,label_20,past,713,1979,0.3603
snapshot_sym2_date76_am.csv,label_40,future,1959,1959,1.0
snapshot_sym2_date76_am.csv,label_40,past,619,1959,0.316
snapshot_sym2_date76_am.csv,label_60,future,1939,1939,1.0
snapshot_sym2_date76_am.csv,label_60,past,565,1939,0.2914
snapshot_sym2_date76_pm.csv,label_5,future,1994,1994,1.0
snapshot_sym2_date76_pm.csv,label_5,past,1274,1994,0.6389
snapshot_sym2_date76_pm.csv,label_10,future,1989,1989,1.0
snapshot_sym2_date76_pm.csv,label_10,past,965,1989,0.4852
snapshot_sym2_date76_pm.csv,label_20,future,1979,1979,1.0
snapshot_sym2_date76_pm.csv,label_20,past,796,1979,0.4022
snapshot_sym2_date76_pm.csv,label_40,future,1959,1959,1.0
snapshot_sym2_date76_pm.csv,label_40,past,535,1959,0.2731
snapshot_sym2_date76_pm.csv,label_60,future,1939,1939,1.0
snapshot_sym2_date76_pm.csv,label_60,past,560,1939,0.2888
snapshot_sym2_date77_am.csv,label_5,future,1994,1994,1.0
snapshot_sym2_date77_am.csv,label_5,past,1035,1994,0.5191
snapshot_sym2_date77_am.csv,label_10,future,1989,1989,1.0
snapshot_sym2_date77_am.csv,label_10,past,916,1989,0.4605
snapshot_sym2_date77_am.csv,label_20,future,1979,1979,1.0
snapshot_sym2_date77_am.csv,label_20,past,765,1979,0.3866
snapshot_sym2_date77_am.csv,label_40,future,1959,1959,1.0
snapshot_sym2_date77_am.csv,label_40,past,665,1959,0.3395
snapshot_sym2_date77_am.csv,label_60,future,1939,1939,1.0
snapshot_sym2_date77_am.csv,label_60,past,610,1939,0.3146
snapshot_sym2_date77_pm.csv,label_5,future,1994,1994,1.0
snapshot_sym2_date77_pm.csv,label_5,past,1032,1994,0.5176
snapshot_sym2_date77_pm.csv,label_10,future,1989,1989,1.0
snapshot_sym2_date77_pm.csv,label_10,past,903,1989,0.454
snapshot_sym2_date77_pm.csv,label_20,future,1979,1979,1.0
snapshot_sym2_date77_pm.csv,label_20,past,725,1979,0.3663
snapshot_sym2_date77_pm.csv,label_40,future,1959,1959,1.0
snapshot_sym2_date77_pm.csv,label_40,past,640,1959,0.3267
snapshot_sym2_date77_pm.csv,label_60,future,1939,1939,1.0
snapshot_sym2_date77_pm.csv,label_60,past,519,1939,0.2677
snapshot_sym2_date78_am.csv,label_5,future,1994,1994,1.0
snapshot_sym2_date78_am.csv,label_5,past,1072,1994,0.5376
snapshot_sym2_date78_am.csv,label_10,future,1989,1989,1.0
snapshot_sym2_date78_am.csv,label_10,past,844,1989,0.4243
snapshot_sym2_date78_am.csv,label_20,future,1979,1979,1.0
snapshot_sym2_date78_am.csv,label_20,past,734,1979,0.3709
snapshot_sym2_date78_am.csv,label_40,future,1959,1959,1.0
snapshot_sym2_date78_am.csv,label_40,past,576,1959,0.294
snapshot_sym2_date78_am.csv,label_60,future,1939,1939,1.0
snapshot_sym2_date78_am.csv,label_60,past,537,1939,0.2769
snapshot_sym2_date78_pm.csv,label_5,future,1994,1994,1.0
snapshot_sym2_date78_pm.csv,label_5,past,1205,1994,0.6043
snapshot_sym2_date78_pm.csv,label_10,future,1989,1989,1.0
snapshot_sym2_date78_pm.csv,label_10,past,940,1989,0.4726
snapshot_sym2_date78_pm.csv,label_20,future,1979,1979,1.0
snapshot_sym2_date78_pm.csv,label_20,past,854,1979,0.4315
snapshot_sym2_date78_pm.csv,label_40,future,1959,1959,1.0
snapshot_sym2_date78_pm.csv,label_40,past,568,1959,0.2899
snapshot_sym2_date78_pm.csv,label_60,future,1939,1939,1.0
snapshot_sym2_date78_pm.csv,label_60,past,548,1939,0.2826
snapshot_sym2_date7_am.csv,label_5,future,1994,1994,1.0
snapshot_sym2_date7_am.csv,label_5,past,1270,1994,0.6369
snapshot_sym2_date7_am.csv,label_10,future,1989,1989,1.0
snapshot_sym2_date7_am.csv,label_10,past,982,1989,0.4937
snapshot_sym2_date7_am.csv,label_20,future,1979,1979,1.0
snapshot_sym2_date7_am.csv,label_20,past,1298,1979,0.6559
snapshot_sym2_date7_am.csv,label_40,future,1959,1959,1.0
snapshot_sym2_date7_am.csv,label_40,past,869,1959,0.4436
snapshot_sym2_date7_am.csv,label_60,future,1939,1939,1.0
snapshot_sym2_date7_am.csv,label_60,past,636,1939,0.328
snapshot_sym2_date7_pm.csv,label_5,future,1994,1994,1.0
snapshot_sym2_date7_pm.csv,label_5,past,1559,1994,0.7818
snapshot_sym2_date7_pm.csv,label_10,future,1989,1989,1.0
snapshot_sym2_date7_pm.csv,label_10,past,1246,1989,0.6264
snapshot_sym2_date7_pm.csv,label_20,future,1979,1979,1.0
snapshot_sym2_date7_pm.csv,label_20,past,1491,1979,0.7534
snapshot_sym2_date7_pm.csv,label_40,future,1959,1959,1.0
snapshot_sym2_date7_pm.csv,label_40,past,1015,1959,0.5181
snapshot_sym2_date7_pm.csv,label_60,future,1939,1939,1.0
snapshot_sym2_date7_pm.csv,label_60,past,641,1939,0.3306
snapshot_sym2_date8_am.csv,label_5,future,1994,1994,1.0
snapshot_sym2_date8_am.csv,label_5,past,1404,1994,0.7041
snapshot_sym2_date8_am.csv,label_10,future,1989,1989,1.0
snapshot_sym2_date8_am.csv,label_10,past,1113,1989,0.5596
snapshot_sym2_date8_am.csv,label_20,future,1979,1979,1.0
snapshot_sym2_date8_am.csv,label_20,past,1389,1979,0.7019
snapshot_sym2_date8_am.csv,label_40,future,1959,1959,1.0
snapshot_sym2_date8_am.csv,label_40,past,934,1959,0.4768
snapshot_sym2_date8_am.csv,label_60,future,1939,1939,1.0
snapshot_sym2_date8_am.csv,label_60,past,839,1939,0.4327
snapshot_sym2_date8_pm.csv,label_5,future,1994,1994,1.0
snapshot_sym2_date8_pm.csv,label_5,past,1599,1994,0.8019
snapshot_sym2_date8_pm.csv,label_10,future,1989,1989,1.0
snapshot_sym2_date8_pm.csv,label_10,past,1318,1989,0.6626
snapshot_sym2_date8_pm.csv,label_20,future,1979,1979,1.0
snapshot_sym2_date8_pm.csv,label_20,past,1496,1979,0.7559
snapshot_sym2_date8_pm.csv,label_40,future,1959,1959,1.0
snapshot_sym2_date8_pm.csv,label_40,past,1088,1959,0.5554
snapshot_sym2_date8_pm.csv,label_60,future,1939,1939,1.0
snapshot_sym2_date8_pm.csv,label_60,past,869,1939,0.4482
snapshot_sym2_date9_am.csv,label_5,future,1994,1994,1.0
snapshot_sym2_date9_am.csv,label_5,past,1255,1994,0.6294
snapshot_sym2_date9_am.csv,label_10,future,1989,1989,1.0
snapshot_sym2_date9_am.csv,label_10,past,981,1989,0.4932
snapshot_sym2_date9_am.csv,label_20,future,1979,1979,1.0
snapshot_sym2_date9_am.csv,label_20,past,1005,1979,0.5078
snapshot_sym2_date9_am.csv,label_40,future,1959,1959,1.0
snapshot_sym2_date9_am.csv,label_40,past,727,1959,0.3711
snapshot_sym2_date9_am.csv,label_60,future,1939,1939,1.0
snapshot_sym2_date9_am.csv,label_60,past,784,1939,0.4043
snapshot_sym2_date9_pm.csv,label_5,future,1994,1994,1.0
snapshot_sym2_date9_pm.csv,label_5,past,1672,1994,0.8385
snapshot_sym2_date9_pm.csv,label_10,future,1989,1989,1.0
snapshot_sym2_date9_pm.csv,label_10,past,1298,1989,0.6526
snapshot_sym2_date9_pm.csv,label_20,future,1979,1979,1.0
snapshot_sym2_date9_pm.csv,label_20,past,1571,1979,0.7938
snapshot_sym2_date9_pm.csv,label_40,future,1959,1959,1.0
snapshot_sym2_date9_pm.csv,label_40,past,1016,1959,0.5186
snapshot_sym2_date9_pm.csv,label_60,future,1939,1939,1.0
snapshot_sym2_date9_pm.csv,label_60,past,847,1939,0.4368
snapshot_sym3_date0_am.csv,label_5,future,1994,1994,1.0
snapshot_sym3_date0_am.csv,label_5,past,1909,1994,0.9574
snapshot_sym3_date0_am.csv,label_10,future,1989,1989,1.0
snapshot_sym3_date0_am.csv,label_10,past,1849,1989,0.9296
snapshot_sym3_date0_am.csv,label_20,future,1979,1979,1.0
snapshot_sym3_date0_am.csv,label_20,past,1758,1979,0.8883
snapshot_sym3_date0_am.csv,label_40,future,1959,1959,1.0
snapshot_sym3_date0_am.csv,label_40,past,1643,1959,0.8387
snapshot_sym3_date0_am.csv,label_60,future,1939,1939,1.0
snapshot_sym3_date0_am.csv,label_60,past,1592,1939,0.821
snapshot_sym3_date0_pm.csv,label_5,future,1994,1994,1.0
snapshot_sym3_date0_pm.csv,label_5,past,1908,1994,0.9569
snapshot_sym3_date0_pm.csv,label_10,future,1989,1989,1.0
snapshot_sym3_date0_pm.csv,label_10,past,1842,1989,0.9261
snapshot_sym3_date0_pm.csv,label_20,future,1979,1979,1.0
snapshot_sym3_date0_pm.csv,label_20,past,1728,1979,0.8732
snapshot_sym3_date0_pm.csv,label_40,future,1959,1959,1.0
snapshot_sym3_date0_pm.csv,label_40,past,1601,1959,0.8173
snapshot_sym3_date0_pm.csv,label_60,future,1939,1939,1.0
snapshot_sym3_date0_pm.csv,label_60,past,1491,1939,0.769
snapshot_sym3_date10_am.csv,label_5,future,1994,1994,1.0
snapshot_sym3_date10_am.csv,label_5,past,1836,1994,0.9208
snapshot_sym3_date10_am.csv,label_10,future,1989,1989,1.0
snapshot_sym3_date10_am.csv,label_10,past,1713,1989,0.8612
snapshot_sym3_date10_am.csv,label_20,future,1979,1979,1.0
snapshot_sym3_date10_am.csv,label_20,past,1486,1979,0.7509
snapshot_sym3_date10_am.csv,label_40,future,1959,1959,1.0
snapshot_sym3_date10_am.csv,label_40,past,1140,1959,0.5819
snapshot_sym3_date10_am.csv,label_60,future,1939,1939,1.0
snapshot_sym3_date10_am.csv,label_60,past,954,1939,0.492
snapshot_sym3_date10_pm.csv,label_5,future,1994,1994,1.0
snapshot_sym3_date10_pm.csv,label_5,past,1907,1994,0.9564
snapshot_sym3_date10_pm.csv,label_10,future,1989,1989,1.0
snapshot_sym3_date10_pm.csv,label_10,past,1835,1989,0.9226
snapshot_sym3_date10_pm.csv,label_20,future,1979,1979,1.0
snapshot_sym3_date10_pm.csv,label_20,past,1724,1979,0.8711
snapshot_sym3_date10_pm.csv,label_40,future,1959,1959,1.0
snapshot_sym3_date10_pm.csv,label_40,past,1505,1959,0.7682
snapshot_sym3_date10_pm.csv,label_60,future,1939,1939,1.0
snapshot_sym3_date10_pm.csv,label_60,past,1340,1939,0.6911
snapshot_sym3_date11_am.csv,label_5,future,1994,1994,1.0
snapshot_sym3_date11_am.csv,label_5,past,1707,1994,0.8561
snapshot_sym3_date11_am.csv,label_10,future,1989,1989,1.0
snapshot_sym3_date11_am.csv,label_10,past,1606,1989,0.8074
snapshot_sym3_date11_am.csv,label_20,future,1979,1979,1.0
snapshot_sym3_date11_am.csv,label_20,past,1490,1979,0.7529
snapshot_sym3_date11_am.csv,label_40,future,1959,1959,1.0
snapshot_sym3_date11_am.csv,label_40,past,1299,1959,0.6631
snapshot_sym3_date11_am.csv,label_60,future,1939,1939,1.0
snapshot_sym3_date11_am.csv,label_60,past,1221,1939,0.6297
snapshot_sym3_date11_pm.csv,label_5,future,1994,1994,1.0
snapshot_sym3_date11_pm.csv,label_5,past,1848,1994,0.9268
snapshot_sym3_date11_pm.csv,label_10,future,1989,1989,1.0
snapshot_sym3_date11_pm.csv,label_10,past,1740,1989,0.8748
snapshot_sym3_date11_pm.csv,label_20,future,1979,1979,1.0
snapshot_sym3_date11_pm.csv,label_20,past,1596,1979,0.8065
snapshot_sym3_date11_pm.csv,label_40,future,1959,1959,1.0
snapshot_sym3_date11_pm.csv,label_40,past,1461,1959,0.7458
snapshot_sym3_date11_pm.csv,label_60,future,1939,1939,1.0
snapshot_sym3_date11_pm.csv,label_60,past,1394,1939,0.7189
snapshot_sym3_date12_am.csv,label_5,future,1994,1994,1.0
snapshot_sym3_date12_am.csv,label_5,past,1748,1994,0.8766
snapshot_sym3_date12_am.csv,label_10,future,1989,1989,1.0
snapshot_sym3_date12_am.csv,label_10,past,1618,1989,0.8135
snapshot_sym3_date12_am.csv,label_20,future,1979,1979,1.0
snapshot_sym3_date12_am.csv,label_20,past,1431,1979,0.7231
snapshot_sym3_date12_am.csv,label_40,future,1959,1959,1.0
snapshot_sym3_date12_am.csv,label_40,past,1037,1959,0.5294
snapshot_sym3_date12_am.csv,label_60,future,1939,1939,1.0
snapshot_sym3_date12_am.csv,label_60,past,750,1939,0.3868
snapshot_sym3_date12_pm.csv,label_5,future,1994,1994,1.0
snapshot_sym3_date12_pm.csv,label_5,past,1823,1994,0.9142
snapshot_sym3_date12_pm.csv,label_10,future,1989,1989,1.0
snapshot_sym3_date12_pm.csv,label_10,past,1719,1989,0.8643
snapshot_sym3_date12_pm.csv,label_20,future,1979,1979,1.0
snapshot_sym3_date12_pm.csv,label_20,past,1550,1979,0.7832
snapshot_sym3_date12_pm.csv,label_40,future,1959,1959,1.0
snapshot_sym3_date12_pm.csv,label_40,past,1311,1959,0.6692
snapshot_sym3_date12_pm.csv,label_60,future,1939,1939,1.0
snapshot_sym3_date12_pm.csv,label_60,past,1152,1939,0.5941
snapshot_sym3_date13_am.csv,label_5,future,1994,1994,1.0
snapshot_sym3_date13_am.csv,label_5,past,1830,1994,0.9178
snapshot_sym3_date13_am.csv,label_10,future,1989,1989,1.0
snapshot_sym3_date13_am.csv,label_10,past,1733,1989,0.8713
snapshot_sym3_date13_am.csv,label_20,future,1979,1979,1.0
snapshot_sym3_date13_am.csv,label_20,past,1592,1979,0.8044
snapshot_sym3_date13_am.csv,label_40,future,1959,1959,1.0
snapshot_sym3_date13_am.csv,label_40,past,1355,1959,0.6917
snapshot_sym3_date13_am.csv,label_60,future,1939,1939,1.0
snapshot_sym3_date13_am.csv,label_60,past,1133,1939,0.5843
snapshot_sym3_date13_pm.csv,label_5,future,1994,1994,1.0
snapshot_sym3_date13_pm.csv,label_5,past,1869,1994,0.9373
snapshot_sym3_date13_pm.csv,label_10,future,1989,1989,1.0
snapshot_sym3_date13_pm.csv,label_10,past,1770,1989,0.8899
snapshot_sym3_date13_pm.csv,label_20,future,1979,1979,1.0
snapshot_sym3_date13_pm.csv,label_20,past,1620,1979,0.8186
snapshot_sym3_date13_pm.csv,label_40,future,1959,1959,1.0
snapshot_sym3_date13_pm.csv,label_40,past,1388,1959,0.7085
snapshot_sym3_date13_pm.csv,label_60,future,1939,1939,1.0
snapshot_sym3_date13_pm.csv,label_60,past,1243,1939,0.6411
snapshot_sym3_date14_am.csv,label_5,future,1994,1994,1.0
snapshot_sym3_date14_am.csv,label_5,past,1915,1994,0.9604
snapshot_sym3_date14_am.csv,label_10,future,1989,1989,1.0
snapshot_sym3_date14_am.csv,label_10,past,1848,1989,0.9291
snapshot_sym3_date14_am.csv,label_20,future,1979,1979,1.0
snapshot_sym3_date14_am.csv,label_20,past,1731,1979,0.8747
snapshot_sym3_date14_am.csv,label_40,future,1959,1959,1.0
snapshot_sym3_date14_am.csv,label_40,past,1525,1959,0.7785
snapshot_sym3_date14_am.csv,label_60,future,1939,1939,1.0
snapshot_sym3_date14_am.csv,label_60,past,1393,1939,0.7184
snapshot_sym3_date14_pm.csv,label_5,future,1994,1994,1.0
snapshot_sym3_date14_pm.csv,label_5,past,1856,1994,0.9308
snapshot_sym3_date14_pm.csv,label_10,future,1989,1989,1.0
snapshot_sym3_date14_pm.csv,label_10,past,1791,1989,0.9005
snapshot_sym3_date14_pm.csv,label_20,future,1979,1979,1.0
snapshot_sym3_date14_pm.csv,label_20,past,1683,1979,0.8504
snapshot_sym3_date14_pm.csv,label_40,future,1959,1959,1.0
snapshot_sym3_date14_pm.csv,label_40,past,1510,1959,0.7708
snapshot_sym3_date14_pm.csv,label_60,future,1939,1939,1.0
snapshot_sym3_date14_pm.csv,label_60,past,1354,1939,0.6983
snapshot_sym3_date15_am.csv,label_5,future,1994,1994,1.0
snapshot_sym3_date15_am.csv,label_5,past,1710,1994,0.8576
snapshot_sym3_date15_am.csv,label_10,future,1989,1989,1.0
snapshot_sym3_date15_am.csv,label_10,past,1517,1989,0.7627
snapshot_sym3_date15_am.csv,label_20,future,1979,1979,1.0
snapshot_sym3_date15_am.csv,label_20,past,1307,1979,0.6604
snapshot_sym3_date15_am.csv,label_40,future,1959,1959,1.0
snapshot_sym3_date15_am.csv,label_40,past,1044,1959,0.5329
snapshot_sym3_date15_am.csv,label_60,future,1939,1939,1.0
snapshot_sym3_date15_am.csv,label_60,past,853,1939,0.4399
snapshot_sym3_date15_pm.csv,label_5,future,1994,1994,1.0
snapshot_sym3_date15_pm.csv,label_5,past,1838,1994,0.9218
snapshot_sym3_date15_pm.csv,label_10,future,1989,1989,1.0
snapshot_sym3_date15_pm.csv,label_10,past,1720,1989,0.8648
snapshot_sym3_date15_pm.csv,label_20,future,1979,1979,1.0
snapshot_sym3_date15_pm.csv,label_20,past,1572,1979,0.7943
snapshot_sym3_date15_pm.csv,label_40,future,1959,1959,1.0
snapshot_sym3_date15_pm.csv,label_40,past,1397,1959,0.7131
snapshot_sym3_date15_pm.csv,label_60,future,1939,1939,1.0
snapshot_sym3_date15_pm.csv,label_60,past,1273,1939,0.6565
snapshot_sym3_date16_am.csv,label_5,future,1994,1994,1.0
snapshot_sym3_date16_am.csv,label_5,past,1788,1994,0.8967
snapshot_sym3_date16_am.csv,label_10,future,1989,1989,1.0
snapshot_sym3_date16_am.csv,label_10,past,1651,1989,0.8301
snapshot_sym3_date16_am.csv,label_20,future,1979,1979,1.0
snapshot_sym3_date16_am.csv,label_20,past,1413,1979,0.714
snapshot_sym3_date16_am.csv,label_40,future,1959,1959,1.0
snapshot_sym3_date16_am.csv,label_40,past,1074,1959,0.5482
snapshot_sym3_date16_am.csv,label_60,future,1939,1939,1.0
snapshot_sym3_date16_am.csv,label_60,past,899,1939,0.4636
snapshot_sym3_date16_pm.csv,label_5,future,1994,1994,1.0
snapshot_sym3_date16_pm.csv,label_5,past,1912,1994,0.9589
snapshot_sym3_date16_pm.csv,label_10,future,1989,1989,1.0
snapshot_sym3_date16_pm.csv,label_10,past,1856,1989,0.9331
snapshot_sym3_date16_pm.csv,label_20,future,1979,1979,1.0
snapshot_sym3_date16_pm.csv,label_20,past,1765,1979,0.8919
snapshot_sym3_date16_pm.csv,label_40,future,1959,1959,1.0
snapshot_sym3_date16_pm.csv,label_40,past,1571,1959,0.8019
snapshot_sym3_date16_pm.csv,label_60,future,1939,1939,1.0
snapshot_sym3_date16_pm.csv,label_60,past,1377,1939,0.7102
snapshot_sym3_date17_am.csv,label_5,future,1994,1994,1.0
snapshot_sym3_date17_am.csv,label_5,past,1839,1994,0.9223
snapshot_sym3_date17_am.csv,label_10,future,1989,1989,1.0
snapshot_sym3_date17_am.csv,label_10,past,1716,1989,0.8627
snapshot_sym3_date17_am.csv,label_20,future,1979,1979,1.0
snapshot_sym3_date17_am.csv,label_20,past,1533,1979,0.7746
snapshot_sym3_date17_am.csv,label_40,future,1959,1959,1.0
snapshot_sym3_date17_am.csv,label_40,past,1253,1959,0.6396
snapshot_sym3_date17_am.csv,label_60,future,1939,1939,1.0
snapshot_sym3_date17_am.csv,label_60,past,1090,1939,0.5621
snapshot_sym3_date17_pm.csv,label_5,future,1994,1994,1.0
snapshot_sym3_date17_pm.csv,label_5,past,1900,1994,0.9529
snapshot_sym3_date17_pm.csv,label_10,future,1989,1989,1.0
snapshot_sym3_date17_pm.csv,label_10,past,1831,1989,0.9206
snapshot_sym3_date17_pm.csv,label_20,future,1979,1979,1.0
snapshot_sym3_date17_pm.csv,label_20,past,1734,1979,0.8762
snapshot_sym3_date17_pm.csv,label_40,future,1959,1959,1.0
snapshot_sym3_date17_pm.csv,label_40,past,1572,1959,0.8025
snapshot_sym3_date17_pm.csv,label_60,future,1939,1939,1.0
snapshot_sym3_date17_pm.csv,label_60,past,1394,1939,0.7189
snapshot_sym3_date18_am.csv,label_5,future,1994,1994,1.0
snapshot_sym3_date18_am.csv,label_5,past,1899,1994,0.9524
snapshot_sym3_date18_am.csv,label_10,future,1989,1989,1.0
snapshot_sym3_date18_am.csv,label_10,past,1827,1989,0.9186
snapshot_sym3_date18_am.csv,label_20,future,1979,1979,1.0
snapshot_sym3_date18_am.csv,label_20,past,1691,1979,0.8545
snapshot_sym3_date18_am.csv,label_40,future,1959,1959,1.0
snapshot_sym3_date18_am.csv,label_40,past,1450,1959,0.7402
snapshot_sym3_date18_am.csv,label_60,future,1939,1939,1.0
snapshot_sym3_date18_am.csv,label_60,past,1345,1939,0.6937
snapshot_sym3_date18_pm.csv,label_5,future,1994,1994,1.0
snapshot_sym3_date18_pm.csv,label_5,past,1824,1994,0.9147
snapshot_sym3_date18_pm.csv,label_10,future,1989,1989,1.0
snapshot_sym3_date18_pm.csv,label_10,past,1693,1989,0.8512
snapshot_sym3_date18_pm.csv,label_20,future,1979,1979,1.0
snapshot_sym3_date18_pm.csv,label_20,past,1518,1979,0.7671
snapshot_sym3_date18_pm.csv,label_40,future,1959,1959,1.0
snapshot_sym3_date18_pm.csv,label_40,past,1247,1959,0.6365
snapshot_sym3_date18_pm.csv,label_60,future,1939,1939,1.0
snapshot_sym3_date18_pm.csv,label_60,past,987,1939,0.509
snapshot_sym3_date19_am.csv,label_5,future,1994,1994,1.0
snapshot_sym3_date19_am.csv,label_5,past,1795,1994,0.9002
snapshot_sym3_date19_am.csv,label_10,future,1989,1989,1.0
snapshot_sym3_date19_am.csv,label_10,past,1641,1989,0.825
snapshot_sym3_date19_am.csv,label_20,future,1979,1979,1.0
snapshot_sym3_date19_am.csv,label_20,past,1401,1979,0.7079
snapshot_sym3_date19_am.csv,label_40,future,1959,1959,1.0
snapshot_sym3_date19_am.csv,label_40,past,1103,1959,0.563
snapshot_sym3_date19_am.csv,label_60,future,1939,1939,1.0
snapshot_sym3_date19_am.csv,label_60,past,897,1939,0.4626
snapshot_sym3_date19_pm.csv,label_5,future,1994,1994,1.0
snapshot_sym3_date19_pm.csv,label_5,past,1856,1994,0.9308
snapshot_sym3_date19_pm.csv,label_10,future,1989,1989,1.0
snapshot_sym3_date19_pm.csv,label_10,past,1767,1989,0.8884
snapshot_sym3_date19_pm.csv,label_20,future,1979,1979,1.0
snapshot_sym3_date19_pm.csv,label_20,past,1642,1979,0.8297
snapshot_sym3_date19_pm.csv,label_40,future,1959,1959,1.0
snapshot_sym3_date19_pm.csv,label_40,past,1447,1959,0.7386
snapshot_sym3_date19_pm.csv,label_60,future,1939,1939,1.0
snapshot_sym3_date19_pm.csv,label_60,past,1295,1939,0.6679
snapshot_sym3_date1_am.csv,label_5,future,1994,1994,1.0
snapshot_sym3_date1_am.csv,label_5,past,1863,1994,0.9343
snapshot_sym3_date1_am.csv,label_10,future,1989,1989,1.0
snapshot_sym3_date1_am.csv,label_10,past,1798,1989,0.904
snapshot_sym3_date1_am.csv,label_20,future,1979,1979,1.0
snapshot_sym3_date1_am.csv,label_20,past,1701,1979,0.8595
snapshot_sym3_date1_am.csv,label_40,future,1959,1959,1.0
snapshot_sym3_date1_am.csv,label_40,past,1537,1959,0.7846
snapshot_sym3_date1_am.csv,label_60,future,1939,1939,1.0
snapshot_sym3_date1_am.csv,label_60,past,1455,1939,0.7504
snapshot_sym3_date1_pm.csv,label_5,future,1994,1994,1.0
snapshot_sym3_date1_pm.csv,label_5,past,1784,1994,0.8947
snapshot_sym3_date1_pm.csv,label_10,future,1989,1989,1.0
snapshot_sym3_date1_pm.csv,label_10,past,1700,1989,0.8547
snapshot_sym3_date1_pm.csv,label_20,future,1979,1979,1.0
snapshot_sym3_date1_pm.csv,label_20,past,1579,1979,0.7979
snapshot_sym3_date1_pm.csv,label_40,future,1959,1959,1.0
snapshot_sym3_date1_pm.csv,label_40,past,1320,1959,0.6738
snapshot_sym3_date1_pm.csv,label_60,future,1939,1939,1.0
snapshot_sym3_date1_pm.csv,label_60,past,1103,1939,0.5688
snapshot_sym3_date20_am.csv,label_5,future,1994,1994,1.0
snapshot_sym3_date20_am.csv,label_5,past,1866,1994,0.9358
snapshot_sym3_date20_am.csv,label_10,future,1989,1989,1.0
snapshot_sym3_date20_am.csv,label_10,past,1779,1989,0.8944
snapshot_sym3_date20_am.csv,label_20,future,1979,1979,1.0
snapshot_sym3_date20_am.csv,label_20,past,1621,1979,0.8191
snapshot_sym3_date20_am.csv,label_40,future,1959,1959,1.0
snapshot_sym3_date20_am.csv,label_40,past,1378,1959,0.7034
snapshot_sym3_date20_am.csv,label_60,future,1939,1939,1.0
snapshot_sym3_date20_am.csv,label_60,past,1268,1939,0.6539
snapshot_sym3_date20_pm.csv,label_5,future,1994,1994,1.0
snapshot_sym3_date20_pm.csv,label_5,past,1858,1994,0.9318
snapshot_sym3_date20_pm.csv,label_10,future,1989,1989,1.0
snapshot_sym3_date20_pm.csv,label_10,past,1767,1989,0.8884
snapshot_sym3_date20_pm.csv,label_20,future,1979,1979,1.0
snapshot_sym3_date20_pm.csv,label_20,past,1648,1979,0.8327
snapshot_sym3_date20_pm.csv,label_40,future,1959,1959,1.0
snapshot_sym3_date20_pm.csv,label_40,past,1456,1959,0.7432
snapshot_sym3_date20_pm.csv,label_60,future,1939,1939,1.0
snapshot_sym3_date20_pm.csv,label_60,past,1250,1939,0.6447
snapshot_sym3_date21_am.csv,label_5,future,1994,1994,1.0
snapshot_sym3_date21_am.csv,label_5,past,1889,1994,0.9473
snapshot_sym3_date21_am.csv,label_10,future,1989,1989,1.0
snapshot_sym3_date21_am.csv,label_10,past,1794,1989,0.902
snapshot_sym3_date21_am.csv,label_20,future,1979,1979,1.0
snapshot_sym3_date21_am.csv,label_20,past,1640,1979,0.8287
snapshot_sym3_date21_am.csv,label_40,future,1959,1959,1.0
snapshot_sym3_date21_am.csv,label_40,past,1449,1959,0.7397
snapshot_sym3_date21_am.csv,label_60,future,1939,1939,1.0
snapshot_sym3_date21_am.csv,label_60,past,1346,1939,0.6942
snapshot_sym3_date21_pm.csv,label_5,future,1994,1994,1.0
snapshot_sym3_date21_pm.csv,label_5,past,1710,1994,0.8576
snapshot_sym3_date21_pm.csv,label_10,future,1989,1989,1.0
snapshot_sym3_date21_pm.csv,label_10,past,1521,1989,0.7647
snapshot_sym3_date21_pm.csv,label_20,future,1979,1979,1.0
snapshot_sym3_date21_pm.csv,label_20,past,1236,1979,0.6246
snapshot_sym3_date21_pm.csv,label_40,future,1959,1959,1.0
snapshot_sym3_date21_pm.csv,label_40,past,745,1959,0.3803
snapshot_sym3_date21_pm.csv,label_60,future,1939,1939,1.0
snapshot_sym3_date21_pm.csv,label_60,past,475,1939,0.245
snapshot_sym3_date22_am.csv,label_5,future,1994,1994,1.0
snapshot_sym3_date22_am.csv,label_5,past,1942,1994,0.9739
snapshot_sym3_date22_am.csv,label_10,future,1989,1989,1.0
snapshot_sym3_date22_am.csv,label_10,past,1889,1989,0.9497
snapshot_sym3_date22_am.csv,label_20,future,1979,1979,1.0
snapshot_sym3_date22_am.csv,label_20,past,1779,1979,0.8989
snapshot_sym3_date22_am.csv,label_40,future,1959,1959,1.0
snapshot_sym3_date22_am.csv,label_40,past,1655,1959,0.8448
snapshot_sym3_date22_am.csv,label_60,future,1939,1939,1.0
snapshot_sym3_date22_am.csv,label_60,past,1577,1939,0.8133
snapshot_sym3_date22_pm.csv,label_5,future,1994,1994,1.0
snapshot_sym3_date22_pm.csv,label_5,past,1964,1994,0.985
snapshot_sym3_date22_pm.csv,label_10,future,1989,1989,1.0
snapshot_sym3_date22_pm.csv,label_10,past,1929,1989,0.9698
snapshot_sym3_date22_pm.csv,label_20,future,1979,1979,1.0
snapshot_sym3_date22_pm.csv,label_20,past,1850,1979,0.9348
snapshot_sym3_date22_pm.csv,label_40,future,1959,1959,1.0
snapshot_sym3_date22_pm.csv,label_40,past,1713,1959,0.8744
snapshot_sym3_date22_pm.csv,label_60,future,1939,1939,1.0
snapshot_sym3_date22_pm.csv,label_60,past,1641,1939,0.8463
snapshot_sym3_date23_am.csv,label_5,future,1994,1994,1.0
snapshot_sym3_date23_am.csv,label_5,past,1902,1994,0.9539
snapshot_sym3_date23_am.csv,label_10,future,1989,1989,1.0
snapshot_sym3_date23_am.csv,label_10,past,1825,1989,0.9175
snapshot_sym3_date23_am.csv,label_20,future,1979,1979,1.0
snapshot_sym3_date23_am.csv,label_20,past,1689,1979,0.8535
snapshot_sym3_date23_am.csv,label_40,future,1959,1959,1.0
snapshot_sym3_date23_am.csv,label_40,past,1465,1959,0.7478
snapshot_sym3_date23_am.csv,label_60,future,1939,1939,1.0
snapshot_sym3_date23_am.csv,label_60,past,1275,1939,0.6576
snapshot_sym3_date23_pm.csv,label_5,future,1994,1994,1.0
snapshot_sym3_date23_pm.csv,label_5,past,1957,1994,0.9814
snapshot_sym3_date23_pm.csv,label_10,future,1989,1989,1.0
snapshot_sym3_date23_pm.csv,label_10,past,1935,1989,0.9729
snapshot_sym3_date23_pm.csv,label_20,future,1979,1979,1.0
snapshot_sym3_date23_pm.csv,label_20,past,1890,1979,0.955
snapshot_sym3_date23_pm.csv,label_40,future,1959,1959,1.0
snapshot_sym3_date23_pm.csv,label_40,past,1797,1959,0.9173
snapshot_sym3_date23_pm.csv,label_60,future,1939,1939,1.0
snapshot_sym3_date23_pm.csv,label_60,past,1739,1939,0.8969
snapshot_sym3_date24_am.csv,label_5,future,1994,1994,1.0
snapshot_sym3_date24_am.csv,label_5,past,1874,1994,0.9398
snapshot_sym3_date24_am.csv,label_10,future,1989,1989,1.0
snapshot_sym3_date24_am.csv,label_10,past,1779,1989,0.8944
snapshot_sym3_date24_am.csv,label_20,future,1979,1979,1.0
snapshot_sym3_date24_am.csv,label_20,past,1600,1979,0.8085
snapshot_sym3_date24_am.csv,label_40,future,1959,1959,1.0
snapshot_sym3_date24_am.csv,label_40,past,1386,1959,0.7075
snapshot_sym3_date24_am.csv,label_60,future,1939,1939,1.0
snapshot_sym3_date24_am.csv,label_60,past,1216,1939,0.6271
snapshot_sym3_date24_pm.csv,label_5,future,1994,1994,1.0
snapshot_sym3_date24_pm.csv,label_5,past,1930,1994,0.9679
snapshot_sym3_date24_pm.csv,label_10,future,1989,1989,1.0
snapshot_sym3_date24_pm.csv,label_10,past,1877,1989,0.9437
snapshot_sym3_date24_pm.csv,label_20,future,1979,1979,1.0
snapshot_sym3_date24_pm.csv,label_20,past,1779,1979,0.8989
snapshot_sym3_date24_pm.csv,label_40,future,1959,1959,1.0
snapshot_sym3_date24_pm.csv,label_40,past,1559,1959,0.7958
snapshot_sym3_date24_pm.csv,label_60,future,1939,1939,1.0
snapshot_sym3_date24_pm.csv,label_60,past,1353,1939,0.6978
snapshot_sym3_date25_am.csv,label_5,future,1994,1994,1.0
snapshot_sym3_date25_am.csv,label_5,past,1710,1994,0.8576
snapshot_sym3_date25_am.csv,label_10,future,1989,1989,1.0
snapshot_sym3_date25_am.csv,label_10,past,1621,1989,0.815
snapshot_sym3_date25_am.csv,label_20,future,1979,1979,1.0
snapshot_sym3_date25_am.csv,label_20,past,1472,1979,0.7438
snapshot_sym3_date25_am.csv,label_40,future,1959,1959,1.0
snapshot_sym3_date25_am.csv,label_40,past,1284,1959,0.6554
snapshot_sym3_date25_am.csv,label_60,future,1939,1939,1.0
snapshot_sym3_date25_am.csv,label_60,past,1052,1939,0.5425
snapshot_sym3_date25_pm.csv,label_5,future,1994,1994,1.0
snapshot_sym3_date25_pm.csv,label_5,past,1914,1994,0.9599
snapshot_sym3_date25_pm.csv,label_10,future,1989,1989,1.0
snapshot_sym3_date25_pm.csv,label_10,past,1837,1989,0.9236
snapshot_sym3_date25_pm.csv,label_20,future,1979,1979,1.0
snapshot_sym3_date25_pm.csv,label_20,past,1703,1979,0.8605
snapshot_sym3_date25_pm.csv,label_40,future,1959,1959,1.0
snapshot_sym3_date25_pm.csv,label_40,past,1483,1959,0.757
snapshot_sym3_date25_pm.csv,label_60,future,1939,1939,1.0
snapshot_sym3_date25_pm.csv,label_60,past,1325,1939,0.6833
snapshot_sym3_date26_am.csv,label_5,future,1994,1994,1.0
snapshot_sym3_date26_am.csv,label_5,past,1892,1994,0.9488
snapshot_sym3_date26_am.csv,label_10,future,1989,1989,1.0
snapshot_sym3_date26_am.csv,label_10,past,1819,1989,0.9145
snapshot_sym3_date26_am.csv,label_20,future,1979,1979,1.0
snapshot_sym3_date26_am.csv,label_20,past,1686,1979,0.8519
snapshot_sym3_date26_am.csv,label_40,future,1959,1959,1.0
snapshot_sym3_date26_am.csv,label_40,past,1556,1959,0.7943
snapshot_sym3_date26_am.csv,label_60,future,1939,1939,1.0
snapshot_sym3_date26_am.csv,label_60,past,1485,1939,0.7659
snapshot_sym3_date26_pm.csv,label_5,future,1994,1994,1.0
snapshot_sym3_date26_pm.csv,label_5,past,1938,1994,0.9719
snapshot_sym3_date26_pm.csv,label_10,future,1989,1989,1.0
snapshot_sym3_date26_pm.csv,label_10,past,1889,1989,0.9497
snapshot_sym3_date26_pm.csv,label_20,future,1979,1979,1.0
snapshot_sym3_date26_pm.csv,label_20,past,1779,1979,0.8989
snapshot_sym3_date26_pm.csv,label_40,future,1959,1959,1.0
snapshot_sym3_date26_pm.csv,label_40,past,1559,1959,0.7958
snapshot_sym3_date26_pm.csv,label_60,future,1939,1939,1.0
snapshot_sym3_date26_pm.csv,label_60,past,1366,1939,0.7045
snapshot_sym3_date27_am.csv,label_5,future,1994,1994,1.0
snapshot_sym3_date27_am.csv,label_5,past,1828,1994,0.9168
snapshot_sym3_date27_am.csv,label_10,future,1989,1989,1.0
snapshot_sym3_date27_am.csv,label_10,past,1731,1989,0.8703
snapshot_sym3_date27_am.csv,label_20,future,1979,1979,1.0
snapshot_sym3_date27_am.csv,label_20,past,1573,1979,0.7948
snapshot_sym3_date27_am.csv,label_40,future,1959,1959,1.0
snapshot_sym3_date27_am.csv,label_40,past,1313,1959,0.6702
snapshot_sym3_date27_am.csv,label_60,future,1939,1939,1.0
snapshot_sym3_date27_am.csv,label_60,past,1093,1939,0.5637
snapshot_sym3_date27_pm.csv,label_5,future,1994,1994,1.0
snapshot_sym3_date27_pm.csv,label_5,past,1909,1994,0.9574
snapshot_sym3_date27_pm.csv,label_10,future,1989,1989,1.0
snapshot_sym3_date27_pm.csv,label_10,past,1843,1989,0.9266
snapshot_sym3_date27_pm.csv,label_20,future,1979,1979,1.0
snapshot_sym3_date27_pm.csv,label_20,past,1732,1979,0.8752
snapshot_sym3_date27_pm.csv,label_40,future,1959,1959,1.0
snapshot_sym3_date27_pm.csv,label_40,past,1587,1959,0.8101
snapshot_sym3_date27_pm.csv,label_60,future,1939,1939,1.0
snapshot_sym3_date27_pm.csv,label_60,past,1504,1939,0.7757
snapshot_sym3_date28_am.csv,label_5,future,1994,1994,1.0
snapshot_sym3_date28_am.csv,label_5,past,1792,1994,0.8987
snapshot_sym3_date28_am.csv,label_10,future,1989,1989,1.0
snapshot_sym3_date28_am.csv,label_10,past,1660,1989,0.8346
snapshot_sym3_date28_am.csv,label_20,future,1979,1979,1.0
snapshot_sym3_date28_am.csv,label_20,past,1442,1979,0.7287
snapshot_sym3_date28_am.csv,label_40,future,1959,1959,1.0
snapshot_sym3_date28_am.csv,label_40,past,1175,1959,0.5998
snapshot_sym3_date28_am.csv,label_60,future,1939,1939,1.0
snapshot_sym3_date28_am.csv,label_60,past,1101,1939,0.5678
snapshot_sym3_date28_pm.csv,label_5,future,1994,1994,1.0
snapshot_sym3_date28_pm.csv,label_5,past,1934,1994,0.9699
snapshot_sym3_date28_pm.csv,label_10,future,1989,1989,1.0
snapshot_sym3_date28_pm.csv,label_10,past,1869,1989,0.9397
snapshot_sym3_date28_pm.csv,label_20,future,1979,1979,1.0
snapshot_sym3_date28_pm.csv,label_20,past,1739,1979,0.8787
snapshot_sym3_date28_pm.csv,label_40,future,1959,1959,1.0
snapshot_sym3_date28_pm.csv,label_40,past,1515,1959,0.7734
snapshot_sym3_date28_pm.csv,label_60,future,1939,1939,1.0
snapshot_sym3_date28_pm.csv,label_60,past,1347,1939,0.6947
snapshot_sym3_date29_am.csv,label_5,future,1994,1994,1.0
snapshot_sym3_date29_am.csv,label_5,past,1706,1994,0.8556
snapshot_sym3_date29_am.csv,label_10,future,1989,1989,1.0
snapshot_sym3_date29_am.csv,label_10,past,1531,1989,0.7697
snapshot_sym3_date29_am.csv,label_20,future,1979,1979,1.0
snapshot_sym3_date29_am.csv,label_20,past,1285,1979,0.6493
snapshot_sym3_date29_am.csv,label_40,future,1959,1959,1.0
snapshot_sym3_date29_am.csv,label_40,past,1066,1959,0.5442
snapshot_sym3_date29_am.csv,label_60,future,1939,1939,1.0
snapshot_sym3_date29_am.csv,label_60,past,1022,1939,0.5271
snapshot_sym3_date29_pm.csv,label_5,future,1994,1994,1.0
snapshot_sym3_date29_pm.csv,label_5,past,1902,1994,0.9539
snapshot_sym3_date29_pm.csv,label_10,future,1989,1989,1.0
snapshot_sym3_date29_pm.csv,label_10,past,1833,1989,0.9216
snapshot_sym3_date29_pm.csv,label_20,future,1979,1979,1.0
snapshot_sym3_date29_pm.csv,label_20,past,1695,1979,0.8565
snapshot_sym3_date29_pm.csv,label_40,future,1959,1959,1.0
snapshot_sym3_date29_pm.csv,label_40,past,1492,1959,0.7616
snapshot_sym3_date29_pm.csv,label_60,future,1939,1939,1.0
snapshot_sym3_date29_pm.csv,label_60,past,1348,1939,0.6952
snapshot_sym3_date2_am.csv,label_5,future,1994,1994,1.0
snapshot_sym3_date2_am.csv,label_5,past,1796,1994,0.9007
snapshot_sym3_date2_am.csv,label_10,future,1989,1989,1.0
snapshot_sym3_date2_am.csv,label_10,past,1648,1989,0.8286
snapshot_sym3_date2_am.csv,label_20,future,1979,1979,1.0
snapshot_sym3_date2_am.csv,label_20,past,1409,1979,0.712
snapshot_sym3_date2_am.csv,label_40,future,1959,1959,1.0
snapshot_sym3_date2_am.csv,label_40,past,1080,1959,0.5513
snapshot_sym3_date2_am.csv,label_60,future,1939,1939,1.0
snapshot_sym3_date2_am.csv,label_60,past,892,1939,0.46
snapshot_sym3_date2_pm.csv,label_5,future,1994,1994,1.0
snapshot_sym3_date2_pm.csv,label_5,past,1903,1994,0.9544
snapshot_sym3_date2_pm.csv,label_10,future,1989,1989,1.0
snapshot_sym3_date2_pm.csv,label_10,past,1838,1989,0.9241
snapshot_sym3_date2_pm.csv,label_20,future,1979,1979,1.0
snapshot_sym3_date2_pm.csv,label_20,past,1726,1979,0.8722
snapshot_sym3_date2_pm.csv,label_40,future,1959,1959,1.0
snapshot_sym3_date2_pm.csv,label_40,past,1554,1959,0.7933
snapshot_sym3_date2_pm.csv,label_60,future,1939,1939,1.0
snapshot_sym3_date2_pm.csv,label_60,past,1387,1939,0.7153
snapshot_sym3_date30_am.csv,label_5,future,1994,1994,1.0
snapshot_sym3_date30_am.csv,label_5,past,1658,1994,0.8315
snapshot_sym3_date30_am.csv,label_10,future,1989,1989,1.0
snapshot_sym3_date30_am.csv,label_10,past,1497,1989,0.7526
snapshot_sym3_date30_am.csv,label_20,future,1979,1979,1.0
snapshot_sym3_date30_am.csv,label_20,past,1248,1979,0.6306
snapshot_sym3_date30_am.csv,label_40,future,1959,1959,1.0
snapshot_sym3_date30_am.csv,label_40,past,1029,1959,0.5253
snapshot_sym3_date30_am.csv,label_60,future,1939,1939,1.0
snapshot_sym3_date30_am.csv,label_60,past,892,1939,0.46
snapshot_sym3_date30_pm.csv,label_5,future,1994,1994,1.0
snapshot_sym3_date30_pm.csv,label_5,past,1815,1994,0.9102
snapshot_sym3_date30_pm.csv,label_10,future,1989,1989,1.0
snapshot_sym3_date30_pm.csv,label_10,past,1695,1989,0.8522
snapshot_sym3_date30_pm.csv,label_20,future,1979,1979,1.0
snapshot_sym3_date30_pm.csv,label_20,past,1522,1979,0.7691
snapshot_sym3_date30_pm.csv,label_40,future,1959,1959,1.0
snapshot_sym3_date30_pm.csv,label_40,past,1338,1959,0.683
snapshot_sym3_date30_pm.csv,label_60,future,1939,1939,1.0
snapshot_sym3_date30_pm.csv,label_60,past,1232,1939,0.6354
snapshot_sym3_date31_am.csv,label_5,future,1994,1994,1.0
snapshot_sym3_date31_am.csv,label_5,past,1801,1994,0.9032
snapshot_sym3_date31_am.csv,label_10,future,1989,1989,1.0
snapshot_sym3_date31_am.csv,label_10,past,1671,1989,0.8401
snapshot_sym3_date31_am.csv,label_20,future,1979,1979,1.0
snapshot_sym3_date31_am.csv,label_20,past,1402,1979,0.7084
snapshot_sym3_date31_am.csv,label_40,future,1959,1959,1.0
snapshot_sym3_date31_am.csv,label_40,past,932,1959,0.4758
snapshot_sym3_date31_am.csv,label_60,future,1939,1939,1.0
snapshot_sym3_date31_am.csv,label_60,past,597,1939,0.3079
snapshot_sym3_date31_pm.csv,label_5,future,1994,1994,1.0
snapshot_sym3_date31_pm.csv,label_5,past,1825,1994,0.9152
snapshot_sym3_date31_pm.csv,label_10,future,1989,1989,1.0
snapshot_sym3_date31_pm.csv,label_10,past,1716,1989,0.8627
snapshot_sym3_date31_pm.csv,label_20,future,1979,1979,1.0
snapshot_sym3_date31_pm.csv,label_20,past,1531,1979,0.7736
snapshot_sym3_date31_pm.csv,label_40,future,1959,1959,1.0
snapshot_sym3_date31_pm.csv,label_40,past,1220,1959,0.6228
snapshot_sym3_date31_pm.csv,label_60,future,1939,1939,1.0
snapshot_sym3_date31_pm.csv,label_60,past,1063,1939,0.5482
snapshot_sym3_date32_am.csv,label_5,future,1994,1994,1.0
snapshot_sym3_date32_am.csv,label_5,past,1882,1994,0.9438
snapshot_sym3_date32_am.csv,label_10,future,1989,1989,1.0
snapshot_sym3_date32_am.csv,label_10,past,1766,1989,0.8879
snapshot_sym3_date32_am.csv,label_20,future,1979,1979,1.0
snapshot_sym3_date32_am.csv,label_20,past,1533,1979,0.7746
snapshot_sym3_date32_am.csv,label_40,future,1959,1959,1.0
snapshot_sym3_date32_am.csv,label_40,past,1149,1959,0.5865
snapshot_sym3_date32_am.csv,label_60,future,1939,1939,1.0
snapshot_sym3_date32_am.csv,label_60,past,970,1939,0.5003
snapshot_sym3_date32_pm.csv,label_5,future,1994,1994,1.0
snapshot_sym3_date32_pm.csv,label_5,past,1828,1994,0.9168
snapshot_sym3_date32_pm.csv,label_10,future,1989,1989,1.0
snapshot_sym3_date32_pm.csv,label_10,past,1711,1989,0.8602
snapshot_sym3_date32_pm.csv,label_20,future,1979,1979,1.0
snapshot_sym3_date32_pm.csv,label_20,past,1509,1979,0.7625
snapshot_sym3_date32_pm.csv,label_40,future,1959,1959,1.0
snapshot_sym3_date32_pm.csv,label_40,past,1117,1959,0.5702
snapshot_sym3_date32_pm.csv,label_60,future,1939,1939,1.0
snapshot_sym3_date32_pm.csv,label_60,past,854,1939,0.4404
snapshot_sym3_date33_am.csv,label_5,future,1994,1994,1.0
snapshot_sym3_date33_am.csv,label_5,past,1669,1994,0.837
snapshot_sym3_date33_am.csv,label_10,future,1989,1989,1.0
snapshot_sym3_date33_am.csv,label_10,past,1471,1989,0.7396
snapshot_sym3_date33_am.csv,label_20,future,1979,1979,1.0
snapshot_sym3_date33_am.csv,label_20,past,1257,1979,0.6352
snapshot_sym3_date33_am.csv,label_40,future,1959,1959,1.0
snapshot_sym3_date33_am.csv,label_40,past,1040,1959,0.5309
snapshot_sym3_date33_am.csv,label_60,future,1939,1939,1.0
snapshot_sym3_date33_am.csv,label_60,past,894,1939,0.4611
snapshot_sym3_date33_pm.csv,label_5,future,1994,1994,1.0
snapshot_sym3_date33_pm.csv,label_5,past,1646,1994,0.8255
snapshot_sym3_date33_pm.csv,label_10,future,1989,1989,1.0
snapshot_sym3_date33_pm.csv,label_10,past,1413,1989,0.7104
snapshot_sym3_date33_pm.csv,label_20,future,1979,1979,1.0
snapshot_sym3_date33_pm.csv,label_20,past,1168,1979,0.5902
snapshot_sym3_date33_pm.csv,label_40,future,1959,1959,1.0
snapshot_sym3_date33_pm.csv,label_40,past,840,1959,0.4288
snapshot_sym3_date33_pm.csv,label_60,future,1939,1939,1.0
snapshot_sym3_date33_pm.csv,label_60,past,556,1939,0.2867
snapshot_sym3_date34_am.csv,label_5,future,1994,1994,1.0
snapshot_sym3_date34_am.csv,label_5,past,1303,1994,0.6535
snapshot_sym3_date34_am.csv,label_10,future,1989,1989,1.0
snapshot_sym3_date34_am.csv,label_10,past,981,1989,0.4932
snapshot_sym3_date34_am.csv,label_20,future,1979,1979,1.0
snapshot_sym3_date34_am.csv,label_20,past,748,1979,0.378
snapshot_sym3_date34_am.csv,label_40,future,1959,1959,1.0
snapshot_sym3_date34_am.csv,label_40,past,802,1959,0.4094
snapshot_sym3_date34_am.csv,label_60,future,1939,1939,1.0
snapshot_sym3_date34_am.csv,label_60,past,734,1939,0.3785
snapshot_sym3_date34_pm.csv,label_5,future,1994,1994,1.0
snapshot_sym3_date34_pm.csv,label_5,past,1321,1994,0.6625
snapshot_sym3_date34_pm.csv,label_10,future,1989,1989,1.0
snapshot_sym3_date34_pm.csv,label_10,past,1094,1989,0.55
snapshot_sym3_date34_pm.csv,label_20,future,1979,1979,1.0
snapshot_sym3_date34_pm.csv,label_20,past,847,1979,0.428
snapshot_sym3_date34_pm.csv,label_40,future,1959,1959,1.0
snapshot_sym3_date34_pm.csv,label_40,past,853,1959,0.4354
snapshot_sym3_date34_pm.csv,label_60,future,1939,1939,1.0
snapshot_sym3_date34_pm.csv,label_60,past,916,1939,0.4724
snapshot_sym3_date35_am.csv,label_5,future,1994,1994,1.0
snapshot_sym3_date35_am.csv,label_5,past,1436,1994,0.7202
snapshot_sym3_date35_am.csv,label_10,future,1989,1989,1.0
snapshot_sym3_date35_am.csv,label_10,past,1203,1989,0.6048
snapshot_sym3_date35_am.csv,label_20,future,1979,1979,1.0
snapshot_sym3_date35_am.csv,label_20,past,1026,1979,0.5184
snapshot_sym3_date35_am.csv,label_40,future,1959,1959,1.0
snapshot_sym3_date35_am.csv,label_40,past,753,1959,0.3844
snapshot_sym3_date35_am.csv,label_60,future,1939,1939,1.0
snapshot_sym3_date35_am.csv,label_60,past,860,1939,0.4435
snapshot_sym3_date35_pm.csv,label_5,future,1994,1994,1.0
snapshot_sym3_date35_pm.csv,label_5,past,1445,1994,0.7247
snapshot_sym3_date35_pm.csv,label_10,future,1989,1989,1.0
snapshot_sym3_date35_pm.csv,label_10,past,1147,1989,0.5767
snapshot_sym3_date35_pm.csv,label_20,future,1979,1979,1.0
snapshot_sym3_date35_pm.csv,label_20,past,872,1979,0.4406
snapshot_sym3_date35_pm.csv,label_40,future,1959,1959,1.0
snapshot_sym3_date35_pm.csv,label_40,past,743,1959,0.3793
snapshot_sym3_date35_pm.csv,label_60,future,1939,1939,1.0
snapshot_sym3_date35_pm.csv,label_60,past,663,1939,0.3419
snapshot_sym3_date36_am.csv,label_5,future,1994,1994,1.0
snapshot_sym3_date36_am.csv,label_5,past,1475,1994,0.7397
snapshot_sym3_date36_am.csv,label_10,future,1989,1989,1.0
snapshot_sym3_date36_am.csv,label_10,past,1215,1989,0.6109
snapshot_sym3_date36_am.csv,label_20,future,1979,1979,1.0
snapshot_sym3_date36_am.csv,label_20,past,898,1979,0.4538
snapshot_sym3_date36_am.csv,label_40,future,1959,1959,1.0
snapshot_sym3_date36_am.csv,label_40,past,664,1959,0.3389
snapshot_sym3_date36_am.csv,label_60,future,1939,1939,1.0
snapshot_sym3_date36_am.csv,label_60,past,691,1939,0.3564
snapshot_sym3_date36_pm.csv,label_5,future,1994,1994,1.0
snapshot_sym3_date36_pm.csv,label_5,past,1575,1994,0.7899
snapshot_sym3_date36_pm.csv,label_10,future,1989,1989,1.0
snapshot_sym3_date36_pm.csv,label_10,past,1343,1989,0.6752
snapshot_sym3_date36_pm.csv,label_20,future,1979,1979,1.0
snapshot_sym3_date36_pm.csv,label_20,past,1025,1979,0.5179
snapshot_sym3_date36_pm.csv,label_40,future,1959,1959,1.0
snapshot_sym3_date36_pm.csv,label_40,past,658,1959,0.3359
snapshot_sym3_date36_pm.csv,label_60,future,1939,1939,1.0
snapshot_sym3_date36_pm.csv,label_60,past,587,1939,0.3027
snapshot_sym3_date37_am.csv,label_5,future,1994,1994,1.0
snapshot_sym3_date37_am.csv,label_5,past,1548,1994,0.7763
snapshot_sym3_date37_am.csv,label_10,future,1989,1989,1.0
snapshot_sym3_date37_am.csv,label_10,past,1347,1989,0.6772
snapshot_sym3_date37_am.csv,label_20,future,1979,1979,1.0
snapshot_sym3_date37_am.csv,label_20,past,1071,1979,0.5412
snapshot_sym3_date37_am.csv,label_40,future,1959,1959,1.0
snapshot_sym3_date37_am.csv,label_40,past,758,1959,0.3869
snapshot_sym3_date37_am.csv,label_60,future,1939,1939,1.0
snapshot_sym3_date37_am.csv,label_60,past,649,1939,0.3347
snapshot_sym3_date37_pm.csv,label_5,future,1994,1994,1.0
snapshot_sym3_date37_pm.csv,label_5,past,1694,1994,0.8495
snapshot_sym3_date37_pm.csv,label_10,future,1989,1989,1.0
snapshot_sym3_date37_pm.csv,label_10,past,1528,1989,0.7682
snapshot_sym3_date37_pm.csv,label_20,future,1979,1979,1.0
snapshot_sym3_date37_pm.csv,label_20,past,1334,1979,0.6741
snapshot_sym3_date37_pm.csv,label_40,future,1959,1959,1.0
snapshot_sym3_date37_pm.csv,label_40,past,1087,1959,0.5549
snapshot_sym3_date37_pm.csv,label_60,future,1939,1939,1.0
snapshot_sym3_date37_pm.csv,label_60,past,864,1939,0.4456
snapshot_sym3_date38_am.csv,label_5,future,1994,1994,1.0
snapshot_sym3_date38_am.csv,label_5,past,1641,1994,0.823
snapshot_sym3_date38_am.csv,label_10,future,1989,1989,1.0
snapshot_sym3_date38_am.csv,label_10,past,1444,1989,0.726
snapshot_sym3_date38_am.csv,label_20,future,1979,1979,1.0
snapshot_sym3_date38_am.csv,label_20,past,1293,1979,0.6534
snapshot_sym3_date38_am.csv,label_40,future,1959,1959,1.0
snapshot_sym3_date38_am.csv,label_40,past,1112,1959,0.5676
snapshot_sym3_date38_am.csv,label_60,future,1939,1939,1.0
snapshot_sym3_date38_am.csv,label_60,past,917,1939,0.4729
snapshot_sym3_date38_pm.csv,label_5,future,1994,1994,1.0
snapshot_sym3_date38_pm.csv,label_5,past,1682,1994,0.8435
snapshot_sym3_date38_pm.csv,label_10,future,1989,1989,1.0
snapshot_sym3_date38_pm.csv,label_10,past,1469,1989,0.7386
snapshot_sym3_date38_pm.csv,label_20,future,1979,1979,1.0
snapshot_sym3_date38_pm.csv,label_20,past,1178,1979,0.5953
snapshot_sym3_date38_pm.csv,label_40,future,1959,1959,1.0
snapshot_sym3_date38_pm.csv,label_40,past,952,1959,0.486
snapshot_sym3_date38_pm.csv,label_60,future,1939,1939,1.0
snapshot_sym3_date38_pm.csv,label_60,past,739,1939,0.3811
snapshot_sym3_date39_am.csv,label_5,future,1994,1994,1.0
snapshot_sym3_date39_am.csv,label_5,past,1607,1994,0.8059
snapshot_sym3_date39_am.csv,label_10,future,1989,1989,1.0
snapshot_sym3_date39_am.csv,label_10,past,1420,1989,0.7139
snapshot_sym3_date39_am.csv,label_20,future,1979,1979,1.0
snapshot_sym3_date39_am.csv,label_20,past,1205,1979,0.6089
snapshot_sym3_date39_am.csv,label_40,future,1959,1959,1.0
snapshot_sym3_date39_am.csv,label_40,past,914,1959,0.4666
snapshot_sym3_date39_am.csv,label_60,future,1939,1939,1.0
snapshot_sym3_date39_am.csv,label_60,past,788,1939,0.4064
snapshot_sym3_date39_pm.csv,label_5,future,1994,1994,1.0
snapshot_sym3_date39_pm.csv,label_5,past,1567,1994,0.7859
snapshot_sym3_date39_pm.csv,label_10,future,1989,1989,1.0
snapshot_sym3_date39_pm.csv,label_10,past,1408,1989,0.7079
snapshot_sym3_date39_pm.csv,label_20,future,1979,1979,1.0
snapshot_sym3_date39_pm.csv,label_20,past,1236,1979,0.6246
snapshot_sym3_date39_pm.csv,label_40,future,1959,1959,1.0
snapshot_sym3_date39_pm.csv,label_40,past,1019,1959,0.5202
snapshot_sym3_date39_pm.csv,label_60,future,1939,1939,1.0
snapshot_sym3_date39_pm.csv,label_60,past,946,1939,0.4879
snapshot_sym3_date3_am.csv,label_5,future,1994,1994,1.0
snapshot_sym3_date3_am.csv,label_5,past,1879,1994,0.9423
snapshot_sym3_date3_am.csv,label_10,future,1989,1989,1.0
snapshot_sym3_date3_am.csv,label_10,past,1790,1989,0.8999
snapshot_sym3_date3_am.csv,label_20,future,1979,1979,1.0
snapshot_sym3_date3_am.csv,label_20,past,1637,1979,0.8272
snapshot_sym3_date3_am.csv,label_40,future,1959,1959,1.0
snapshot_sym3_date3_am.csv,label_40,past,1440,1959,0.7351
snapshot_sym3_date3_am.csv,label_60,future,1939,1939,1.0
snapshot_sym3_date3_am.csv,label_60,past,1265,1939,0.6524
snapshot_sym3_date3_pm.csv,label_5,future,1994,1994,1.0
snapshot_sym3_date3_pm.csv,label_5,past,1944,1994,0.9749
snapshot_sym3_date3_pm.csv,label_10,future,1989,1989,1.0
snapshot_sym3_date3_pm.csv,label_10,past,1889,1989,0.9497
snapshot_sym3_date3_pm.csv,label_20,future,1979,1979,1.0
snapshot_sym3_date3_pm.csv,label_20,past,1779,1979,0.8989
snapshot_sym3_date3_pm.csv,label_40,future,1959,1959,1.0
snapshot_sym3_date3_pm.csv,label_40,past,1635,1959,0.8346
snapshot_sym3_date3_pm.csv,label_60,future,1939,1939,1.0
snapshot_sym3_date3_pm.csv,label_60,past,1459,1939,0.7524
snapshot_sym3_date40_am.csv,label_5,future,1994,1994,1.0
snapshot_sym3_date40_am.csv,label_5,past,1362,1994,0.683
snapshot_sym3_date40_am.csv,label_10,future,1989,1989,1.0
snapshot_sym3_date40_am.csv,label_10,past,1291,1989,0.6491
snapshot_sym3_date40_am.csv,label_20,future,1979,1979,1.0
snapshot_sym3_date40_am.csv,label_20,past,1169,1979,0.5907
snapshot_sym3_date40_am.csv,label_40,future,1959,1959,1.0
snapshot_sym3_date40_am.csv,label_40,past,1033,1959,0.5273
snapshot_sym3_date40_am.csv,label_60,future,1939,1939,1.0
snapshot_sym3_date40_am.csv,label_60,past,1048,1939,0.5405
snapshot_sym3_date40_pm.csv,label_5,future,1994,1994,1.0
snapshot_sym3_date40_pm.csv,label_5,past,1356,1994,0.68
snapshot_sym3_date40_pm.csv,label_10,future,1989,1989,1.0
snapshot_sym3_date40_pm.csv,label_10,past,1126,1989,0.5661
snapshot_sym3_date40_pm.csv,label_20,future,1979,1979,1.0
snapshot_sym3_date40_pm.csv,label_20,past,887,1979,0.4482
snapshot_sym3_date40_pm.csv,label_40,future,1959,1959,1.0
snapshot_sym3_date40_pm.csv,label_40,past,773,1959,0.3946
snapshot_sym3_date40_pm.csv,label_60,future,1939,1939,1.0
snapshot_sym3_date40_pm.csv,label_60,past,513,1939,0.2646
snapshot_sym3_date41_am.csv,label_5,future,1994,1994,1.0
snapshot_sym3_date41_am.csv,label_5,past,1008,1994,0.5055
snapshot_sym3_date41_am.csv,label_10,future,1989,1989,1.0
snapshot_sym3_date41_am.csv,label_10,past,982,1989,0.4937
snapshot_sym3_date41_am.csv,label_20,future,1979,1979,1.0
snapshot_sym3_date41_am.csv,label_20,past,884,1979,0.4467
snapshot_sym3_date41_am.csv,label_40,future,1959,1959,1.0
snapshot_sym3_date41_am.csv,label_40,past,724,1959,0.3696
snapshot_sym3_date41_am.csv,label_60,future,1939,1939,1.0
snapshot_sym3_date41_am.csv,label_60,past,700,1939,0.361
snapshot_sym3_date41_pm.csv,label_5,future,1994,1994,1.0
snapshot_sym3_date41_pm.csv,label_5,past,1425,1994,0.7146
snapshot_sym3_date41_pm.csv,label_10,future,1989,1989,1.0
snapshot_sym3_date41_pm.csv,label_10,past,1199,1989,0.6028
snapshot_sym3_date41_pm.csv,label_20,future,1979,1979,1.0
snapshot_sym3_date41_pm.csv,label_20,past,951,1979,0.4805
snapshot_sym3_date41_pm.csv,label_40,future,1959,1959,1.0
snapshot_sym3_date41_pm.csv,label_40,past,862,1959,0.44
snapshot_sym3_date41_pm.csv,label_60,future,1939,1939,1.0
snapshot_sym3_date41_pm.csv,label_60,past,778,1939,0.4012
snapshot_sym3_date42_pm.csv,label_5,future,1994,1994,1.0
snapshot_sym3_date42_pm.csv,label_5,past,1461,1994,0.7327
snapshot_sym3_date42_pm.csv,label_10,future,1989,1989,1.0
snapshot_sym3_date42_pm.csv,label_10,past,1327,1989,0.6672
snapshot_sym3_date42_pm.csv,label_20,future,1979,1979,1.0
snapshot_sym3_date42_pm.csv,label_20,past,1154,1979,0.5831
snapshot_sym3_date42_pm.csv,label_40,future,1959,1959,1.0
snapshot_sym3_date42_pm.csv,label_40,past,885,1959,0.4518
snapshot_sym3_date42_pm.csv,label_60,future,1939,1939,1.0
snapshot_sym3_date42_pm.csv,label_60,past,870,1939,0.4487
snapshot_sym3_date43_am.csv,label_5,future,1994,1994,1.0
snapshot_sym3_date43_am.csv,label_5,past,1449,1994,0.7267
snapshot_sym3_date43_am.csv,label_10,future,1989,1989,1.0
snapshot_sym3_date43_am.csv,label_10,past,1193,1989,0.5998
snapshot_sym3_date43_am.csv,label_20,future,1979,1979,1.0
snapshot_sym3_date43_am.csv,label_20,past,875,1979,0.4421
snapshot_sym3_date43_am.csv,label_40,future,1959,1959,1.0
snapshot_sym3_date43_am.csv,label_40,past,692,1959,0.3532
snapshot_sym3_date43_am.csv,label_60,future,1939,1939,1.0
snapshot_sym3_date43_am.csv,label_60,past,561,1939,0.2893
snapshot_sym3_date43_pm.csv,label_5,future,1994,1994,1.0
snapshot_sym3_date43_pm.csv,label_5,past,1664,1994,0.8345
snapshot_sym3_date43_pm.csv,label_10,future,1989,1989,1.0
snapshot_sym3_date43_pm.csv,label_10,past,1457,1989,0.7325
snapshot_sym3_date43_pm.csv,label_20,future,1979,1979,1.0
snapshot_sym3_date43_pm.csv,label_20,past,1116,1979,0.5639
snapshot_sym3_date43_pm.csv,label_40,future,1959,1959,1.0
snapshot_sym3_date43_pm.csv,label_40,past,850,1959,0.4339
snapshot_sym3_date43_pm.csv,label_60,future,1939,1939,1.0
snapshot_sym3_date43_pm.csv,label_60,past,764,1939,0.394
snapshot_sym3_date44_pm.csv,label_5,future,1994,1994,1.0
snapshot_sym3_date44_pm.csv,label_5,past,1551,1994,0.7778
snapshot_sym3_date44_pm.csv,label_10,future,1989,1989,1.0
snapshot_sym3_date44_pm.csv,label_10,past,1258,1989,0.6325
snapshot_sym3_date44_pm.csv,label_20,future,1979,1979,1.0
snapshot_sym3_date44_pm.csv,label_20,past,903,1979,0.4563
snapshot_sym3_date44_pm.csv,label_40,future,1959,1959,1.0
snapshot_sym3_date44_pm.csv,label_40,past,800,1959,0.4084
snapshot_sym3_date44_pm.csv,label_60,future,1939,1939,1.0
snapshot_sym3_date44_pm.csv,label_60,past,725,1939,0.3739
snapshot_sym3_date45_am.csv,label_5,future,1994,1994,1.0
snapshot_sym3_date45_am.csv,label_5,past,1456,1994,0.7302
snapshot_sym3_date45_am.csv,label_10,future,1989,1989,1.0
snapshot_sym3_date45_am.csv,label_10,past,1261,1989,0.634
snapshot_sym3_date45_am.csv,label_20,future,1979,1979,1.0
snapshot_sym3_date45_am.csv,label_20,past,1008,1979,0.5093
snapshot_sym3_date45_am.csv,label_40,future,1959,1959,1.0
snapshot_sym3_date45_am.csv,label_40,past,834,1959,0.4257
snapshot_sym3_date45_am.csv,label_60,future,1939,1939,1.0
snapshot_sym3_date45_am.csv,label_60,past,602,1939,0.3105
snapshot_sym3_date45_pm.csv,label_5,future,1994,1994,1.0
snapshot_sym3_date45_pm.csv,label_5,past,1518,1994,0.7613
snapshot_sym3_date45_pm.csv,label_10,future,1989,1989,1.0
snapshot_sym3_date45_pm.csv,label_10,past,1327,1989,0.6672
snapshot_sym3_date45_pm.csv,label_20,future,1979,1979,1.0
snapshot_sym3_date45_pm.csv,label_20,past,1053,1979,0.5321
snapshot_sym3_date45_pm.csv,label_40,future,1959,1959,1.0
snapshot_sym3_date45_pm.csv,label_40,past,789,1959,0.4028
snapshot_sym3_date45_pm.csv,label_60,future,1939,1939,1.0
snapshot_sym3_date45_pm.csv,label_60,past,538,1939,0.2775
snapshot_sym3_date46_am.csv,label_5,future,1994,1994,1.0
snapshot_sym3_date46_am.csv,label_5,past,1313,1994,0.6585
snapshot_sym3_date46_am.csv,label_10,future,1989,1989,1.0
snapshot_sym3_date46_am.csv,label_10,past,1042,1989,0.5239
snapshot_sym3_date46_am.csv,label_20,future,1979,1979,1.0
snapshot_sym3_date46_am.csv,label_20,past,911,1979,0.4603
snapshot_sym3_date46_am.csv,label_40,future,1959,1959,1.0
snapshot_sym3_date46_am.csv,label_40,past,752,1959,0.3839
snapshot_sym3_date46_am.csv,label_60,future,1939,1939,1.0
snapshot_sym3_date46_am.csv,label_60,past,640,1939,0.3301
snapshot_sym3_date46_pm.csv,label_5,future,1994,1994,1.0
snapshot_sym3_date46_pm.csv,label_5,past,1587,1994,0.7959
snapshot_sym3_date46_pm.csv,label_10,future,1989,1989,1.0
snapshot_sym3_date46_pm.csv,label_10,past,1380,1989,0.6938
snapshot_sym3_date46_pm.csv,label_20,future,1979,1979,1.0
snapshot_sym3_date46_pm.csv,label_20,past,1072,1979,0.5417
snapshot_sym3_date46_pm.csv,label_40,future,1959,1959,1.0
snapshot_sym3_date46_pm.csv,label_40,past,641,1959,0.3272
snapshot_sym3_date46_pm.csv,label_60,future,1939,1939,1.0
snapshot_sym3_date46_pm.csv,label_60,past,471,1939,0.2429
snapshot_sym3_date47_am.csv,label_5,future,1994,1994,1.0
snapshot_sym3_date47_am.csv,label_5,past,1681,1994,0.843
snapshot_sym3_date47_am.csv,label_10,future,1989,1989,1.0
snapshot_sym3_date47_am.csv,label_10,past,1466,1989,0.7371
snapshot_sym3_date47_am.csv,label_20,future,1979,1979,1.0
snapshot_sym3_date47_am.csv,label_20,past,1198,1979,0.6054
snapshot_sym3_date47_am.csv,label_40,future,1959,1959,1.0
snapshot_sym3_date47_am.csv,label_40,past,853,1959,0.4354
snapshot_sym3_date47_am.csv,label_60,future,1939,1939,1.0
snapshot_sym3_date47_am.csv,label_60,past,572,1939,0.295
snapshot_sym3_date47_pm.csv,label_5,future,1994,1994,1.0
snapshot_sym3_date47_pm.csv,label_5,past,1642,1994,0.8235
snapshot_sym3_date47_pm.csv,label_10,future,1989,1989,1.0
snapshot_sym3_date47_pm.csv,label_10,past,1443,1989,0.7255
snapshot_sym3_date47_pm.csv,label_20,future,1979,1979,1.0
snapshot_sym3_date47_pm.csv,label_20,past,1201,1979,0.6069
snapshot_sym3_date47_pm.csv,label_40,future,1959,1959,1.0
snapshot_sym3_date47_pm.csv,label_40,past,815,1959,0.416
snapshot_sym3_date47_pm.csv,label_60,future,1939,1939,1.0
snapshot_sym3_date47_pm.csv,label_60,past,688,1939,0.3548
snapshot_sym3_date48_am.csv,label_5,future,1994,1994,1.0
snapshot_sym3_date48_am.csv,label_5,past,1643,1994,0.824
snapshot_sym3_date48_am.csv,label_10,future,1989,1989,1.0
snapshot_sym3_date48_am.csv,label_10,past,1455,1989,0.7315
snapshot_sym3_date48_am.csv,label_20,future,1979,1979,1.0
snapshot_sym3_date48_am.csv,label_20,past,1281,1979,0.6473
snapshot_sym3_date48_am.csv,label_40,future,1959,1959,1.0
snapshot_sym3_date48_am.csv,label_40,past,1085,1959,0.5539
snapshot_sym3_date48_am.csv,label_60,future,1939,1939,1.0
snapshot_sym3_date48_am.csv,label_60,past,945,1939,0.4874
snapshot_sym3_date48_pm.csv,label_5,future,1994,1994,1.0
snapshot_sym3_date48_pm.csv,label_5,past,1847,1994,0.9263
snapshot_sym3_date48_pm.csv,label_10,future,1989,1989,1.0
snapshot_sym3_date48_pm.csv,label_10,past,1750,1989,0.8798
snapshot_sym3_date48_pm.csv,label_20,future,1979,1979,1.0
snapshot_sym3_date48_pm.csv,label_20,past,1594,1979,0.8055
snapshot_sym3_date48_pm.csv,label_40,future,1959,1959,1.0
snapshot_sym3_date48_pm.csv,label_40,past,1385,1959,0.707
snapshot_sym3_date48_pm.csv,label_60,future,1939,1939,1.0
snapshot_sym3_date48_pm.csv,label_60,past,1217,1939,0.6276
snapshot_sym3_date49_am.csv,label_5,future,1994,1994,1.0
snapshot_sym3_date49_am.csv,label_5,past,1788,1994,0.8967
snapshot_sym3_date49_am.csv,label_10,future,1989,1989,1.0
snapshot_sym3_date49_am.csv,label_10,past,1648,1989,0.8286
snapshot_sym3_date49_am.csv,label_20,future,1979,1979,1.0
snapshot_sym3_date49_am.csv,label_20,past,1402,1979,0.7084
snapshot_sym3_date49_am.csv,label_40,future,1959,1959,1.0
snapshot_sym3_date49_am.csv,label_40,past,1006,1959,0.5135
snapshot_sym3_date49_am.csv,label_60,future,1939,1939,1.0
snapshot_sym3_date49_am.csv,label_60,past,793,1939,0.409
snapshot_sym3_date49_pm.csv,label_5,future,1994,1994,1.0
snapshot_sym3_date49_pm.csv,label_5,past,1772,1994,0.8887
snapshot_sym3_date49_pm.csv,label_10,future,1989,1989,1.0
snapshot_sym3_date49_pm.csv,label_10,past,1599,1989,0.8039
snapshot_sym3_date49_pm.csv,label_20,future,1979,1979,1.0
snapshot_sym3_date49_pm.csv,label_20,past,1331,1979,0.6726
snapshot_sym3_date49_pm.csv,label_40,future,1959,1959,1.0
snapshot_sym3_date49_pm.csv,label_40,past,1054,1959,0.538
snapshot_sym3_date49_pm.csv,label_60,future,1939,1939,1.0
snapshot_sym3_date49_pm.csv,label_60,past,826,1939,0.426
snapshot_sym3_date4_am.csv,label_5,future,1994,1994,1.0
snapshot_sym3_date4_am.csv,label_5,past,1817,1994,0.9112
snapshot_sym3_date4_am.csv,label_10,future,1989,1989,1.0
snapshot_sym3_date4_am.csv,label_10,past,1693,1989,0.8512
snapshot_sym3_date4_am.csv,label_20,future,1979,1979,1.0
snapshot_sym3_date4_am.csv,label_20,past,1489,1979,0.7524
snapshot_sym3_date4_am.csv,label_40,future,1959,1959,1.0
snapshot_sym3_date4_am.csv,label_40,past,1277,1959,0.6519
snapshot_sym3_date4_am.csv,label_60,future,1939,1939,1.0
snapshot_sym3_date4_am.csv,label_60,past,1066,1939,0.5498
snapshot_sym3_date4_pm.csv,label_5,future,1994,1994,1.0
snapshot_sym3_date4_pm.csv,label_5,past,1851,1994,0.9283
snapshot_sym3_date4_pm.csv,label_10,future,1989,1989,1.0
snapshot_sym3_date4_pm.csv,label_10,past,1747,1989,0.8783
snapshot_sym3_date4_pm.csv,label_20,future,1979,1979,1.0
snapshot_sym3_date4_pm.csv,label_20,past,1587,1979,0.8019
snapshot_sym3_date4_pm.csv,label_40,future,1959,1959,1.0
snapshot_sym3_date4_pm.csv,label_40,past,1412,1959,0.7208
snapshot_sym3_date4_pm.csv,label_60,future,1939,1939,1.0
snapshot_sym3_date4_pm.csv,label_60,past,1257,1939,0.6483
snapshot_sym3_date50_am.csv,label_5,future,1994,1994,1.0
snapshot_sym3_date50_am.csv,label_5,past,1590,1994,0.7974
snapshot_sym3_date50_am.csv,label_10,future,1989,1989,1.0
snapshot_sym3_date50_am.csv,label_10,past,1378,1989,0.6928
snapshot_sym3_date50_am.csv,label_20,future,1979,1979,1.0
snapshot_sym3_date50_am.csv,label_20,past,1131,1979,0.5715
snapshot_sym3_date50_am.csv,label_40,future,1959,1959,1.0
snapshot_sym3_date50_am.csv,label_40,past,858,1959,0.438
snapshot_sym3_date50_am.csv,label_60,future,1939,1939,1.0
snapshot_sym3_date50_am.csv,label_60,past,688,1939,0.3548
snapshot_sym3_date50_pm.csv,label_5,future,1994,1994,1.0
snapshot_sym3_date50_pm.csv,label_5,past,1812,1994,0.9087
snapshot_sym3_date50_pm.csv,label_10,future,1989,1989,1.0
snapshot_sym3_date50_pm.csv,label_10,past,1668,1989,0.8386
snapshot_sym3_date50_pm.csv,label_20,future,1979,1979,1.0
snapshot_sym3_date50_pm.csv,label_20,past,1427,1979,0.7211
snapshot_sym3_date50_pm.csv,label_40,future,1959,1959,1.0
snapshot_sym3_date50_pm.csv,label_40,past,1036,1959,0.5288
snapshot_sym3_date50_pm.csv,label_60,future,1939,1939,1.0
snapshot_sym3_date50_pm.csv,label_60,past,698,1939,0.36
snapshot_sym3_date51_am.csv,label_5,future,1994,1994,1.0
snapshot_sym3_date51_am.csv,label_5,past,1748,1994,0.8766
snapshot_sym3_date51_am.csv,label_10,future,1989,1989,1.0
snapshot_sym3_date51_am.csv,label_10,past,1618,1989,0.8135
snapshot_sym3_date51_am.csv,label_20,future,1979,1979,1.0
snapshot_sym3_date51_am.csv,label_20,past,1453,1979,0.7342
snapshot_sym3_date51_am.csv,label_40,future,1959,1959,1.0
snapshot_sym3_date51_am.csv,label_40,past,1248,1959,0.6371
snapshot_sym3_date51_am.csv,label_60,future,1939,1939,1.0
snapshot_sym3_date51_am.csv,label_60,past,977,1939,0.5039
snapshot_sym3_date51_pm.csv,label_5,future,1994,1994,1.0
snapshot_sym3_date51_pm.csv,label_5,past,1861,1994,0.9333
snapshot_sym3_date51_pm.csv,label_10,future,1989,1989,1.0
snapshot_sym3_date51_pm.csv,label_10,past,1767,1989,0.8884
snapshot_sym3_date51_pm.csv,label_20,future,1979,1979,1.0
snapshot_sym3_date51_pm.csv,label_20,past,1643,1979,0.8302
snapshot_sym3_date51_pm.csv,label_40,future,1959,1959,1.0
snapshot_sym3_date51_pm.csv,label_40,past,1487,1959,0.7591
snapshot_sym3_date51_pm.csv,label_60,future,1939,1939,1.0
snapshot_sym3_date51_pm.csv,label_60,past,1310,1939,0.6756
snapshot_sym3_date52_am.csv,label_5,future,1994,1994,1.0
snapshot_sym3_date52_am.csv,label_5,past,1660,1994,0.8325
snapshot_sym3_date52_am.csv,label_10,future,1989,1989,1.0
snapshot_sym3_date52_am.csv,label_10,past,1474,1989,0.7411
snapshot_sym3_date52_am.csv,label_20,future,1979,1979,1.0
snapshot_sym3_date52_am.csv,label_20,past,1170,1979,0.5912
snapshot_sym3_date52_am.csv,label_40,future,1959,1959,1.0
snapshot_sym3_date52_am.csv,label_40,past,855,1959,0.4364
snapshot_sym3_date52_am.csv,label_60,future,1939,1939,1.0
snapshot_sym3_date52_am.csv,label_60,past,674,1939,0.3476
snapshot_sym3_date52_pm.csv,label_5,future,1994,1994,1.0
snapshot_sym3_date52_pm.csv,label_5,past,1737,1994,0.8711
snapshot_sym3_date52_pm.csv,label_10,future,1989,1989,1.0
snapshot_sym3_date52_pm.csv,label_10,past,1564,1989,0.7863
snapshot_sym3_date52_pm.csv,label_20,future,1979,1979,1.0
snapshot_sym3_date52_pm.csv,label_20,past,1294,1979,0.6539
snapshot_sym3_date52_pm.csv,label_40,future,1959,1959,1.0
snapshot_sym3_date52_pm.csv,label_40,past,887,1959,0.4528
snapshot_sym3_date52_pm.csv,label_60,future,1939,1939,1.0
snapshot_sym3_date52_pm.csv,label_60,past,680,1939,0.3507
snapshot_sym3_date53_am.csv,label_5,future,1994,1994,1.0
snapshot_sym3_date53_am.csv,label_5,past,1705,1994,0.8551
snapshot_sym3_date53_am.csv,label_10,future,1989,1989,1.0
snapshot_sym3_date53_am.csv,label_10,past,1581,1989,0.7949
snapshot_sym3_date53_am.csv,label_20,future,1979,1979,1.0
snapshot_sym3_date53_am.csv,label_20,past,1394,1979,0.7044
snapshot_sym3_date53_am.csv,label_40,future,1959,1959,1.0
snapshot_sym3_date53_am.csv,label_40,past,960,1959,0.49
snapshot_sym3_date53_am.csv,label_60,future,1939,1939,1.0
snapshot_sym3_date53_am.csv,label_60,past,709,1939,0.3657
snapshot_sym3_date53_pm.csv,label_5,future,1994,1994,1.0
snapshot_sym3_date53_pm.csv,label_5,past,1794,1994,0.8997
snapshot_sym3_date53_pm.csv,label_10,future,1989,1989,1.0
snapshot_sym3_date53_pm.csv,label_10,past,1646,1989,0.8276
snapshot_sym3_date53_pm.csv,label_20,future,1979,1979,1.0
snapshot_sym3_date53_pm.csv,label_20,past,1376,1979,0.6953
snapshot_sym3_date53_pm.csv,label_40,future,1959,1959,1.0
snapshot_sym3_date53_pm.csv,label_40,past,1103,1959,0.563
snapshot_sym3_date53_pm.csv,label_60,future,1939,1939,1.0
snapshot_sym3_date53_pm.csv,label_60,past,875,1939,0.4513
snapshot_sym3_date54_am.csv,label_5,future,1994,1994,1.0
snapshot_sym3_date54_am.csv,label_5,past,1637,1994,0.821
snapshot_sym3_date54_am.csv,label_10,future,1989,1989,1.0
snapshot_sym3_date54_am.csv,label_10,past,1417,1989,0.7124
snapshot_sym3_date54_am.csv,label_20,future,1979,1979,1.0
snapshot_sym3_date54_am.csv,label_20,past,1198,1979,0.6054
snapshot_sym3_date54_am.csv,label_40,future,1959,1959,1.0
snapshot_sym3_date54_am.csv,label_40,past,995,1959,0.5079
snapshot_sym3_date54_am.csv,label_60,future,1939,1939,1.0
snapshot_sym3_date54_am.csv,label_60,past,842,1939,0.4342
snapshot_sym3_date54_pm.csv,label_5,future,1994,1994,1.0
snapshot_sym3_date54_pm.csv,label_5,past,1685,1994,0.845
snapshot_sym3_date54_pm.csv,label_10,future,1989,1989,1.0
snapshot_sym3_date54_pm.csv,label_10,past,1494,1989,0.7511
snapshot_sym3_date54_pm.csv,label_20,future,1979,1979,1.0
snapshot_sym3_date54_pm.csv,label_20,past,1168,1979,0.5902
snapshot_sym3_date54_pm.csv,label_40,future,1959,1959,1.0
snapshot_sym3_date54_pm.csv,label_40,past,803,1959,0.4099
snapshot_sym3_date54_pm.csv,label_60,future,1939,1939,1.0
snapshot_sym3_date54_pm.csv,label_60,past,594,1939,0.3063
snapshot_sym3_date55_am.csv,label_5,future,1994,1994,1.0
snapshot_sym3_date55_am.csv,label_5,past,1688,1994,0.8465
snapshot_sym3_date55_am.csv,label_10,future,1989,1989,1.0
snapshot_sym3_date55_am.csv,label_10,past,1545,1989,0.7768
snapshot_sym3_date55_am.csv,label_20,future,1979,1979,1.0
snapshot_sym3_date55_am.csv,label_20,past,1312,1979,0.663
snapshot_sym3_date55_am.csv,label_40,future,1959,1959,1.0
snapshot_sym3_date55_am.csv,label_40,past,1106,1959,0.5646
snapshot_sym3_date55_am.csv,label_60,future,1939,1939,1.0
snapshot_sym3_date55_am.csv,label_60,past,922,1939,0.4755
snapshot_sym3_date55_pm.csv,label_5,future,1994,1994,1.0
snapshot_sym3_date55_pm.csv,label_5,past,1854,1994,0.9298
snapshot_sym3_date55_pm.csv,label_10,future,1989,1989,1.0
snapshot_sym3_date55_pm.csv,label_10,past,1739,1989,0.8743
snapshot_sym3_date55_pm.csv,label_20,future,1979,1979,1.0
snapshot_sym3_date55_pm.csv,label_20,past,1553,1979,0.7847
snapshot_sym3_date55_pm.csv,label_40,future,1959,1959,1.0
snapshot_sym3_date55_pm.csv,label_40,past,1242,1959,0.634
snapshot_sym3_date55_pm.csv,label_60,future,1939,1939,1.0
snapshot_sym3_date55_pm.csv,label_60,past,1018,1939,0.525
snapshot_sym3_date56_am.csv,label_5,future,1994,1994,1.0
snapshot_sym3_date56_am.csv,label_5,past,1745,1994,0.8751
snapshot_sym3_date56_am.csv,label_10,future,1989,1989,1.0
snapshot_sym3_date56_am.csv,label_10,past,1600,1989,0.8044
snapshot_sym3_date56_am.csv,label_20,future,1979,1979,1.0
snapshot_sym3_date56_am.csv,label_20,past,1369,1979,0.6918
snapshot_sym3_date56_am.csv,label_40,future,1959,1959,1.0
snapshot_sym3_date56_am.csv,label_40,past,1028,1959,0.5248
snapshot_sym3_date56_am.csv,label_60,future,1939,1939,1.0
snapshot_sym3_date56_am.csv,label_60,past,746,1939,0.3847
snapshot_sym3_date56_pm.csv,label_5,future,1994,1994,1.0
snapshot_sym3_date56_pm.csv,label_5,past,1899,1994,0.9524
snapshot_sym3_date56_pm.csv,label_10,future,1989,1989,1.0
snapshot_sym3_date56_pm.csv,label_10,past,1819,1989,0.9145
snapshot_sym3_date56_pm.csv,label_20,future,1979,1979,1.0
snapshot_sym3_date56_pm.csv,label_20,past,1711,1979,0.8646
snapshot_sym3_date56_pm.csv,label_40,future,1959,1959,1.0
snapshot_sym3_date56_pm.csv,label_40,past,1452,1959,0.7412
snapshot_sym3_date56_pm.csv,label_60,future,1939,1939,1.0
snapshot_sym3_date56_pm.csv,label_60,past,1172,1939,0.6044
snapshot_sym3_date57_am.csv,label_5,future,1994,1994,1.0
snapshot_sym3_date57_am.csv,label_5,past,1666,1994,0.8355
snapshot_sym3_date57_am.csv,label_10,future,1989,1989,1.0
snapshot_sym3_date57_am.csv,label_10,past,1504,1989,0.7562
snapshot_sym3_date57_am.csv,label_20,future,1979,1979,1.0
snapshot_sym3_date57_am.csv,label_20,past,1251,1979,0.6321
snapshot_sym3_date57_am.csv,label_40,future,1959,1959,1.0
snapshot_sym3_date57_am.csv,label_40,past,951,1959,0.4855
snapshot_sym3_date57_am.csv,label_60,future,1939,1939,1.0
snapshot_sym3_date57_am.csv,label_60,past,623,1939,0.3213
snapshot_sym3_date57_pm.csv,label_5,future,1994,1994,1.0
snapshot_sym3_date57_pm.csv,label_5,past,1824,1994,0.9147
snapshot_sym3_date57_pm.csv,label_10,future,1989,1989,1.0
snapshot_sym3_date57_pm.csv,label_10,past,1721,1989,0.8653
snapshot_sym3_date57_pm.csv,label_20,future,1979,1979,1.0
snapshot_sym3_date57_pm.csv,label_20,past,1573,1979,0.7948
snapshot_sym3_date57_pm.csv,label_40,future,1959,1959,1.0
snapshot_sym3_date57_pm.csv,label_40,past,1339,1959,0.6835
snapshot_sym3_date57_pm.csv,label_60,future,1939,1939,1.0
snapshot_sym3_date57_pm.csv,label_60,past,1173,1939,0.605
snapshot_sym3_date58_am.csv,label_5,future,1994,1994,1.0
snapshot_sym3_date58_am.csv,label_5,past,1700,1994,0.8526
snapshot_sym3_date58_am.csv,label_10,future,1989,1989,1.0
snapshot_sym3_date58_am.csv,label_10,past,1526,1989,0.7672
snapshot_sym3_date58_am.csv,label_20,future,1979,1979,1.0
snapshot_sym3_date58_am.csv,label_20,past,1322,1979,0.668
snapshot_sym3_date58_am.csv,label_40,future,1959,1959,1.0
snapshot_sym3_date58_am.csv,label_40,past,981,1959,0.5008
snapshot_sym3_date58_am.csv,label_60,future,1939,1939,1.0
snapshot_sym3_date58_am.csv,label_60,past,628,1939,0.3239
snapshot_sym3_date58_pm.csv,label_5,future,1994,1994,1.0
snapshot_sym3_date58_pm.csv,label_5,past,1809,1994,0.9072
snapshot_sym3_date58_pm.csv,label_10,future,1989,1989,1.0
snapshot_sym3_date58_pm.csv,label_10,past,1686,1989,0.8477
snapshot_sym3_date58_pm.csv,label_20,future,1979,1979,1.0
snapshot_sym3_date58_pm.csv,label_20,past,1460,1979,0.7377
snapshot_sym3_date58_pm.csv,label_40,future,1959,1959,1.0
snapshot_sym3_date58_pm.csv,label_40,past,1072,1959,0.5472
snapshot_sym3_date58_pm.csv,label_60,future,1939,1939,1.0
snapshot_sym3_date58_pm.csv,label_60,past,770,1939,0.3971
snapshot_sym3_date59_am.csv,label_5,future,1994,1994,1.0
snapshot_sym3_date59_am.csv,label_5,past,1814,1994,0.9097
snapshot_sym3_date59_am.csv,label_10,future,1989,1989,1.0
snapshot_sym3_date59_am.csv,label_10,past,1704,1989,0.8567
snapshot_sym3_date59_am.csv,label_20,future,1979,1979,1.0
snapshot_sym3_date59_am.csv,label_20,past,1516,1979,0.766
snapshot_sym3_date59_am.csv,label_40,future,1959,1959,1.0
snapshot_sym3_date59_am.csv,label_40,past,1238,1959,0.632
snapshot_sym3_date59_am.csv,label_60,future,1939,1939,1.0
snapshot_sym3_date59_am.csv,label_60,past,1073,1939,0.5534
snapshot_sym3_date59_pm.csv,label_5,future,1994,1994,1.0
snapshot_sym3_date59_pm.csv,label_5,past,1835,1994,0.9203
snapshot_sym3_date59_pm.csv,label_10,future,1989,1989,1.0
snapshot_sym3_date59_pm.csv,label_10,past,1721,1989,0.8653
snapshot_sym3_date59_pm.csv,label_20,future,1979,1979,1.0
snapshot_sym3_date59_pm.csv,label_20,past,1497,1979,0.7564
snapshot_sym3_date59_pm.csv,label_40,future,1959,1959,1.0
snapshot_sym3_date59_pm.csv,label_40,past,1150,1959,0.587
snapshot_sym3_date59_pm.csv,label_60,future,1939,1939,1.0
snapshot_sym3_date59_pm.csv,label_60,past,986,1939,0.5085
snapshot_sym3_date5_am.csv,label_5,future,1994,1994,1.0
snapshot_sym3_date5_am.csv,label_5,past,1674,1994,0.8395
snapshot_sym3_date5_am.csv,label_10,future,1989,1989,1.0
snapshot_sym3_date5_am.csv,label_10,past,1523,1989,0.7657
snapshot_sym3_date5_am.csv,label_20,future,1979,1979,1.0
snapshot_sym3_date5_am.csv,label_20,past,1305,1979,0.6594
snapshot_sym3_date5_am.csv,label_40,future,1959,1959,1.0
snapshot_sym3_date5_am.csv,label_40,past,1082,1959,0.5523
snapshot_sym3_date5_am.csv,label_60,future,1939,1939,1.0
snapshot_sym3_date5_am.csv,label_60,past,829,1939,0.4275
snapshot_sym3_date5_pm.csv,label_5,future,1994,1994,1.0
snapshot_sym3_date5_pm.csv,label_5,past,1849,1994,0.9273
snapshot_sym3_date5_pm.csv,label_10,future,1989,1989,1.0
snapshot_sym3_date5_pm.csv,label_10,past,1732,1989,0.8708
snapshot_sym3_date5_pm.csv,label_20,future,1979,1979,1.0
snapshot_sym3_date5_pm.csv,label_20,past,1543,1979,0.7797
snapshot_sym3_date5_pm.csv,label_40,future,1959,1959,1.0
snapshot_sym3_date5_pm.csv,label_40,past,1315,1959,0.6713
snapshot_sym3_date5_pm.csv,label_60,future,1939,1939,1.0
snapshot_sym3_date5_pm.csv,label_60,past,1157,1939,0.5967
snapshot_sym3_date60_am.csv,label_5,future,1994,1994,1.0
snapshot_sym3_date60_am.csv,label_5,past,1831,1994,0.9183
snapshot_sym3_date60_am.csv,label_10,future,1989,1989,1.0
snapshot_sym3_date60_am.csv,label_10,past,1709,1989,0.8592
snapshot_sym3_date60_am.csv,label_20,future,1979,1979,1.0
snapshot_sym3_date60_am.csv,label_20,past,1513,1979,0.7645
snapshot_sym3_date60_am.csv,label_40,future,1959,1959,1.0
snapshot_sym3_date60_am.csv,label_40,past,1356,1959,0.6922
snapshot_sym3_date60_am.csv,label_60,future,1939,1939,1.0
snapshot_sym3_date60_am.csv,label_60,past,1220,1939,0.6292
snapshot_sym3_date60_pm.csv,label_5,future,1994,1994,1.0
snapshot_sym3_date60_pm.csv,label_5,past,1926,1994,0.9659
snapshot_sym3_date60_pm.csv,label_10,future,1989,1989,1.0
snapshot_sym3_date60_pm.csv,label_10,past,1873,1989,0.9417
snapshot_sym3_date60_pm.csv,label_20,future,1979,1979,1.0
snapshot_sym3_date60_pm.csv,label_20,past,1801,1979,0.9101
snapshot_sym3_date60_pm.csv,label_40,future,1959,1959,1.0
snapshot_sym3_date60_pm.csv,label_40,past,1703,1959,0.8693
snapshot_sym3_date60_pm.csv,label_60,future,1939,1939,1.0
snapshot_sym3_date60_pm.csv,label_60,past,1599,1939,0.8247
snapshot_sym3_date61_am.csv,label_5,future,1994,1994,1.0
snapshot_sym3_date61_am.csv,label_5,past,1598,1994,0.8014
snapshot_sym3_date61_am.csv,label_10,future,1989,1989,1.0
snapshot_sym3_date61_am.csv,label_10,past,1429,1989,0.7185
snapshot_sym3_date61_am.csv,label_20,future,1979,1979,1.0
snapshot_sym3_date61_am.csv,label_20,past,1130,1979,0.571
snapshot_sym3_date61_am.csv,label_40,future,1959,1959,1.0
snapshot_sym3_date61_am.csv,label_40,past,729,1959,0.3721
snapshot_sym3_date61_am.csv,label_60,future,1939,1939,1.0
snapshot_sym3_date61_am.csv,label_60,past,509,1939,0.2625
snapshot_sym3_date61_pm.csv,label_5,future,1994,1994,1.0
snapshot_sym3_date61_pm.csv,label_5,past,1832,1994,0.9188
snapshot_sym3_date61_pm.csv,label_10,future,1989,1989,1.0
snapshot_sym3_date61_pm.csv,label_10,past,1751,1989,0.8803
snapshot_sym3_date61_pm.csv,label_20,future,1979,1979,1.0
snapshot_sym3_date61_pm.csv,label_20,past,1589,1979,0.8029
snapshot_sym3_date61_pm.csv,label_40,future,1959,1959,1.0
snapshot_sym3_date61_pm.csv,label_40,past,1307,1959,0.6672
snapshot_sym3_date61_pm.csv,label_60,future,1939,1939,1.0
snapshot_sym3_date61_pm.csv,label_60,past,1157,1939,0.5967
snapshot_sym3_date62_am.csv,label_5,future,1994,1994,1.0
snapshot_sym3_date62_am.csv,label_5,past,1515,1994,0.7598
snapshot_sym3_date62_am.csv,label_10,future,1989,1989,1.0
snapshot_sym3_date62_am.csv,label_10,past,1335,1989,0.6712
snapshot_sym3_date62_am.csv,label_20,future,1979,1979,1.0
snapshot_sym3_date62_am.csv,label_20,past,1136,1979,0.574
snapshot_sym3_date62_am.csv,label_40,future,1959,1959,1.0
snapshot_sym3_date62_am.csv,label_40,past,834,1959,0.4257
snapshot_sym3_date62_am.csv,label_60,future,1939,1939,1.0
snapshot_sym3_date62_am.csv,label_60,past,676,1939,0.3486
snapshot_sym3_date62_pm.csv,label_5,future,1994,1994,1.0
snapshot_sym3_date62_pm.csv,label_5,past,1662,1994,0.8335
snapshot_sym3_date62_pm.csv,label_10,future,1989,1989,1.0
snapshot_sym3_date62_pm.csv,label_10,past,1455,1989,0.7315
snapshot_sym3_date62_pm.csv,label_20,future,1979,1979,1.0
snapshot_sym3_date62_pm.csv,label_20,past,1184,1979,0.5983
snapshot_sym3_date62_pm.csv,label_40,future,1959,1959,1.0
snapshot_sym3_date62_pm.csv,label_40,past,889,1959,0.4538
snapshot_sym3_date62_pm.csv,label_60,future,1939,1939,1.0
snapshot_sym3_date62_pm.csv,label_60,past,581,1939,0.2996
snapshot_sym3_date63_am.csv,label_5,future,1994,1994,1.0
snapshot_sym3_date63_am.csv,label_5,past,1744,1994,0.8746
snapshot_sym3_date63_am.csv,label_10,future,1989,1989,1.0
snapshot_sym3_date63_am.csv,label_10,past,1596,1989,0.8024
snapshot_sym3_date63_am.csv,label_20,future,1979,1979,1.0
snapshot_sym3_date63_am.csv,label_20,past,1344,1979,0.6791
snapshot_sym3_date63_am.csv,label_40,future,1959,1959,1.0
snapshot_sym3_date63_am.csv,label_40,past,1023,1959,0.5222
snapshot_sym3_date63_am.csv,label_60,future,1939,1939,1.0
snapshot_sym3_date63_am.csv,label_60,past,871,1939,0.4492
snapshot_sym3_date63_pm.csv,label_5,future,1994,1994,1.0
snapshot_sym3_date63_pm.csv,label_5,past,1799,1994,0.9022
snapshot_sym3_date63_pm.csv,label_10,future,1989,1989,1.0
snapshot_sym3_date63_pm.csv,label_10,past,1663,1989,0.8361
snapshot_sym3_date63_pm.csv,label_20,future,1979,1979,1.0
snapshot_sym3_date63_pm.csv,label_20,past,1427,1979,0.7211
snapshot_sym3_date63_pm.csv,label_40,future,1959,1959,1.0
snapshot_sym3_date63_pm.csv,label_40,past,1135,1959,0.5794
snapshot_sym3_date63_pm.csv,label_60,future,1939,1939,1.0
snapshot_sym3_date63_pm.csv,label_60,past,950,1939,0.4899
snapshot_sym3_date64_am.csv,label_5,future,1994,1994,1.0
snapshot_sym3_date64_am.csv,label_5,past,1600,1994,0.8024
snapshot_sym3_date64_am.csv,label_10,future,1989,1989,1.0
snapshot_sym3_date64_am.csv,label_10,past,1401,1989,0.7044
snapshot_sym3_date64_am.csv,label_20,future,1979,1979,1.0
snapshot_sym3_date64_am.csv,label_20,past,1137,1979,0.5745
snapshot_sym3_date64_am.csv,label_40,future,1959,1959,1.0
snapshot_sym3_date64_am.csv,label_40,past,980,1959,0.5003
snapshot_sym3_date64_am.csv,label_60,future,1939,1939,1.0
snapshot_sym3_date64_am.csv,label_60,past,775,1939,0.3997
snapshot_sym3_date64_pm.csv,label_5,future,1994,1994,1.0
snapshot_sym3_date64_pm.csv,label_5,past,1664,1994,0.8345
snapshot_sym3_date64_pm.csv,label_10,future,1989,1989,1.0
snapshot_sym3_date64_pm.csv,label_10,past,1509,1989,0.7587
snapshot_sym3_date64_pm.csv,label_20,future,1979,1979,1.0
snapshot_sym3_date64_pm.csv,label_20,past,1293,1979,0.6534
snapshot_sym3_date64_pm.csv,label_40,future,1959,1959,1.0
snapshot_sym3_date64_pm.csv,label_40,past,982,1959,0.5013
snapshot_sym3_date64_pm.csv,label_60,future,1939,1939,1.0
snapshot_sym3_date64_pm.csv,label_60,past,782,1939,0.4033
snapshot_sym3_date65_am.csv,label_5,future,1994,1994,1.0
snapshot_sym3_date65_am.csv,label_5,past,1324,1994,0.664
snapshot_sym3_date65_am.csv,label_10,future,1989,1989,1.0
snapshot_sym3_date65_am.csv,label_10,past,1067,1989,0.5365
snapshot_sym3_date65_am.csv,label_20,future,1979,1979,1.0
snapshot_sym3_date65_am.csv,label_20,past,872,1979,0.4406
snapshot_sym3_date65_am.csv,label_40,future,1959,1959,1.0
snapshot_sym3_date65_am.csv,label_40,past,814,1959,0.4155
snapshot_sym3_date65_am.csv,label_60,future,1939,1939,1.0
snapshot_sym3_date65_am.csv,label_60,past,726,1939,0.3744
snapshot_sym3_date65_pm.csv,label_5,future,1994,1994,1.0
snapshot_sym3_date65_pm.csv,label_5,past,1650,1994,0.8275
snapshot_sym3_date65_pm.csv,label_10,future,1989,1989,1.0
snapshot_sym3_date65_pm.csv,label_10,past,1441,1989,0.7245
snapshot_sym3_date65_pm.csv,label_20,future,1979,1979,1.0
snapshot_sym3_date65_pm.csv,label_20,past,1101,1979,0.5563
snapshot_sym3_date65_pm.csv,label_40,future,1959,1959,1.0
snapshot_sym3_date65_pm.csv,label_40,past,745,1959,0.3803
snapshot_sym3_date65_pm.csv,label_60,future,1939,1939,1.0
snapshot_sym3_date65_pm.csv,label_60,past,601,1939,0.31
snapshot_sym3_date66_am.csv,label_5,future,1994,1994,1.0
snapshot_sym3_date66_am.csv,label_5,past,1614,1994,0.8094
snapshot_sym3_date66_am.csv,label_10,future,1989,1989,1.0
snapshot_sym3_date66_am.csv,label_10,past,1474,1989,0.7411
snapshot_sym3_date66_am.csv,label_20,future,1979,1979,1.0
snapshot_sym3_date66_am.csv,label_20,past,1273,1979,0.6433
snapshot_sym3_date66_am.csv,label_40,future,1959,1959,1.0
snapshot_sym3_date66_am.csv,label_40,past,1006,1959,0.5135
snapshot_sym3_date66_am.csv,label_60,future,1939,1939,1.0
snapshot_sym3_date66_am.csv,label_60,past,723,1939,0.3729
snapshot_sym3_date66_pm.csv,label_5,future,1994,1994,1.0
snapshot_sym3_date66_pm.csv,label_5,past,1664,1994,0.8345
snapshot_sym3_date66_pm.csv,label_10,future,1989,1989,1.0
snapshot_sym3_date66_pm.csv,label_10,past,1482,1989,0.7451
snapshot_sym3_date66_pm.csv,label_20,future,1979,1979,1.0
snapshot_sym3_date66_pm.csv,label_20,past,1180,1979,0.5963
snapshot_sym3_date66_pm.csv,label_40,future,1959,1959,1.0
snapshot_sym3_date66_pm.csv,label_40,past,1002,1959,0.5115
snapshot_sym3_date66_pm.csv,label_60,future,1939,1939,1.0
snapshot_sym3_date66_pm.csv,label_60,past,989,1939,0.5101
snapshot_sym3_date67_am.csv,label_5,future,1994,1994,1.0
snapshot_sym3_date67_am.csv,label_5,past,1778,1994,0.8917
snapshot_sym3_date67_am.csv,label_10,future,1989,1989,1.0
snapshot_sym3_date67_am.csv,label_10,past,1669,1989,0.8391
snapshot_sym3_date67_am.csv,label_20,future,1979,1979,1.0
snapshot_sym3_date67_am.csv,label_20,past,1521,1979,0.7686
snapshot_sym3_date67_am.csv,label_40,future,1959,1959,1.0
snapshot_sym3_date67_am.csv,label_40,past,1271,1959,0.6488
snapshot_sym3_date67_am.csv,label_60,future,1939,1939,1.0
snapshot_sym3_date67_am.csv,label_60,past,1075,1939,0.5544
snapshot_sym3_date67_pm.csv,label_5,future,1994,1994,1.0
snapshot_sym3_date67_pm.csv,label_5,past,1747,1994,0.8761
snapshot_sym3_date67_pm.csv,label_10,future,1989,1989,1.0
snapshot_sym3_date67_pm.csv,label_10,past,1597,1989,0.8029
snapshot_sym3_date67_pm.csv,label_20,future,1979,1979,1.0
snapshot_sym3_date67_pm.csv,label_20,past,1331,1979,0.6726
snapshot_sym3_date67_pm.csv,label_40,future,1959,1959,1.0
snapshot_sym3_date67_pm.csv,label_40,past,1053,1959,0.5375
snapshot_sym3_date67_pm.csv,label_60,future,1939,1939,1.0
snapshot_sym3_date67_pm.csv,label_60,past,849,1939,0.4379
snapshot_sym3_date68_am.csv,label_5,future,1994,1994,1.0
snapshot_sym3_date68_am.csv,label_5,past,1601,1994,0.8029
snapshot_sym3_date68_am.csv,label_10,future,1989,1989,1.0
snapshot_sym3_date68_am.csv,label_10,past,1334,1989,0.6707
snapshot_sym3_date68_am.csv,label_20,future,1979,1979,1.0
snapshot_sym3_date68_am.csv,label_20,past,982,1979,0.4962
snapshot_sym3_date68_am.csv,label_40,future,1959,1959,1.0
snapshot_sym3_date68_am.csv,label_40,past,641,1959,0.3272
snapshot_sym3_date68_am.csv,label_60,future,1939,1939,1.0
snapshot_sym3_date68_am.csv,label_60,past,611,1939,0.3151
snapshot_sym3_date68_pm.csv,label_5,future,1994,1994,1.0
snapshot_sym3_date68_pm.csv,label_5,past,1742,1994,0.8736
snapshot_sym3_date68_pm.csv,label_10,future,1989,1989,1.0
snapshot_sym3_date68_pm.csv,label_10,past,1631,1989,0.82
snapshot_sym3_date68_pm.csv,label_20,future,1979,1979,1.0
snapshot_sym3_date68_pm.csv,label_20,past,1418,1979,0.7165
snapshot_sym3_date68_pm.csv,label_40,future,1959,1959,1.0
snapshot_sym3_date68_pm.csv,label_40,past,1140,1959,0.5819
snapshot_sym3_date68_pm.csv,label_60,future,1939,1939,1.0
snapshot_sym3_date68_pm.csv,label_60,past,911,1939,0.4698
snapshot_sym3_date69_am.csv,label_5,future,1994,1994,1.0
snapshot_sym3_date69_am.csv,label_5,past,1595,1994,0.7999
snapshot_sym3_date69_am.csv,label_10,future,1989,1989,1.0
snapshot_sym3_date69_am.csv,label_10,past,1418,1989,0.7129
snapshot_sym3_date69_am.csv,label_20,future,1979,1979,1.0
snapshot_sym3_date69_am.csv,label_20,past,1243,1979,0.6281
snapshot_sym3_date69_am.csv,label_40,future,1959,1959,1.0
snapshot_sym3_date69_am.csv,label_40,past,912,1959,0.4655
snapshot_sym3_date69_am.csv,label_60,future,1939,1939,1.0
snapshot_sym3_date69_am.csv,label_60,past,745,1939,0.3842
snapshot_sym3_date69_pm.csv,label_5,future,1994,1994,1.0
snapshot_sym3_date69_pm.csv,label_5,past,1649,1994,0.827
snapshot_sym3_date69_pm.csv,label_10,future,1989,1989,1.0
snapshot_sym3_date69_pm.csv,label_10,past,1427,1989,0.7174
snapshot_sym3_date69_pm.csv,label_20,future,1979,1979,1.0
snapshot_sym3_date69_pm.csv,label_20,past,1075,1979,0.5432
snapshot_sym3_date69_pm.csv,label_40,future,1959,1959,1.0
snapshot_sym3_date69_pm.csv,label_40,past,742,1959,0.3788
snapshot_sym3_date69_pm.csv,label_60,future,1939,1939,1.0
snapshot_sym3_date69_pm.csv,label_60,past,582,1939,0.3002
snapshot_sym3_date6_am.csv,label_5,future,1994,1994,1.0
snapshot_sym3_date6_am.csv,label_5,past,1810,1994,0.9077
snapshot_sym3_date6_am.csv,label_10,future,1989,1989,1.0
snapshot_sym3_date6_am.csv,label_10,past,1714,1989,0.8617
snapshot_sym3_date6_am.csv,label_20,future,1979,1979,1.0
snapshot_sym3_date6_am.csv,label_20,past,1557,1979,0.7868
snapshot_sym3_date6_am.csv,label_40,future,1959,1959,1.0
snapshot_sym3_date6_am.csv,label_40,past,1241,1959,0.6335
snapshot_sym3_date6_am.csv,label_60,future,1939,1939,1.0
snapshot_sym3_date6_am.csv,label_60,past,972,1939,0.5013
snapshot_sym3_date6_pm.csv,label_5,future,1994,1994,1.0
snapshot_sym3_date6_pm.csv,label_5,past,1900,1994,0.9529
snapshot_sym3_date6_pm.csv,label_10,future,1989,1989,1.0
snapshot_sym3_date6_pm.csv,label_10,past,1826,1989,0.918
snapshot_sym3_date6_pm.csv,label_20,future,1979,1979,1.0
snapshot_sym3_date6_pm.csv,label_20,past,1686,1979,0.8519
snapshot_sym3_date6_pm.csv,label_40,future,1959,1959,1.0
snapshot_sym3_date6_pm.csv,label_40,past,1524,1959,0.7779
snapshot_sym3_date6_pm.csv,label_60,future,1939,1939,1.0
snapshot_sym3_date6_pm.csv,label_60,past,1438,1939,0.7416
snapshot_sym3_date70_am.csv,label_5,future,1994,1994,1.0
snapshot_sym3_date70_am.csv,label_5,past,1763,1994,0.8842
snapshot_sym3_date70_am.csv,label_10,future,1989,1989,1.0
snapshot_sym3_date70_am.csv,label_10,past,1632,1989,0.8205
snapshot_sym3_date70_am.csv,label_20,future,1979,1979,1.0
snapshot_sym3_date70_am.csv,label_20,past,1435,1979,0.7251
snapshot_sym3_date70_am.csv,label_40,future,1959,1959,1.0
snapshot_sym3_date70_am.csv,label_40,past,1205,1959,0.6151
snapshot_sym3_date70_am.csv,label_60,future,1939,1939,1.0
snapshot_sym3_date70_am.csv,label_60,past,1099,1939,0.5668
snapshot_sym3_date70_pm.csv,label_5,future,1994,1994,1.0
snapshot_sym3_date70_pm.csv,label_5,past,1775,1994,0.8902
snapshot_sym3_date70_pm.csv,label_10,future,1989,1989,1.0
snapshot_sym3_date70_pm.csv,label_10,past,1625,1989,0.817
snapshot_sym3_date70_pm.csv,label_20,future,1979,1979,1.0
snapshot_sym3_date70_pm.csv,label_20,past,1366,1979,0.6902
snapshot_sym3_date70_pm.csv,label_40,future,1959,1959,1.0
snapshot_sym3_date70_pm.csv,label_40,past,1049,1959,0.5355
snapshot_sym3_date70_pm.csv,label_60,future,1939,1939,1.0
snapshot_sym3_date70_pm.csv,label_60,past,978,1939,0.5044
snapshot_sym3_date71_am.csv,label_5,future,1994,1994,1.0
snapshot_sym3_date71_am.csv,label_5,past,1657,1994,0.831
snapshot_sym3_date71_am.csv,label_10,future,1989,1989,1.0
snapshot_sym3_date71_am.csv,label_10,past,1476,1989,0.7421
snapshot_sym3_date71_am.csv,label_20,future,1979,1979,1.0
snapshot_sym3_date71_am.csv,label_20,past,1244,1979,0.6286
snapshot_sym3_date71_am.csv,label_40,future,1959,1959,1.0
snapshot_sym3_date71_am.csv,label_40,past,1068,1959,0.5452
snapshot_sym3_date71_am.csv,label_60,future,1939,1939,1.0
snapshot_sym3_date71_am.csv,label_60,past,1049,1939,0.541
snapshot_sym3_date71_pm.csv,label_5,future,1994,1994,1.0
snapshot_sym3_date71_pm.csv,label_5,past,1767,1994,0.8862
snapshot_sym3_date71_pm.csv,label_10,future,1989,1989,1.0
snapshot_sym3_date71_pm.csv,label_10,past,1651,1989,0.8301
snapshot_sym3_date71_pm.csv,label_20,future,1979,1979,1.0
snapshot_sym3_date71_pm.csv,label_20,past,1410,1979,0.7125
snapshot_sym3_date71_pm.csv,label_40,future,1959,1959,1.0
snapshot_sym3_date71_pm.csv,label_40,past,1002,1959,0.5115
snapshot_sym3_date71_pm.csv,label_60,future,1939,1939,1.0
snapshot_sym3_date71_pm.csv,label_60,past,773,1939,0.3987
snapshot_sym3_date72_am.csv,label_5,future,1994,1994,1.0
snapshot_sym3_date72_am.csv,label_5,past,1691,1994,0.848
snapshot_sym3_date72_am.csv,label_10,future,1989,1989,1.0
snapshot_sym3_date72_am.csv,label_10,past,1506,1989,0.7572
snapshot_sym3_date72_am.csv,label_20,future,1979,1979,1.0
snapshot_sym3_date72_am.csv,label_20,past,1315,1979,0.6645
snapshot_sym3_date72_am.csv,label_40,future,1959,1959,1.0
snapshot_sym3_date72_am.csv,label_40,past,961,1959,0.4906
snapshot_sym3_date72_am.csv,label_60,future,1939,1939,1.0
snapshot_sym3_date72_am.csv,label_60,past,754,1939,0.3889
snapshot_sym3_date72_pm.csv,label_5,future,1994,1994,1.0
snapshot_sym3_date72_pm.csv,label_5,past,1669,1994,0.837
snapshot_sym3_date72_pm.csv,label_10,future,1989,1989,1.0
snapshot_sym3_date72_pm.csv,label_10,past,1536,1989,0.7722
snapshot_sym3_date72_pm.csv,label_20,future,1979,1979,1.0
snapshot_sym3_date72_pm.csv,label_20,past,1281,1979,0.6473
snapshot_sym3_date72_pm.csv,label_40,future,1959,1959,1.0
snapshot_sym3_date72_pm.csv,label_40,past,1001,1959,0.511
snapshot_sym3_date72_pm.csv,label_60,future,1939,1939,1.0
snapshot_sym3_date72_pm.csv,label_60,past,828,1939,0.427
snapshot_sym3_date73_am.csv,label_5,future,1994,1994,1.0
snapshot_sym3_date73_am.csv,label_5,past,1499,1994,0.7518
snapshot_sym3_date73_am.csv,label_10,future,1989,1989,1.0
snapshot_sym3_date73_am.csv,label_10,past,1221,1989,0.6139
snapshot_sym3_date73_am.csv,label_20,future,1979,1979,1.0
snapshot_sym3_date73_am.csv,label_20,past,917,1979,0.4634
snapshot_sym3_date73_am.csv,label_40,future,1959,1959,1.0
snapshot_sym3_date73_am.csv,label_40,past,681,1959,0.3476
snapshot_sym3_date73_am.csv,label_60,future,1939,1939,1.0
snapshot_sym3_date73_am.csv,label_60,past,684,1939,0.3528
snapshot_sym3_date73_pm.csv,label_5,future,1994,1994,1.0
snapshot_sym3_date73_pm.csv,label_5,past,1693,1994,0.849
snapshot_sym3_date73_pm.csv,label_10,future,1989,1989,1.0
snapshot_sym3_date73_pm.csv,label_10,past,1539,1989,0.7738
snapshot_sym3_date73_pm.csv,label_20,future,1979,1979,1.0
snapshot_sym3_date73_pm.csv,label_20,past,1344,1979,0.6791
snapshot_sym3_date73_pm.csv,label_40,future,1959,1959,1.0
snapshot_sym3_date73_pm.csv,label_40,past,1006,1959,0.5135
snapshot_sym3_date73_pm.csv,label_60,future,1939,1939,1.0
snapshot_sym3_date73_pm.csv,label_60,past,751,1939,0.3873
snapshot_sym3_date74_am.csv,label_5,future,1994,1994,1.0
snapshot_sym3_date74_am.csv,label_5,past,1633,1994,0.819
snapshot_sym3_date74_am.csv,label_10,future,1989,1989,1.0
snapshot_sym3_date74_am.csv,label_10,past,1454,1989,0.731
snapshot_sym3_date74_am.csv,label_20,future,1979,1979,1.0
snapshot_sym3_date74_am.csv,label_20,past,1231,1979,0.622
snapshot_sym3_date74_am.csv,label_40,future,1959,1959,1.0
snapshot_sym3_date74_am.csv,label_40,past,845,1959,0.4313
snapshot_sym3_date74_am.csv,label_60,future,1939,1939,1.0
snapshot_sym3_date74_am.csv,label_60,past,731,1939,0.377
snapshot_sym3_date74_pm.csv,label_5,future,1994,1994,1.0
snapshot_sym3_date74_pm.csv,label_5,past,1637,1994,0.821
snapshot_sym3_date74_pm.csv,label_10,future,1989,1989,1.0
snapshot_sym3_date74_pm.csv,label_10,past,1460,1989,0.734
snapshot_sym3_date74_pm.csv,label_20,future,1979,1979,1.0
snapshot_sym3_date74_pm.csv,label_20,past,1180,1979,0.5963
snapshot_sym3_date74_pm.csv,label_40,future,1959,1959,1.0
snapshot_sym3_date74_pm.csv,label_40,past,796,1959,0.4063
snapshot_sym3_date74_pm.csv,label_60,future,1939,1939,1.0
snapshot_sym3_date74_pm.csv,label_60,past,665,1939,0.343
snapshot_sym3_date75_am.csv,label_5,future,1994,1994,1.0
snapshot_sym3_date75_am.csv,label_5,past,1718,1994,0.8616
snapshot_sym3_date75_am.csv,label_10,future,1989,1989,1.0
snapshot_sym3_date75_am.csv,label_10,past,1549,1989,0.7788
snapshot_sym3_date75_am.csv,label_20,future,1979,1979,1.0
snapshot_sym3_date75_am.csv,label_20,past,1225,1979,0.619
snapshot_sym3_date75_am.csv,label_40,future,1959,1959,1.0
snapshot_sym3_date75_am.csv,label_40,past,696,1959,0.3553
snapshot_sym3_date75_am.csv,label_60,future,1939,1939,1.0
snapshot_sym3_date75_am.csv,label_60,past,592,1939,0.3053
snapshot_sym3_date75_pm.csv,label_5,future,1994,1994,1.0
snapshot_sym3_date75_pm.csv,label_5,past,1512,1994,0.7583
snapshot_sym3_date75_pm.csv,label_10,future,1989,1989,1.0
snapshot_sym3_date75_pm.csv,label_10,past,1295,1989,0.6511
snapshot_sym3_date75_pm.csv,label_20,future,1979,1979,1.0
snapshot_sym3_date75_pm.csv,label_20,past,1071,1979,0.5412
snapshot_sym3_date75_pm.csv,label_40,future,1959,1959,1.0
snapshot_sym3_date75_pm.csv,label_40,past,704,1959,0.3594
snapshot_sym3_date75_pm.csv,label_60,future,1939,1939,1.0
snapshot_sym3_date75_pm.csv,label_60,past,552,1939,0.2847
snapshot_sym3_date76_am.csv,label_5,future,1994,1994,1.0
snapshot_sym3_date76_am.csv,label_5,past,1466,1994,0.7352
snapshot_sym3_date76_am.csv,label_10,future,1989,1989,1.0
snapshot_sym3_date76_am.csv,label_10,past,1220,1989,0.6134
snapshot_sym3_date76_am.csv,label_20,future,1979,1979,1.0
snapshot_sym3_date76_am.csv,label_20,past,995,1979,0.5028
snapshot_sym3_date76_am.csv,label_40,future,1959,1959,1.0
snapshot_sym3_date76_am.csv,label_40,past,734,1959,0.3747
snapshot_sym3_date76_am.csv,label_60,future,1939,1939,1.0
snapshot_sym3_date76_am.csv,label_60,past,577,1939,0.2976
snapshot_sym3_date76_pm.csv,label_5,future,1994,1994,1.0
snapshot_sym3_date76_pm.csv,label_5,past,1631,1994,0.818
snapshot_sym3_date76_pm.csv,label_10,future,1989,1989,1.0
snapshot_sym3_date76_pm.csv,label_10,past,1373,1989,0.6903
snapshot_sym3_date76_pm.csv,label_20,future,1979,1979,1.0
snapshot_sym3_date76_pm.csv,label_20,past,1130,1979,0.571
snapshot_sym3_date76_pm.csv,label_40,future,1959,1959,1.0
snapshot_sym3_date76_pm.csv,label_40,past,947,1959,0.4834
snapshot_sym3_date76_pm.csv,label_60,future,1939,1939,1.0
snapshot_sym3_date76_pm.csv,label_60,past,734,1939,0.3785
snapshot_sym3_date77_am.csv,label_5,future,1994,1994,1.0
snapshot_sym3_date77_am.csv,label_5,past,1479,1994,0.7417
snapshot_sym3_date77_am.csv,label_10,future,1989,1989,1.0
snapshot_sym3_date77_am.csv,label_10,past,1205,1989,0.6058
snapshot_sym3_date77_am.csv,label_20,future,1979,1979,1.0
snapshot_sym3_date77_am.csv,label_20,past,978,1979,0.4942
snapshot_sym3_date77_am.csv,label_40,future,1959,1959,1.0
snapshot_sym3_date77_am.csv,label_40,past,790,1959,0.4033
snapshot_sym3_date77_am.csv,label_60,future,1939,1939,1.0
snapshot_sym3_date77_am.csv,label_60,past,609,1939,0.3141
snapshot_sym3_date77_pm.csv,label_5,future,1994,1994,1.0
snapshot_sym3_date77_pm.csv,label_5,past,1773,1994,0.8892
snapshot_sym3_date77_pm.csv,label_10,future,1989,1989,1.0
snapshot_sym3_date77_pm.csv,label_10,past,1603,1989,0.8059
snapshot_sym3_date77_pm.csv,label_20,future,1979,1979,1.0
snapshot_sym3_date77_pm.csv,label_20,past,1302,1979,0.6579
snapshot_sym3_date77_pm.csv,label_40,future,1959,1959,1.0
snapshot_sym3_date77_pm.csv,label_40,past,965,1959,0.4926
snapshot_sym3_date77_pm.csv,label_60,future,1939,1939,1.0
snapshot_sym3_date77_pm.csv,label_60,past,747,1939,0.3853
snapshot_sym3_date78_am.csv,label_5,future,1994,1994,1.0
snapshot_sym3_date78_am.csv,label_5,past,1684,1994,0.8445
snapshot_sym3_date78_am.csv,label_10,future,1989,1989,1.0
snapshot_sym3_date78_am.csv,label_10,past,1495,1989,0.7516
snapshot_sym3_date78_am.csv,label_20,future,1979,1979,1.0
snapshot_sym3_date78_am.csv,label_20,past,1171,1979,0.5917
snapshot_sym3_date78_am.csv,label_40,future,1959,1959,1.0
snapshot_sym3_date78_am.csv,label_40,past,721,1959,0.368
snapshot_sym3_date78_am.csv,label_60,future,1939,1939,1.0
snapshot_sym3_date78_am.csv,label_60,past,463,1939,0.2388
snapshot_sym3_date78_pm.csv,label_5,future,1994,1994,1.0
snapshot_sym3_date78_pm.csv,label_5,past,1787,1994,0.8962
snapshot_sym3_date78_pm.csv,label_10,future,1989,1989,1.0
snapshot_sym3_date78_pm.csv,label_10,past,1643,1989,0.826
snapshot_sym3_date78_pm.csv,label_20,future,1979,1979,1.0
snapshot_sym3_date78_pm.csv,label_20,past,1404,1979,0.7094
snapshot_sym3_date78_pm.csv,label_40,future,1959,1959,1.0
snapshot_sym3_date78_pm.csv,label_40,past,1052,1959,0.537
snapshot_sym3_date78_pm.csv,label_60,future,1939,1939,1.0
snapshot_sym3_date78_pm.csv,label_60,past,714,1939,0.3682
snapshot_sym3_date7_am.csv,label_5,future,1994,1994,1.0
snapshot_sym3_date7_am.csv,label_5,past,1695,1994,0.8501
snapshot_sym3_date7_am.csv,label_10,future,1989,1989,1.0
snapshot_sym3_date7_am.csv,label_10,past,1521,1989,0.7647
snapshot_sym3_date7_am.csv,label_20,future,1979,1979,1.0
snapshot_sym3_date7_am.csv,label_20,past,1333,1979,0.6736
snapshot_sym3_date7_am.csv,label_40,future,1959,1959,1.0
snapshot_sym3_date7_am.csv,label_40,past,1035,1959,0.5283
snapshot_sym3_date7_am.csv,label_60,future,1939,1939,1.0
snapshot_sym3_date7_am.csv,label_60,past,928,1939,0.4786
snapshot_sym3_date7_pm.csv,label_5,future,1994,1994,1.0
snapshot_sym3_date7_pm.csv,label_5,past,1778,1994,0.8917
snapshot_sym3_date7_pm.csv,label_10,future,1989,1989,1.0
snapshot_sym3_date7_pm.csv,label_10,past,1644,1989,0.8265
snapshot_sym3_date7_pm.csv,label_20,future,1979,1979,1.0
snapshot_sym3_date7_pm.csv,label_20,past,1434,1979,0.7246
snapshot_sym3_date7_pm.csv,label_40,future,1959,1959,1.0
snapshot_sym3_date7_pm.csv,label_40,past,1153,1959,0.5886
snapshot_sym3_date7_pm.csv,label_60,future,1939,1939,1.0
snapshot_sym3_date7_pm.csv,label_60,past,951,1939,0.4905
snapshot_sym3_date8_am.csv,label_5,future,1994,1994,1.0
snapshot_sym3_date8_am.csv,label_5,past,1651,1994,0.828
snapshot_sym3_date8_am.csv,label_10,future,1989,1989,1.0
snapshot_sym3_date8_am.csv,label_10,past,1470,1989,0.7391
snapshot_sym3_date8_am.csv,label_20,future,1979,1979,1.0
snapshot_sym3_date8_am.csv,label_20,past,1257,1979,0.6352
snapshot_sym3_date8_am.csv,label_40,future,1959,1959,1.0
snapshot_sym3_date8_am.csv,label_40,past,919,1959,0.4691
snapshot_sym3_date8_am.csv,label_60,future,1939,1939,1.0
snapshot_sym3_date8_am.csv,label_60,past,671,1939,0.3461
snapshot_sym3_date8_pm.csv,label_5,future,1994,1994,1.0
snapshot_sym3_date8_pm.csv,label_5,past,1938,1994,0.9719
snapshot_sym3_date8_pm.csv,label_10,future,1989,1989,1.0
snapshot_sym3_date8_pm.csv,label_10,past,1903,1989,0.9568
snapshot_sym3_date8_pm.csv,label_20,future,1979,1979,1.0
snapshot_sym3_date8_pm.csv,label_20,past,1813,1979,0.9161
snapshot_sym3_date8_pm.csv,label_40,future,1959,1959,1.0
snapshot_sym3_date8_pm.csv,label_40,past,1635,1959,0.8346
snapshot_sym3_date8_pm.csv,label_60,future,1939,1939,1.0
snapshot_sym3_date8_pm.csv,label_60,past,1461,1939,0.7535
snapshot_sym3_date9_am.csv,label_5,future,1994,1994,1.0
snapshot_sym3_date9_am.csv,label_5,past,1898,1994,0.9519
snapshot_sym3_date9_am.csv,label_10,future,1989,1989,1.0
snapshot_sym3_date9_am.csv,label_10,past,1828,1989,0.9191
snapshot_sym3_date9_am.csv,label_20,future,1979,1979,1.0
snapshot_sym3_date9_am.csv,label_20,past,1716,1979,0.8671
snapshot_sym3_date9_am.csv,label_40,future,1959,1959,1.0
snapshot_sym3_date9_am.csv,label_40,past,1486,1959,0.7586
snapshot_sym3_date9_am.csv,label_60,future,1939,1939,1.0
snapshot_sym3_date9_am.csv,label_60,past,1277,1939,0.6586
snapshot_sym3_date9_pm.csv,label_5,future,1994,1994,1.0
snapshot_sym3_date9_pm.csv,label_5,past,1891,1994,0.9483
snapshot_sym3_date9_pm.csv,label_10,future,1989,1989,1.0
snapshot_sym3_date9_pm.csv,label_10,past,1822,1989,0.916
snapshot_sym3_date9_pm.csv,label_20,future,1979,1979,1.0
snapshot_sym3_date9_pm.csv,label_20,past,1731,1979,0.8747
snapshot_sym3_date9_pm.csv,label_40,future,1959,1959,1.0
snapshot_sym3_date9_pm.csv,label_40,past,1595,1959,0.8142
snapshot_sym3_date9_pm.csv,label_60,future,1939,1939,1.0
snapshot_sym3_date9_pm.csv,label_60,past,1504,1939,0.7757
snapshot_sym4_date0_am.csv,label_5,future,1994,1994,1.0
snapshot_sym4_date0_am.csv,label_5,past,913,1994,0.4579
snapshot_sym4_date0_am.csv,label_10,future,1989,1989,1.0
snapshot_sym4_date0_am.csv,label_10,past,839,1989,0.4218
snapshot_sym4_date0_am.csv,label_20,future,1979,1979,1.0
snapshot_sym4_date0_am.csv,label_20,past,1169,1979,0.5907
snapshot_sym4_date0_am.csv,label_40,future,1959,1959,1.0
snapshot_sym4_date0_am.csv,label_40,past,850,1959,0.4339
snapshot_sym4_date0_am.csv,label_60,future,1939,1939,1.0
snapshot_sym4_date0_am.csv,label_60,past,732,1939,0.3775
snapshot_sym4_date0_pm.csv,label_5,future,1994,1994,1.0
snapshot_sym4_date0_pm.csv,label_5,past,995,1994,0.499
snapshot_sym4_date0_pm.csv,label_10,future,1989,1989,1.0
snapshot_sym4_date0_pm.csv,label_10,past,850,1989,0.4274
snapshot_sym4_date0_pm.csv,label_20,future,1979,1979,1.0
snapshot_sym4_date0_pm.csv,label_20,past,1268,1979,0.6407
snapshot_sym4_date0_pm.csv,label_40,future,1959,1959,1.0
snapshot_sym4_date0_pm.csv,label_40,past,915,1959,0.4671
snapshot_sym4_date0_pm.csv,label_60,future,1939,1939,1.0
snapshot_sym4_date0_pm.csv,label_60,past,744,1939,0.3837
snapshot_sym4_date10_am.csv,label_5,future,1994,1994,1.0
snapshot_sym4_date10_am.csv,label_5,past,1016,1994,0.5095
snapshot_sym4_date10_am.csv,label_10,future,1989,1989,1.0
snapshot_sym4_date10_am.csv,label_10,past,855,1989,0.4299
snapshot_sym4_date10_am.csv,label_20,future,1979,1979,1.0
snapshot_sym4_date10_am.csv,label_20,past,1401,1979,0.7079
snapshot_sym4_date10_am.csv,label_40,future,1959,1959,1.0
snapshot_sym4_date10_am.csv,label_40,past,1055,1959,0.5385
snapshot_sym4_date10_am.csv,label_60,future,1939,1939,1.0
snapshot_sym4_date10_am.csv,label_60,past,901,1939,0.4647
snapshot_sym4_date10_pm.csv,label_5,future,1994,1994,1.0
snapshot_sym4_date10_pm.csv,label_5,past,933,1994,0.4679
snapshot_sym4_date10_pm.csv,label_10,future,1989,1989,1.0
snapshot_sym4_date10_pm.csv,label_10,past,841,1989,0.4228
snapshot_sym4_date10_pm.csv,label_20,future,1979,1979,1.0
snapshot_sym4_date10_pm.csv,label_20,past,1610,1979,0.8135
snapshot_sym4_date10_pm.csv,label_40,future,1959,1959,1.0
snapshot_sym4_date10_pm.csv,label_40,past,1248,1959,0.6371
snapshot_sym4_date10_pm.csv,label_60,future,1939,1939,1.0
snapshot_sym4_date10_pm.csv,label_60,past,966,1939,0.4982
snapshot_sym4_date11_am.csv,label_5,future,1994,1994,1.0
snapshot_sym4_date11_am.csv,label_5,past,933,1994,0.4679
snapshot_sym4_date11_am.csv,label_10,future,1989,1989,1.0
snapshot_sym4_date11_am.csv,label_10,past,796,1989,0.4002
snapshot_sym4_date11_am.csv,label_20,future,1979,1979,1.0
snapshot_sym4_date11_am.csv,label_20,past,1164,1979,0.5882
snapshot_sym4_date11_am.csv,label_40,future,1959,1959,1.0
snapshot_sym4_date11_am.csv,label_40,past,781,1959,0.3987
snapshot_sym4_date11_am.csv,label_60,future,1939,1939,1.0
snapshot_sym4_date11_am.csv,label_60,past,593,1939,0.3058
snapshot_sym4_date11_pm.csv,label_5,future,1994,1994,1.0
snapshot_sym4_date11_pm.csv,label_5,past,1259,1994,0.6314
snapshot_sym4_date11_pm.csv,label_10,future,1989,1989,1.0
snapshot_sym4_date11_pm.csv,label_10,past,965,1989,0.4852
snapshot_sym4_date11_pm.csv,label_20,future,1979,1979,1.0
snapshot_sym4_date11_pm.csv,label_20,past,1790,1979,0.9045
snapshot_sym4_date11_pm.csv,label_40,future,1959,1959,1.0
snapshot_sym4_date11_pm.csv,label_40,past,1429,1959,0.7295
snapshot_sym4_date11_pm.csv,label_60,future,1939,1939,1.0
snapshot_sym4_date11_pm.csv,label_60,past,1141,1939,0.5884
snapshot_sym4_date12_am.csv,label_5,future,1994,1994,1.0
snapshot_sym4_date12_am.csv,label_5,past,1001,1994,0.502
snapshot_sym4_date12_am.csv,label_10,future,1989,1989,1.0
snapshot_sym4_date12_am.csv,label_10,past,788,1989,0.3962
snapshot_sym4_date12_am.csv,label_20,future,1979,1979,1.0
snapshot_sym4_date12_am.csv,label_20,past,1234,1979,0.6235
snapshot_sym4_date12_am.csv,label_40,future,1959,1959,1.0
snapshot_sym4_date12_am.csv,label_40,past,679,1959,0.3466
snapshot_sym4_date12_am.csv,label_60,future,1939,1939,1.0
snapshot_sym4_date12_am.csv,label_60,past,686,1939,0.3538
snapshot_sym4_date12_pm.csv,label_5,future,1994,1994,1.0
snapshot_sym4_date12_pm.csv,label_5,past,1081,1994,0.5421
snapshot_sym4_date12_pm.csv,label_10,future,1989,1989,1.0
snapshot_sym4_date12_pm.csv,label_10,past,829,1989,0.4168
snapshot_sym4_date12_pm.csv,label_20,future,1979,1979,1.0
snapshot_sym4_date12_pm.csv,label_20,past,1360,1979,0.6872
snapshot_sym4_date12_pm.csv,label_40,future,1959,1959,1.0
snapshot_sym4_date12_pm.csv,label_40,past,864,1959,0.441
snapshot_sym4_date12_pm.csv,label_60,future,1939,1939,1.0
snapshot_sym4_date12_pm.csv,label_60,past,667,1939,0.344
snapshot_sym4_date13_am.csv,label_5,future,1994,1994,1.0
snapshot_sym4_date13_am.csv,label_5,past,802,1994,0.4022
snapshot_sym4_date13_am.csv,label_10,future,1989,1989,1.0
snapshot_sym4_date13_am.csv,label_10,past,759,1989,0.3816
snapshot_sym4_date13_am.csv,label_20,future,1979,1979,1.0
snapshot_sym4_date13_am.csv,label_20,past,1083,1979,0.5472
snapshot_sym4_date13_am.csv,label_40,future,1959,1959,1.0
snapshot_sym4_date13_am.csv,label_40,past,787,1959,0.4017
snapshot_sym4_date13_am.csv,label_60,future,1939,1939,1.0
snapshot_sym4_date13_am.csv,label_60,past,737,1939,0.3801
snapshot_sym4_date13_pm.csv,label_5,future,1994,1994,1.0
snapshot_sym4_date13_pm.csv,label_5,past,1232,1994,0.6179
snapshot_sym4_date13_pm.csv,label_10,future,1989,1989,1.0
snapshot_sym4_date13_pm.csv,label_10,past,975,1989,0.4902
snapshot_sym4_date13_pm.csv,label_20,future,1979,1979,1.0
snapshot_sym4_date13_pm.csv,label_20,past,1811,1979,0.9151
snapshot_sym4_date13_pm.csv,label_40,future,1959,1959,1.0
snapshot_sym4_date13_pm.csv,label_40,past,1377,1959,0.7029
snapshot_sym4_date13_pm.csv,label_60,future,1939,1939,1.0
snapshot_sym4_date13_pm.csv,label_60,past,1171,1939,0.6039
snapshot_sym4_date14_am.csv,label_5,future,1994,1994,1.0
snapshot_sym4_date14_am.csv,label_5,past,995,1994,0.499
snapshot_sym4_date14_am.csv,label_10,future,1989,1989,1.0
snapshot_sym4_date14_am.csv,label_10,past,853,1989,0.4289
snapshot_sym4_date14_am.csv,label_20,future,1979,1979,1.0
snapshot_sym4_date14_am.csv,label_20,past,1437,1979,0.7261
snapshot_sym4_date14_am.csv,label_40,future,1959,1959,1.0
snapshot_sym4_date14_am.csv,label_40,past,1039,1959,0.5304
snapshot_sym4_date14_am.csv,label_60,future,1939,1939,1.0
snapshot_sym4_date14_am.csv,label_60,past,838,1939,0.4322
snapshot_sym4_date14_pm.csv,label_5,future,1994,1994,1.0
snapshot_sym4_date14_pm.csv,label_5,past,1090,1994,0.5466
snapshot_sym4_date14_pm.csv,label_10,future,1989,1989,1.0
snapshot_sym4_date14_pm.csv,label_10,past,870,1989,0.4374
snapshot_sym4_date14_pm.csv,label_20,future,1979,1979,1.0
snapshot_sym4_date14_pm.csv,label_20,past,1643,1979,0.8302
snapshot_sym4_date14_pm.csv,label_40,future,1959,1959,1.0
snapshot_sym4_date14_pm.csv,label_40,past,1331,1959,0.6794
snapshot_sym4_date14_pm.csv,label_60,future,1939,1939,1.0
snapshot_sym4_date14_pm.csv,label_60,past,1096,1939,0.5652
snapshot_sym4_date15_am.csv,label_5,future,1994,1994,1.0
snapshot_sym4_date15_am.csv,label_5,past,1233,1994,0.6184
snapshot_sym4_date15_am.csv,label_10,future,1989,1989,1.0
snapshot_sym4_date15_am.csv,label_10,past,986,1989,0.4957
snapshot_sym4_date15_am.csv,label_20,future,1979,1979,1.0
snapshot_sym4_date15_am.csv,label_20,past,1569,1979,0.7928
snapshot_sym4_date15_am.csv,label_40,future,1959,1959,1.0
snapshot_sym4_date15_am.csv,label_40,past,1150,1959,0.587
snapshot_sym4_date15_am.csv,label_60,future,1939,1939,1.0
snapshot_sym4_date15_am.csv,label_60,past,967,1939,0.4987
snapshot_sym4_date15_pm.csv,label_5,future,1994,1994,1.0
snapshot_sym4_date15_pm.csv,label_5,past,1379,1994,0.6916
snapshot_sym4_date15_pm.csv,label_10,future,1989,1989,1.0
snapshot_sym4_date15_pm.csv,label_10,past,1128,1989,0.5671
snapshot_sym4_date15_pm.csv,label_20,future,1979,1979,1.0
snapshot_sym4_date15_pm.csv,label_20,past,1880,1979,0.95
snapshot_sym4_date15_pm.csv,label_40,future,1959,1959,1.0
snapshot_sym4_date15_pm.csv,label_40,past,1635,1959,0.8346
snapshot_sym4_date15_pm.csv,label_60,future,1939,1939,1.0
snapshot_sym4_date15_pm.csv,label_60,past,1419,1939,0.7318
snapshot_sym4_date16_am.csv,label_5,future,1994,1994,1.0
snapshot_sym4_date16_am.csv,label_5,past,822,1994,0.4122
snapshot_sym4_date16_am.csv,label_10,future,1989,1989,1.0
snapshot_sym4_date16_am.csv,label_10,past,717,1989,0.3605
snapshot_sym4_date16_am.csv,label_20,future,1979,1979,1.0
snapshot_sym4_date16_am.csv,label_20,past,988,1979,0.4992
snapshot_sym4_date16_am.csv,label_40,future,1959,1959,1.0
snapshot_sym4_date16_am.csv,label_40,past,714,1959,0.3645
snapshot_sym4_date16_am.csv,label_60,future,1939,1939,1.0
snapshot_sym4_date16_am.csv,label_60,past,755,1939,0.3894
snapshot_sym4_date16_pm.csv,label_5,future,1994,1994,1.0
snapshot_sym4_date16_pm.csv,label_5,past,1092,1994,0.5476
snapshot_sym4_date16_pm.csv,label_10,future,1989,1989,1.0
snapshot_sym4_date16_pm.csv,label_10,past,817,1989,0.4108
snapshot_sym4_date16_pm.csv,label_20,future,1979,1979,1.0
snapshot_sym4_date16_pm.csv,label_20,past,1482,1979,0.7489
snapshot_sym4_date16_pm.csv,label_40,future,1959,1959,1.0
snapshot_sym4_date16_pm.csv,label_40,past,1066,1959,0.5442
snapshot_sym4_date16_pm.csv,label_60,future,1939,1939,1.0
snapshot_sym4_date16_pm.csv,label_60,past,782,1939,0.4033
snapshot_sym4_date17_am.csv,label_5,future,1994,1994,1.0
snapshot_sym4_date17_am.csv,label_5,past,858,1994,0.4303
snapshot_sym4_date17_am.csv,label_10,future,1989,1989,1.0
snapshot_sym4_date17_am.csv,label_10,past,723,1989,0.3635
snapshot_sym4_date17_am.csv,label_20,future,1979,1979,1.0
snapshot_sym4_date17_am.csv,label_20,past,1061,1979,0.5361
snapshot_sym4_date17_am.csv,label_40,future,1959,1959,1.0
snapshot_sym4_date17_am.csv,label_40,past,782,1959,0.3992
snapshot_sym4_date17_am.csv,label_60,future,1939,1939,1.0
snapshot_sym4_date17_am.csv,label_60,past,689,1939,0.3553
snapshot_sym4_date17_pm.csv,label_5,future,1994,1994,1.0
snapshot_sym4_date17_pm.csv,label_5,past,961,1994,0.4819
snapshot_sym4_date17_pm.csv,label_10,future,1989,1989,1.0
snapshot_sym4_date17_pm.csv,label_10,past,804,1989,0.4042
snapshot_sym4_date17_pm.csv,label_20,future,1979,1979,1.0
snapshot_sym4_date17_pm.csv,label_20,past,1296,1979,0.6549
snapshot_sym4_date17_pm.csv,label_40,future,1959,1959,1.0
snapshot_sym4_date17_pm.csv,label_40,past,929,1959,0.4742
snapshot_sym4_date17_pm.csv,label_60,future,1939,1939,1.0
snapshot_sym4_date17_pm.csv,label_60,past,687,1939,0.3543
snapshot_sym4_date18_am.csv,label_5,future,1994,1994,1.0
snapshot_sym4_date18_am.csv,label_5,past,1024,1994,0.5135
snapshot_sym4_date18_am.csv,label_10,future,1989,1989,1.0
snapshot_sym4_date18_am.csv,label_10,past,856,1989,0.4304
snapshot_sym4_date18_am.csv,label_20,future,1979,1979,1.0
snapshot_sym4_date18_am.csv,label_20,past,1374,1979,0.6943
snapshot_sym4_date18_am.csv,label_40,future,1959,1959,1.0
snapshot_sym4_date18_am.csv,label_40,past,1030,1959,0.5258
snapshot_sym4_date18_am.csv,label_60,future,1939,1939,1.0
snapshot_sym4_date18_am.csv,label_60,past,917,1939,0.4729
snapshot_sym4_date18_pm.csv,label_5,future,1994,1994,1.0
snapshot_sym4_date18_pm.csv,label_5,past,909,1994,0.4559
snapshot_sym4_date18_pm.csv,label_10,future,1989,1989,1.0
snapshot_sym4_date18_pm.csv,label_10,past,799,1989,0.4017
snapshot_sym4_date18_pm.csv,label_20,future,1979,1979,1.0
snapshot_sym4_date18_pm.csv,label_20,past,1373,1979,0.6938
snapshot_sym4_date18_pm.csv,label_40,future,1959,1959,1.0
snapshot_sym4_date18_pm.csv,label_40,past,1016,1959,0.5186
snapshot_sym4_date18_pm.csv,label_60,future,1939,1939,1.0
snapshot_sym4_date18_pm.csv,label_60,past,855,1939,0.4409
snapshot_sym4_date19_am.csv,label_5,future,1994,1994,1.0
snapshot_sym4_date19_am.csv,label_5,past,743,1994,0.3726
snapshot_sym4_date19_am.csv,label_10,future,1989,1989,1.0
snapshot_sym4_date19_am.csv,label_10,past,752,1989,0.3781
snapshot_sym4_date19_am.csv,label_20,future,1979,1979,1.0
snapshot_sym4_date19_am.csv,label_20,past,825,1979,0.4169
snapshot_sym4_date19_am.csv,label_40,future,1959,1959,1.0
snapshot_sym4_date19_am.csv,label_40,past,587,1959,0.2996
snapshot_sym4_date19_am.csv,label_60,future,1939,1939,1.0
snapshot_sym4_date19_am.csv,label_60,past,600,1939,0.3094
snapshot_sym4_date19_pm.csv,label_5,future,1994,1994,1.0
snapshot_sym4_date19_pm.csv,label_5,past,941,1994,0.4719
snapshot_sym4_date19_pm.csv,label_10,future,1989,1989,1.0
snapshot_sym4_date19_pm.csv,label_10,past,778,1989,0.3912
snapshot_sym4_date19_pm.csv,label_20,future,1979,1979,1.0
snapshot_sym4_date19_pm.csv,label_20,past,1279,1979,0.6463
snapshot_sym4_date19_pm.csv,label_40,future,1959,1959,1.0
snapshot_sym4_date19_pm.csv,label_40,past,910,1959,0.4645
snapshot_sym4_date19_pm.csv,label_60,future,1939,1939,1.0
snapshot_sym4_date19_pm.csv,label_60,past,737,1939,0.3801
snapshot_sym4_date1_am.csv,label_5,future,1994,1994,1.0
snapshot_sym4_date1_am.csv,label_5,past,867,1994,0.4348
snapshot_sym4_date1_am.csv,label_10,future,1989,1989,1.0
snapshot_sym4_date1_am.csv,label_10,past,764,1989,0.3841
snapshot_sym4_date1_am.csv,label_20,future,1979,1979,1.0
snapshot_sym4_date1_am.csv,label_20,past,1060,1979,0.5356
snapshot_sym4_date1_am.csv,label_40,future,1959,1959,1.0
snapshot_sym4_date1_am.csv,label_40,past,777,1959,0.3966
snapshot_sym4_date1_am.csv,label_60,future,1939,1939,1.0
snapshot_sym4_date1_am.csv,label_60,past,874,1939,0.4507
snapshot_sym4_date1_pm.csv,label_5,future,1994,1994,1.0
snapshot_sym4_date1_pm.csv,label_5,past,967,1994,0.485
snapshot_sym4_date1_pm.csv,label_10,future,1989,1989,1.0
snapshot_sym4_date1_pm.csv,label_10,past,805,1989,0.4047
snapshot_sym4_date1_pm.csv,label_20,future,1979,1979,1.0
snapshot_sym4_date1_pm.csv,label_20,past,1358,1979,0.6862
snapshot_sym4_date1_pm.csv,label_40,future,1959,1959,1.0
snapshot_sym4_date1_pm.csv,label_40,past,963,1959,0.4916
snapshot_sym4_date1_pm.csv,label_60,future,1939,1939,1.0
snapshot_sym4_date1_pm.csv,label_60,past,755,1939,0.3894
snapshot_sym4_date20_am.csv,label_5,future,1994,1994,1.0
snapshot_sym4_date20_am.csv,label_5,past,909,1994,0.4559
snapshot_sym4_date20_am.csv,label_10,future,1989,1989,1.0
snapshot_sym4_date20_am.csv,label_10,past,709,1989,0.3565
snapshot_sym4_date20_am.csv,label_20,future,1979,1979,1.0
snapshot_sym4_date20_am.csv,label_20,past,1296,1979,0.6549
snapshot_sym4_date20_am.csv,label_40,future,1959,1959,1.0
snapshot_sym4_date20_am.csv,label_40,past,852,1959,0.4349
snapshot_sym4_date20_am.csv,label_60,future,1939,1939,1.0
snapshot_sym4_date20_am.csv,label_60,past,741,1939,0.3822
snapshot_sym4_date20_pm.csv,label_5,future,1994,1994,1.0
snapshot_sym4_date20_pm.csv,label_5,past,1167,1994,0.5853
snapshot_sym4_date20_pm.csv,label_10,future,1989,1989,1.0
snapshot_sym4_date20_pm.csv,label_10,past,959,1989,0.4822
snapshot_sym4_date20_pm.csv,label_20,future,1979,1979,1.0
snapshot_sym4_date20_pm.csv,label_20,past,1683,1979,0.8504
snapshot_sym4_date20_pm.csv,label_40,future,1959,1959,1.0
snapshot_sym4_date20_pm.csv,label_40,past,1321,1959,0.6743
snapshot_sym4_date20_pm.csv,label_60,future,1939,1939,1.0
snapshot_sym4_date20_pm.csv,label_60,past,1108,1939,0.5714
snapshot_sym4_date21_am.csv,label_5,future,1994,1994,1.0
snapshot_sym4_date21_am.csv,label_5,past,750,1994,0.3761
snapshot_sym4_date21_am.csv,label_10,future,1989,1989,1.0
snapshot_sym4_date21_am.csv,label_10,past,714,1989,0.359
snapshot_sym4_date21_am.csv,label_20,future,1979,1979,1.0
snapshot_sym4_date21_am.csv,label_20,past,911,1979,0.4603
snapshot_sym4_date21_am.csv,label_40,future,1959,1959,1.0
snapshot_sym4_date21_am.csv,label_40,past,610,1959,0.3114
snapshot_sym4_date21_am.csv,label_60,future,1939,1939,1.0
snapshot_sym4_date21_am.csv,label_60,past,622,1939,0.3208
snapshot_sym4_date21_pm.csv,label_5,future,1994,1994,1.0
snapshot_sym4_date21_pm.csv,label_5,past,1063,1994,0.5331
snapshot_sym4_date21_pm.csv,label_10,future,1989,1989,1.0
snapshot_sym4_date21_pm.csv,label_10,past,801,1989,0.4027
snapshot_sym4_date21_pm.csv,label_20,future,1979,1979,1.0
snapshot_sym4_date21_pm.csv,label_20,past,1534,1979,0.7751
snapshot_sym4_date21_pm.csv,label_40,future,1959,1959,1.0
snapshot_sym4_date21_pm.csv,label_40,past,1083,1959,0.5528
snapshot_sym4_date21_pm.csv,label_60,future,1939,1939,1.0
snapshot_sym4_date21_pm.csv,label_60,past,846,1939,0.4363
snapshot_sym4_date22_am.csv,label_5,future,1994,1994,1.0
snapshot_sym4_date22_am.csv,label_5,past,795,1994,0.3987
snapshot_sym4_date22_am.csv,label_10,future,1989,1989,1.0
snapshot_sym4_date22_am.csv,label_10,past,795,1989,0.3997
snapshot_sym4_date22_am.csv,label_20,future,1979,1979,1.0
snapshot_sym4_date22_am.csv,label_20,past,1112,1979,0.5619
snapshot_sym4_date22_am.csv,label_40,future,1959,1959,1.0
snapshot_sym4_date22_am.csv,label_40,past,654,1959,0.3338
snapshot_sym4_date22_am.csv,label_60,future,1939,1939,1.0
snapshot_sym4_date22_am.csv,label_60,past,510,1939,0.263
snapshot_sym4_date22_pm.csv,label_5,future,1994,1994,1.0
snapshot_sym4_date22_pm.csv,label_5,past,1038,1994,0.5206
snapshot_sym4_date22_pm.csv,label_10,future,1989,1989,1.0
snapshot_sym4_date22_pm.csv,label_10,past,897,1989,0.451
snapshot_sym4_date22_pm.csv,label_20,future,1979,1979,1.0
snapshot_sym4_date22_pm.csv,label_20,past,1372,1979,0.6933
snapshot_sym4_date22_pm.csv,label_40,future,1959,1959,1.0
snapshot_sym4_date22_pm.csv,label_40,past,965,1959,0.4926
snapshot_sym4_date22_pm.csv,label_60,future,1939,1939,1.0
snapshot_sym4_date22_pm.csv,label_60,past,773,1939,0.3987
snapshot_sym4_date23_am.csv,label_5,future,1994,1994,1.0
snapshot_sym4_date23_am.csv,label_5,past,735,1994,0.3686
snapshot_sym4_date23_am.csv,label_10,future,1989,1989,1.0
snapshot_sym4_date23_am.csv,label_10,past,749,1989,0.3766
snapshot_sym4_date23_am.csv,label_20,future,1979,1979,1.0
snapshot_sym4_date23_am.csv,label_20,past,955,1979,0.4826
snapshot_sym4_date23_am.csv,label_40,future,1959,1959,1.0
snapshot_sym4_date23_am.csv,label_40,past,572,1959,0.292
snapshot_sym4_date23_am.csv,label_60,future,1939,1939,1.0
snapshot_sym4_date23_am.csv,label_60,past,581,1939,0.2996
snapshot_sym4_date23_pm.csv,label_5,future,1994,1994,1.0
snapshot_sym4_date23_pm.csv,label_5,past,824,1994,0.4132
snapshot_sym4_date23_pm.csv,label_10,future,1989,1989,1.0
snapshot_sym4_date23_pm.csv,label_10,past,678,1989,0.3409
snapshot_sym4_date23_pm.csv,label_20,future,1979,1979,1.0
snapshot_sym4_date23_pm.csv,label_20,past,1428,1979,0.7216
snapshot_sym4_date23_pm.csv,label_40,future,1959,1959,1.0
snapshot_sym4_date23_pm.csv,label_40,past,908,1959,0.4635
snapshot_sym4_date23_pm.csv,label_60,future,1939,1939,1.0
snapshot_sym4_date23_pm.csv,label_60,past,819,1939,0.4224
snapshot_sym4_date24_am.csv,label_5,future,1994,1994,1.0
snapshot_sym4_date24_am.csv,label_5,past,846,1994,0.4243
snapshot_sym4_date24_am.csv,label_10,future,1989,1989,1.0
snapshot_sym4_date24_am.csv,label_10,past,771,1989,0.3876
snapshot_sym4_date24_am.csv,label_20,future,1979,1979,1.0
snapshot_sym4_date24_am.csv,label_20,past,1185,1979,0.5988
snapshot_sym4_date24_am.csv,label_40,future,1959,1959,1.0
snapshot_sym4_date24_am.csv,label_40,past,815,1959,0.416
snapshot_sym4_date24_am.csv,label_60,future,1939,1939,1.0
snapshot_sym4_date24_am.csv,label_60,past,786,1939,0.4054
snapshot_sym4_date24_pm.csv,label_5,future,1994,1994,1.0
snapshot_sym4_date24_pm.csv,label_5,past,946,1994,0.4744
snapshot_sym4_date24_pm.csv,label_10,future,1989,1989,1.0
snapshot_sym4_date24_pm.csv,label_10,past,692,1989,0.3479
snapshot_sym4_date24_pm.csv,label_20,future,1979,1979,1.0
snapshot_sym4_date24_pm.csv,label_20,past,1543,1979,0.7797
snapshot_sym4_date24_pm.csv,label_40,future,1959,1959,1.0
snapshot_sym4_date24_pm.csv,label_40,past,1034,1959,0.5278
snapshot_sym4_date24_pm.csv,label_60,future,1939,1939,1.0
snapshot_sym4_date24_pm.csv,label_60,past,862,1939,0.4446
snapshot_sym4_date25_am.csv,label_5,future,1994,1994,1.0
snapshot_sym4_date25_am.csv,label_5,past,861,1994,0.4318
snapshot_sym4_date25_am.csv,label_10,future,1989,1989,1.0
snapshot_sym4_date25_am.csv,label_10,past,854,1989,0.4294
snapshot_sym4_date25_am.csv,label_20,future,1979,1979,1.0
snapshot_sym4_date25_am.csv,label_20,past,952,1979,0.4811
snapshot_sym4_date25_am.csv,label_40,future,1959,1959,1.0
snapshot_sym4_date25_am.csv,label_40,past,680,1959,0.3471
snapshot_sym4_date25_am.csv,label_60,future,1939,1939,1.0
snapshot_sym4_date25_am.csv,label_60,past,725,1939,0.3739
snapshot_sym4_date25_pm.csv,label_5,future,1994,1994,1.0
snapshot_sym4_date25_pm.csv,label_5,past,805,1994,0.4037
snapshot_sym4_date25_pm.csv,label_10,future,1989,1989,1.0
snapshot_sym4_date25_pm.csv,label_10,past,847,1989,0.4258
snapshot_sym4_date25_pm.csv,label_20,future,1979,1979,1.0
snapshot_sym4_date25_pm.csv,label_20,past,989,1979,0.4997
snapshot_sym4_date25_pm.csv,label_40,future,1959,1959,1.0
snapshot_sym4_date25_pm.csv,label_40,past,698,1959,0.3563
snapshot_sym4_date25_pm.csv,label_60,future,1939,1939,1.0
snapshot_sym4_date25_pm.csv,label_60,past,484,1939,0.2496
snapshot_sym4_date26_am.csv,label_5,future,1994,1994,1.0
snapshot_sym4_date26_am.csv,label_5,past,768,1994,0.3852
snapshot_sym4_date26_am.csv,label_10,future,1989,1989,1.0
snapshot_sym4_date26_am.csv,label_10,past,692,1989,0.3479
snapshot_sym4_date26_am.csv,label_20,future,1979,1979,1.0
snapshot_sym4_date26_am.csv,label_20,past,1278,1979,0.6458
snapshot_sym4_date26_am.csv,label_40,future,1959,1959,1.0
snapshot_sym4_date26_am.csv,label_40,past,851,1959,0.4344
snapshot_sym4_date26_am.csv,label_60,future,1939,1939,1.0
snapshot_sym4_date26_am.csv,label_60,past,741,1939,0.3822
snapshot_sym4_date26_pm.csv,label_5,future,1994,1994,1.0
snapshot_sym4_date26_pm.csv,label_5,past,897,1994,0.4498
snapshot_sym4_date26_pm.csv,label_10,future,1989,1989,1.0
snapshot_sym4_date26_pm.csv,label_10,past,755,1989,0.3796
snapshot_sym4_date26_pm.csv,label_20,future,1979,1979,1.0
snapshot_sym4_date26_pm.csv,label_20,past,1215,1979,0.6139
snapshot_sym4_date26_pm.csv,label_40,future,1959,1959,1.0
snapshot_sym4_date26_pm.csv,label_40,past,744,1959,0.3798
snapshot_sym4_date26_pm.csv,label_60,future,1939,1939,1.0
snapshot_sym4_date26_pm.csv,label_60,past,710,1939,0.3662
snapshot_sym4_date27_am.csv,label_5,future,1994,1994,1.0
snapshot_sym4_date27_am.csv,label_5,past,832,1994,0.4173
snapshot_sym4_date27_am.csv,label_10,future,1989,1989,1.0
snapshot_sym4_date27_am.csv,label_10,past,704,1989,0.3539
snapshot_sym4_date27_am.csv,label_20,future,1979,1979,1.0
snapshot_sym4_date27_am.csv,label_20,past,1183,1979,0.5978
snapshot_sym4_date27_am.csv,label_40,future,1959,1959,1.0
snapshot_sym4_date27_am.csv,label_40,past,851,1959,0.4344
snapshot_sym4_date27_am.csv,label_60,future,1939,1939,1.0
snapshot_sym4_date27_am.csv,label_60,past,642,1939,0.3311
snapshot_sym4_date27_pm.csv,label_5,future,1994,1994,1.0
snapshot_sym4_date27_pm.csv,label_5,past,863,1994,0.4328
snapshot_sym4_date27_pm.csv,label_10,future,1989,1989,1.0
snapshot_sym4_date27_pm.csv,label_10,past,834,1989,0.4193
snapshot_sym4_date27_pm.csv,label_20,future,1979,1979,1.0
snapshot_sym4_date27_pm.csv,label_20,past,1354,1979,0.6842
snapshot_sym4_date27_pm.csv,label_40,future,1959,1959,1.0
snapshot_sym4_date27_pm.csv,label_40,past,982,1959,0.5013
snapshot_sym4_date27_pm.csv,label_60,future,1939,1939,1.0
snapshot_sym4_date27_pm.csv,label_60,past,740,1939,0.3816
snapshot_sym4_date28_am.csv,label_5,future,1994,1994,1.0
snapshot_sym4_date28_am.csv,label_5,past,791,1994,0.3967
snapshot_sym4_date28_am.csv,label_10,future,1989,1989,1.0
snapshot_sym4_date28_am.csv,label_10,past,805,1989,0.4047
snapshot_sym4_date28_am.csv,label_20,future,1979,1979,1.0
snapshot_sym4_date28_am.csv,label_20,past,1046,1979,0.5285
snapshot_sym4_date28_am.csv,label_40,future,1959,1959,1.0
snapshot_sym4_date28_am.csv,label_40,past,646,1959,0.3298
snapshot_sym4_date28_am.csv,label_60,future,1939,1939,1.0
snapshot_sym4_date28_am.csv,label_60,past,464,1939,0.2393
snapshot_sym4_date28_pm.csv,label_5,future,1994,1994,1.0
snapshot_sym4_date28_pm.csv,label_5,past,841,1994,0.4218
snapshot_sym4_date28_pm.csv,label_10,future,1989,1989,1.0
snapshot_sym4_date28_pm.csv,label_10,past,918,1989,0.4615
snapshot_sym4_date28_pm.csv,label_20,future,1979,1979,1.0
snapshot_sym4_date28_pm.csv,label_20,past,997,1979,0.5038
snapshot_sym4_date28_pm.csv,label_40,future,1959,1959,1.0
snapshot_sym4_date28_pm.csv,label_40,past,803,1959,0.4099
snapshot_sym4_date28_pm.csv,label_60,future,1939,1939,1.0
snapshot_sym4_date28_pm.csv,label_60,past,626,1939,0.3228
snapshot_sym4_date29_am.csv,label_5,future,1994,1994,1.0
snapshot_sym4_date29_am.csv,label_5,past,848,1994,0.4253
snapshot_sym4_date29_am.csv,label_10,future,1989,1989,1.0
snapshot_sym4_date29_am.csv,label_10,past,967,1989,0.4862
snapshot_sym4_date29_am.csv,label_20,future,1979,1979,1.0
snapshot_sym4_date29_am.csv,label_20,past,871,1979,0.4401
snapshot_sym4_date29_am.csv,label_40,future,1959,1959,1.0
snapshot_sym4_date29_am.csv,label_40,past,831,1959,0.4242
snapshot_sym4_date29_am.csv,label_60,future,1939,1939,1.0
snapshot_sym4_date29_am.csv,label_60,past,840,1939,0.4332
snapshot_sym4_date29_pm.csv,label_5,future,1994,1994,1.0
snapshot_sym4_date29_pm.csv,label_5,past,722,1994,0.3621
snapshot_sym4_date29_pm.csv,label_10,future,1989,1989,1.0
snapshot_sym4_date29_pm.csv,label_10,past,852,1989,0.4284
snapshot_sym4_date29_pm.csv,label_20,future,1979,1979,1.0
snapshot_sym4_date29_pm.csv,label_20,past,797,1979,0.4027
snapshot_sym4_date29_pm.csv,label_40,future,1959,1959,1.0
snapshot_sym4_date29_pm.csv,label_40,past,679,1959,0.3466
snapshot_sym4_date29_pm.csv,label_60,future,1939,1939,1.0
snapshot_sym4_date29_pm.csv,label_60,past,612,1939,0.3156
snapshot_sym4_date2_am.csv,label_5,future,1994,1994,1.0
snapshot_sym4_date2_am.csv,label_5,past,847,1994,0.4248
snapshot_sym4_date2_am.csv,label_10,future,1989,1989,1.0
snapshot_sym4_date2_am.csv,label_10,past,783,1989,0.3937
snapshot_sym4_date2_am.csv,label_20,future,1979,1979,1.0
snapshot_sym4_date2_am.csv,label_20,past,843,1979,0.426
snapshot_sym4_date2_am.csv,label_40,future,1959,1959,1.0
snapshot_sym4_date2_am.csv,label_40,past,612,1959,0.3124
snapshot_sym4_date2_am.csv,label_60,future,1939,1939,1.0
snapshot_sym4_date2_am.csv,label_60,past,649,1939,0.3347
snapshot_sym4_date2_pm.csv,label_5,future,1994,1994,1.0
snapshot_sym4_date2_pm.csv,label_5,past,843,1994,0.4228
snapshot_sym4_date2_pm.csv,label_10,future,1989,1989,1.0
snapshot_sym4_date2_pm.csv,label_10,past,827,1989,0.4158
snapshot_sym4_date2_pm.csv,label_20,future,1979,1979,1.0
snapshot_sym4_date2_pm.csv,label_20,past,1054,1979,0.5326
snapshot_sym4_date2_pm.csv,label_40,future,1959,1959,1.0
snapshot_sym4_date2_pm.csv,label_40,past,652,1959,0.3328
snapshot_sym4_date2_pm.csv,label_60,future,1939,1939,1.0
snapshot_sym4_date2_pm.csv,label_60,past,595,1939,0.3069
snapshot_sym4_date30_am.csv,label_5,future,1994,1994,1.0
snapshot_sym4_date30_am.csv,label_5,past,712,1994,0.3571
snapshot_sym4_date30_am.csv,label_10,future,1989,1989,1.0
snapshot_sym4_date30_am.csv,label_10,past,842,1989,0.4233
snapshot_sym4_date30_am.csv,label_20,future,1979,1979,1.0
snapshot_sym4_date30_am.csv,label_20,past,809,1979,0.4088
snapshot_sym4_date30_am.csv,label_40,future,1959,1959,1.0
snapshot_sym4_date30_am.csv,label_40,past,760,1959,0.388
snapshot_sym4_date30_am.csv,label_60,future,1939,1939,1.0
snapshot_sym4_date30_am.csv,label_60,past,764,1939,0.394
snapshot_sym4_date30_pm.csv,label_5,future,1994,1994,1.0
snapshot_sym4_date30_pm.csv,label_5,past,785,1994,0.3937
snapshot_sym4_date30_pm.csv,label_10,future,1989,1989,1.0
snapshot_sym4_date30_pm.csv,label_10,past,770,1989,0.3871
snapshot_sym4_date30_pm.csv,label_20,future,1979,1979,1.0
snapshot_sym4_date30_pm.csv,label_20,past,1172,1979,0.5922
snapshot_sym4_date30_pm.csv,label_40,future,1959,1959,1.0
snapshot_sym4_date30_pm.csv,label_40,past,738,1959,0.3767
snapshot_sym4_date30_pm.csv,label_60,future,1939,1939,1.0
snapshot_sym4_date30_pm.csv,label_60,past,631,1939,0.3254
snapshot_sym4_date31_am.csv,label_5,future,1994,1994,1.0
snapshot_sym4_date31_am.csv,label_5,past,829,1994,0.4157
snapshot_sym4_date31_am.csv,label_10,future,1989,1989,1.0
snapshot_sym4_date31_am.csv,label_10,past,879,1989,0.4419
snapshot_sym4_date31_am.csv,label_20,future,1979,1979,1.0
snapshot_sym4_date31_am.csv,label_20,past,770,1979,0.3891
snapshot_sym4_date31_am.csv,label_40,future,1959,1959,1.0
snapshot_sym4_date31_am.csv,label_40,past,640,1959,0.3267
snapshot_sym4_date31_am.csv,label_60,future,1939,1939,1.0
snapshot_sym4_date31_am.csv,label_60,past,735,1939,0.3791
snapshot_sym4_date31_pm.csv,label_5,future,1994,1994,1.0
snapshot_sym4_date31_pm.csv,label_5,past,1450,1994,0.7272
snapshot_sym4_date31_pm.csv,label_10,future,1989,1989,1.0
snapshot_sym4_date31_pm.csv,label_10,past,1474,1989,0.7411
snapshot_sym4_date31_pm.csv,label_20,future,1979,1979,1.0
snapshot_sym4_date31_pm.csv,label_20,past,1283,1979,0.6483
snapshot_sym4_date31_pm.csv,label_40,future,1959,1959,1.0
snapshot_sym4_date31_pm.csv,label_40,past,1313,1959,0.6702
snapshot_sym4_date31_pm.csv,label_60,future,1939,1939,1.0
snapshot_sym4_date31_pm.csv,label_60,past,1284,1939,0.6622
snapshot_sym4_date32_am.csv,label_5,future,1994,1994,1.0
snapshot_sym4_date32_am.csv,label_5,past,897,1994,0.4498
snapshot_sym4_date32_am.csv,label_10,future,1989,1989,1.0
snapshot_sym4_date32_am.csv,label_10,past,942,1989,0.4736
snapshot_sym4_date32_am.csv,label_20,future,1979,1979,1.0
snapshot_sym4_date32_am.csv,label_20,past,695,1979,0.3512
snapshot_sym4_date32_am.csv,label_40,future,1959,1959,1.0
snapshot_sym4_date32_am.csv,label_40,past,674,1959,0.3441
snapshot_sym4_date32_am.csv,label_60,future,1939,1939,1.0
snapshot_sym4_date32_am.csv,label_60,past,720,1939,0.3713
snapshot_sym4_date32_pm.csv,label_5,future,1994,1994,1.0
snapshot_sym4_date32_pm.csv,label_5,past,1386,1994,0.6951
snapshot_sym4_date32_pm.csv,label_10,future,1989,1989,1.0
snapshot_sym4_date32_pm.csv,label_10,past,1476,1989,0.7421
snapshot_sym4_date32_pm.csv,label_20,future,1979,1979,1.0
snapshot_sym4_date32_pm.csv,label_20,past,1254,1979,0.6337
snapshot_sym4_date32_pm.csv,label_40,future,1959,1959,1.0
snapshot_sym4_date32_pm.csv,label_40,past,1083,1959,0.5528
snapshot_sym4_date32_pm.csv,label_60,future,1939,1939,1.0
snapshot_sym4_date32_pm.csv,label_60,past,1239,1939,0.639
snapshot_sym4_date33_am.csv,label_5,future,1994,1994,1.0
snapshot_sym4_date33_am.csv,label_5,past,1955,1994,0.9804
snapshot_sym4_date33_am.csv,label_10,future,1989,1989,1.0
snapshot_sym4_date33_am.csv,label_10,past,1927,1989,0.9688
snapshot_sym4_date33_am.csv,label_20,future,1979,1979,1.0
snapshot_sym4_date33_am.csv,label_20,past,1874,1979,0.9469
snapshot_sym4_date33_am.csv,label_40,future,1959,1959,1.0
snapshot_sym4_date33_am.csv,label_40,past,1786,1959,0.9117
snapshot_sym4_date33_am.csv,label_60,future,1939,1939,1.0
snapshot_sym4_date33_am.csv,label_60,past,1790,1939,0.9232
snapshot_sym4_date33_pm.csv,label_5,future,1994,1994,1.0
snapshot_sym4_date33_pm.csv,label_5,past,1994,1994,1.0
snapshot_sym4_date33_pm.csv,label_10,future,1989,1989,1.0
snapshot_sym4_date33_pm.csv,label_10,past,1989,1989,1.0
snapshot_sym4_date33_pm.csv,label_20,future,1979,1979,1.0
snapshot_sym4_date33_pm.csv,label_20,past,1979,1979,1.0
snapshot_sym4_date33_pm.csv,label_40,future,1959,1959,1.0
snapshot_sym4_date33_pm.csv,label_40,past,1959,1959,1.0
snapshot_sym4_date33_pm.csv,label_60,future,1939,1939,1.0
snapshot_sym4_date33_pm.csv,label_60,past,1939,1939,1.0
snapshot_sym4_date34_am.csv,label_5,future,1994,1994,1.0
snapshot_sym4_date34_am.csv,label_5,past,1192,1994,0.5978
snapshot_sym4_date34_am.csv,label_10,future,1989,1989,1.0
snapshot_sym4_date34_am.csv,label_10,past,1259,1989,0.633
snapshot_sym4_date34_am.csv,label_20,future,1979,1979,1.0
snapshot_sym4_date34_am.csv,label_20,past,1051,1979,0.5311
snapshot_sym4_date34_am.csv,label_40,future,1959,1959,1.0
snapshot_sym4_date34_am.csv,label_40,past,910,1959,0.4645
snapshot_sym4_date34_am.csv,label_60,future,1939,1939,1.0
snapshot_sym4_date34_am.csv,label_60,past,1019,1939,0.5255
snapshot_sym4_date34_pm.csv,label_5,future,1994,1994,1.0
snapshot_sym4_date34_pm.csv,label_5,past,1035,1994,0.5191
snapshot_sym4_date34_pm.csv,label_10,future,1989,1989,1.0
snapshot_sym4_date34_pm.csv,label_10,past,1159,1989,0.5827
snapshot_sym4_date34_pm.csv,label_20,future,1979,1979,1.0
snapshot_sym4_date34_pm.csv,label_20,past,1022,1979,0.5164
snapshot_sym4_date34_pm.csv,label_40,future,1959,1959,1.0
snapshot_sym4_date34_pm.csv,label_40,past,864,1959,0.441
snapshot_sym4_date34_pm.csv,label_60,future,1939,1939,1.0
snapshot_sym4_date34_pm.csv,label_60,past,823,1939,0.4244
snapshot_sym4_date35_am.csv,label_5,future,1994,1994,1.0
snapshot_sym4_date35_am.csv,label_5,past,854,1994,0.4283
snapshot_sym4_date35_am.csv,label_10,future,1989,1989,1.0
snapshot_sym4_date35_am.csv,label_10,past,964,1989,0.4847
snapshot_sym4_date35_am.csv,label_20,future,1979,1979,1.0
snapshot_sym4_date35_am.csv,label_20,past,813,1979,0.4108
snapshot_sym4_date35_am.csv,label_40,future,1959,1959,1.0
snapshot_sym4_date35_am.csv,label_40,past,710,1959,0.3624
snapshot_sym4_date35_am.csv,label_60,future,1939,1939,1.0
snapshot_sym4_date35_am.csv,label_60,past,693,1939,0.3574
snapshot_sym4_date35_pm.csv,label_5,future,1994,1994,1.0
snapshot_sym4_date35_pm.csv,label_5,past,925,1994,0.4639
snapshot_sym4_date35_pm.csv,label_10,future,1989,1989,1.0
snapshot_sym4_date35_pm.csv,label_10,past,1025,1989,0.5153
snapshot_sym4_date35_pm.csv,label_20,future,1979,1979,1.0
snapshot_sym4_date35_pm.csv,label_20,past,817,1979,0.4128
snapshot_sym4_date35_pm.csv,label_40,future,1959,1959,1.0
snapshot_sym4_date35_pm.csv,label_40,past,757,1959,0.3864
snapshot_sym4_date35_pm.csv,label_60,future,1939,1939,1.0
snapshot_sym4_date35_pm.csv,label_60,past,853,1939,0.4399
snapshot_sym4_date36_am.csv,label_5,future,1994,1994,1.0
snapshot_sym4_date36_am.csv,label_5,past,896,1994,0.4493
snapshot_sym4_date36_am.csv,label_10,future,1989,1989,1.0
snapshot_sym4_date36_am.csv,label_10,past,1027,1989,0.5163
snapshot_sym4_date36_am.csv,label_20,future,1979,1979,1.0
snapshot_sym4_date36_am.csv,label_20,past,810,1979,0.4093
snapshot_sym4_date36_am.csv,label_40,future,1959,1959,1.0
snapshot_sym4_date36_am.csv,label_40,past,732,1959,0.3737
snapshot_sym4_date36_am.csv,label_60,future,1939,1939,1.0
snapshot_sym4_date36_am.csv,label_60,past,624,1939,0.3218
snapshot_sym4_date36_pm.csv,label_5,future,1994,1994,1.0
snapshot_sym4_date36_pm.csv,label_5,past,976,1994,0.4895
snapshot_sym4_date36_pm.csv,label_10,future,1989,1989,1.0
snapshot_sym4_date36_pm.csv,label_10,past,927,1989,0.4661
snapshot_sym4_date36_pm.csv,label_20,future,1979,1979,1.0
snapshot_sym4_date36_pm.csv,label_20,past,636,1979,0.3214
snapshot_sym4_date36_pm.csv,label_40,future,1959,1959,1.0
snapshot_sym4_date36_pm.csv,label_40,past,692,1959,0.3532
snapshot_sym4_date36_pm.csv,label_60,future,1939,1939,1.0
snapshot_sym4_date36_pm.csv,label_60,past,815,1939,0.4203
snapshot_sym4_date37_am.csv,label_5,future,1994,1994,1.0
snapshot_sym4_date37_am.csv,label_5,past,1140,1994,0.5717
snapshot_sym4_date37_am.csv,label_10,future,1989,1989,1.0
snapshot_sym4_date37_am.csv,label_10,past,1138,1989,0.5721
snapshot_sym4_date37_am.csv,label_20,future,1979,1979,1.0
snapshot_sym4_date37_am.csv,label_20,past,739,1979,0.3734
snapshot_sym4_date37_am.csv,label_40,future,1959,1959,1.0
snapshot_sym4_date37_am.csv,label_40,past,659,1959,0.3364
snapshot_sym4_date37_am.csv,label_60,future,1939,1939,1.0
snapshot_sym4_date37_am.csv,label_60,past,897,1939,0.4626
snapshot_sym4_date37_pm.csv,label_5,future,1994,1994,1.0
snapshot_sym4_date37_pm.csv,label_5,past,937,1994,0.4699
snapshot_sym4_date37_pm.csv,label_10,future,1989,1989,1.0
snapshot_sym4_date37_pm.csv,label_10,past,1048,1989,0.5269
snapshot_sym4_date37_pm.csv,label_20,future,1979,1979,1.0
snapshot_sym4_date37_pm.csv,label_20,past,840,1979,0.4245
snapshot_sym4_date37_pm.csv,label_40,future,1959,1959,1.0
snapshot_sym4_date37_pm.csv,label_40,past,685,1959,0.3497
snapshot_sym4_date37_pm.csv,label_60,future,1939,1939,1.0
snapshot_sym4_date37_pm.csv,label_60,past,579,1939,0.2986
snapshot_sym4_date38_am.csv,label_5,future,1994,1994,1.0
snapshot_sym4_date38_am.csv,label_5,past,980,1994,0.4915
snapshot_sym4_date38_am.csv,label_10,future,1989,1989,1.0
snapshot_sym4_date38_am.csv,label_10,past,1090,1989,0.548
snapshot_sym4_date38_am.csv,label_20,future,1979,1979,1.0
snapshot_sym4_date38_am.csv,label_20,past,920,1979,0.4649
snapshot_sym4_date38_am.csv,label_40,future,1959,1959,1.0
snapshot_sym4_date38_am.csv,label_40,past,617,1959,0.315
snapshot_sym4_date38_am.csv,label_60,future,1939,1939,1.0
snapshot_sym4_date38_am.csv,label_60,past,667,1939,0.344
snapshot_sym4_date38_pm.csv,label_5,future,1994,1994,1.0
snapshot_sym4_date38_pm.csv,label_5,past,948,1994,0.4754
snapshot_sym4_date38_pm.csv,label_10,future,1989,1989,1.0
snapshot_sym4_date38_pm.csv,label_10,past,1043,1989,0.5244
snapshot_sym4_date38_pm.csv,label_20,future,1979,1979,1.0
snapshot_sym4_date38_pm.csv,label_20,past,885,1979,0.4472
snapshot_sym4_date38_pm.csv,label_40,future,1959,1959,1.0
snapshot_sym4_date38_pm.csv,label_40,past,762,1959,0.389
snapshot_sym4_date38_pm.csv,label_60,future,1939,1939,1.0
snapshot_sym4_date38_pm.csv,label_60,past,674,1939,0.3476
snapshot_sym4_date39_am.csv,label_5,future,1994,1994,1.0
snapshot_sym4_date39_am.csv,label_5,past,884,1994,0.4433
snapshot_sym4_date39_am.csv,label_10,future,1989,1989,1.0
snapshot_sym4_date39_am.csv,label_10,past,913,1989,0.459
snapshot_sym4_date39_am.csv,label_20,future,1979,1979,1.0
snapshot_sym4_date39_am.csv,label_20,past,784,1979,0.3962
snapshot_sym4_date39_am.csv,label_40,future,1959,1959,1.0
snapshot_sym4_date39_am.csv,label_40,past,672,1959,0.343
snapshot_sym4_date39_am.csv,label_60,future,1939,1939,1.0
snapshot_sym4_date39_am.csv,label_60,past,706,1939,0.3641
snapshot_sym4_date39_pm.csv,label_5,future,1994,1994,1.0
snapshot_sym4_date39_pm.csv,label_5,past,1019,1994,0.511
snapshot_sym4_date39_pm.csv,label_10,future,1989,1989,1.0
snapshot_sym4_date39_pm.csv,label_10,past,935,1989,0.4701
snapshot_sym4_date39_pm.csv,label_20,future,1979,1979,1.0
snapshot_sym4_date39_pm.csv,label_20,past,663,1979,0.335
snapshot_sym4_date39_pm.csv,label_40,future,1959,1959,1.0
snapshot_sym4_date39_pm.csv,label_40,past,522,1959,0.2665
snapshot_sym4_date39_pm.csv,label_60,future,1939,1939,1.0
snapshot_sym4_date39_pm.csv,label_60,past,559,1939,0.2883
snapshot_sym4_date3_am.csv,label_5,future,1994,1994,1.0
snapshot_sym4_date3_am.csv,label_5,past,863,1994,0.4328
snapshot_sym4_date3_am.csv,label_10,future,1989,1989,1.0
snapshot_sym4_date3_am.csv,label_10,past,857,1989,0.4309
snapshot_sym4_date3_am.csv,label_20,future,1979,1979,1.0
snapshot_sym4_date3_am.csv,label_20,past,862,1979,0.4356
snapshot_sym4_date3_am.csv,label_40,future,1959,1959,1.0
snapshot_sym4_date3_am.csv,label_40,past,565,1959,0.2884
snapshot_sym4_date3_am.csv,label_60,future,1939,1939,1.0
snapshot_sym4_date3_am.csv,label_60,past,504,1939,0.2599
snapshot_sym4_date3_pm.csv,label_5,future,1994,1994,1.0
snapshot_sym4_date3_pm.csv,label_5,past,991,1994,0.497
snapshot_sym4_date3_pm.csv,label_10,future,1989,1989,1.0
snapshot_sym4_date3_pm.csv,label_10,past,766,1989,0.3851
snapshot_sym4_date3_pm.csv,label_20,future,1979,1979,1.0
snapshot_sym4_date3_pm.csv,label_20,past,1474,1979,0.7448
snapshot_sym4_date3_pm.csv,label_40,future,1959,1959,1.0
snapshot_sym4_date3_pm.csv,label_40,past,1042,1959,0.5319
snapshot_sym4_date3_pm.csv,label_60,future,1939,1939,1.0
snapshot_sym4_date3_pm.csv,label_60,past,961,1939,0.4956
snapshot_sym4_date40_am.csv,label_5,future,1994,1994,1.0
snapshot_sym4_date40_am.csv,label_5,past,1284,1994,0.6439
snapshot_sym4_date40_am.csv,label_10,future,1989,1989,1.0
snapshot_sym4_date40_am.csv,label_10,past,1268,1989,0.6375
snapshot_sym4_date40_am.csv,label_20,future,1979,1979,1.0
snapshot_sym4_date40_am.csv,label_20,past,1126,1979,0.569
snapshot_sym4_date40_am.csv,label_40,future,1959,1959,1.0
snapshot_sym4_date40_am.csv,label_40,past,1020,1959,0.5207
snapshot_sym4_date40_am.csv,label_60,future,1939,1939,1.0
snapshot_sym4_date40_am.csv,label_60,past,983,1939,0.507
snapshot_sym4_date40_pm.csv,label_5,future,1994,1994,1.0
snapshot_sym4_date40_pm.csv,label_5,past,1111,1994,0.5572
snapshot_sym4_date40_pm.csv,label_10,future,1989,1989,1.0
snapshot_sym4_date40_pm.csv,label_10,past,912,1989,0.4585
snapshot_sym4_date40_pm.csv,label_20,future,1979,1979,1.0
snapshot_sym4_date40_pm.csv,label_20,past,775,1979,0.3916
snapshot_sym4_date40_pm.csv,label_40,future,1959,1959,1.0
snapshot_sym4_date40_pm.csv,label_40,past,588,1959,0.3002
snapshot_sym4_date40_pm.csv,label_60,future,1939,1939,1.0
snapshot_sym4_date40_pm.csv,label_60,past,644,1939,0.3321
snapshot_sym4_date41_am.csv,label_5,future,1994,1994,1.0
snapshot_sym4_date41_am.csv,label_5,past,1036,1994,0.5196
snapshot_sym4_date41_am.csv,label_10,future,1989,1989,1.0
snapshot_sym4_date41_am.csv,label_10,past,1127,1989,0.5666
snapshot_sym4_date41_am.csv,label_20,future,1979,1979,1.0
snapshot_sym4_date41_am.csv,label_20,past,916,1979,0.4629
snapshot_sym4_date41_am.csv,label_40,future,1959,1959,1.0
snapshot_sym4_date41_am.csv,label_40,past,738,1959,0.3767
snapshot_sym4_date41_am.csv,label_60,future,1939,1939,1.0
snapshot_sym4_date41_am.csv,label_60,past,743,1939,0.3832
snapshot_sym4_date41_pm.csv,label_5,future,1994,1994,1.0
snapshot_sym4_date41_pm.csv,label_5,past,1053,1994,0.5281
snapshot_sym4_date41_pm.csv,label_10,future,1989,1989,1.0
snapshot_sym4_date41_pm.csv,label_10,past,1098,1989,0.552
snapshot_sym4_date41_pm.csv,label_20,future,1979,1979,1.0
snapshot_sym4_date41_pm.csv,label_20,past,877,1979,0.4432
snapshot_sym4_date41_pm.csv,label_40,future,1959,1959,1.0
snapshot_sym4_date41_pm.csv,label_40,past,706,1959,0.3604
snapshot_sym4_date41_pm.csv,label_60,future,1939,1939,1.0
snapshot_sym4_date41_pm.csv,label_60,past,776,1939,0.4002
snapshot_sym4_date42_pm.csv,label_5,future,1994,1994,1.0
snapshot_sym4_date42_pm.csv,label_5,past,1245,1994,0.6244
snapshot_sym4_date42_pm.csv,label_10,future,1989,1989,1.0
snapshot_sym4_date42_pm.csv,label_10,past,1123,1989,0.5646
snapshot_sym4_date42_pm.csv,label_20,future,1979,1979,1.0
snapshot_sym4_date42_pm.csv,label_20,past,1014,1979,0.5124
snapshot_sym4_date42_pm.csv,label_40,future,1959,1959,1.0
snapshot_sym4_date42_pm.csv,label_40,past,904,1959,0.4615
snapshot_sym4_date42_pm.csv,label_60,future,1939,1939,1.0
snapshot_sym4_date42_pm.csv,label_60,past,876,1939,0.4518
snapshot_sym4_date43_am.csv,label_5,future,1994,1994,1.0
snapshot_sym4_date43_am.csv,label_5,past,983,1994,0.493
snapshot_sym4_date43_am.csv,label_10,future,1989,1989,1.0
snapshot_sym4_date43_am.csv,label_10,past,1021,1989,0.5133
snapshot_sym4_date43_am.csv,label_20,future,1979,1979,1.0
snapshot_sym4_date43_am.csv,label_20,past,767,1979,0.3876
snapshot_sym4_date43_am.csv,label_40,future,1959,1959,1.0
snapshot_sym4_date43_am.csv,label_40,past,528,1959,0.2695
snapshot_sym4_date43_am.csv,label_60,future,1939,1939,1.0
snapshot_sym4_date43_am.csv,label_60,past,537,1939,0.2769
snapshot_sym4_date43_pm.csv,label_5,future,1994,1994,1.0
snapshot_sym4_date43_pm.csv,label_5,past,1010,1994,0.5065
snapshot_sym4_date43_pm.csv,label_10,future,1989,1989,1.0
snapshot_sym4_date43_pm.csv,label_10,past,1053,1989,0.5294
snapshot_sym4_date43_pm.csv,label_20,future,1979,1979,1.0
snapshot_sym4_date43_pm.csv,label_20,past,790,1979,0.3992
snapshot_sym4_date43_pm.csv,label_40,future,1959,1959,1.0
snapshot_sym4_date43_pm.csv,label_40,past,680,1959,0.3471
snapshot_sym4_date43_pm.csv,label_60,future,1939,1939,1.0
snapshot_sym4_date43_pm.csv,label_60,past,678,1939,0.3497
snapshot_sym4_date44_pm.csv,label_5,future,1994,1994,1.0
snapshot_sym4_date44_pm.csv,label_5,past,967,1994,0.485
snapshot_sym4_date44_pm.csv,label_10,future,1989,1989,1.0
snapshot_sym4_date44_pm.csv,label_10,past,1077,1989,0.5415
snapshot_sym4_date44_pm.csv,label_20,future,1979,1979,1.0
snapshot_sym4_date44_pm.csv,label_20,past,824,1979,0.4164
snapshot_sym4_date44_pm.csv,label_40,future,1959,1959,1.0
snapshot_sym4_date44_pm.csv,label_40,past,675,1959,0.3446
snapshot_sym4_date44_pm.csv,label_60,future,1939,1939,1.0
snapshot_sym4_date44_pm.csv,label_60,past,622,1939,0.3208
snapshot_sym4_date45_am.csv,label_5,future,1994,1994,1.0
snapshot_sym4_date45_am.csv,label_5,past,1007,1994,0.505
snapshot_sym4_date45_am.csv,label_10,future,1989,1989,1.0
snapshot_sym4_date45_am.csv,label_10,past,945,1989,0.4751
snapshot_sym4_date45_am.csv,label_20,future,1979,1979,1.0
snapshot_sym4_date45_am.csv,label_20,past,757,1979,0.3825
snapshot_sym4_date45_am.csv,label_40,future,1959,1959,1.0
snapshot_sym4_date45_am.csv,label_40,past,498,1959,0.2542
snapshot_sym4_date45_am.csv,label_60,future,1939,1939,1.0
snapshot_sym4_date45_am.csv,label_60,past,687,1939,0.3543
snapshot_sym4_date45_pm.csv,label_5,future,1994,1994,1.0
snapshot_sym4_date45_pm.csv,label_5,past,1009,1994,0.506
snapshot_sym4_date45_pm.csv,label_10,future,1989,1989,1.0
snapshot_sym4_date45_pm.csv,label_10,past,849,1989,0.4268
snapshot_sym4_date45_pm.csv,label_20,future,1979,1979,1.0
snapshot_sym4_date45_pm.csv,label_20,past,681,1979,0.3441
snapshot_sym4_date45_pm.csv,label_40,future,1959,1959,1.0
snapshot_sym4_date45_pm.csv,label_40,past,698,1959,0.3563
snapshot_sym4_date45_pm.csv,label_60,future,1939,1939,1.0
snapshot_sym4_date45_pm.csv,label_60,past,578,1939,0.2981
snapshot_sym4_date46_am.csv,label_5,future,1994,1994,1.0
snapshot_sym4_date46_am.csv,label_5,past,996,1994,0.4995
snapshot_sym4_date46_am.csv,label_10,future,1989,1989,1.0
snapshot_sym4_date46_am.csv,label_10,past,973,1989,0.4892
snapshot_sym4_date46_am.csv,label_20,future,1979,1979,1.0
snapshot_sym4_date46_am.csv,label_20,past,649,1979,0.3279
snapshot_sym4_date46_am.csv,label_40,future,1959,1959,1.0
snapshot_sym4_date46_am.csv,label_40,past,611,1959,0.3119
snapshot_sym4_date46_am.csv,label_60,future,1939,1939,1.0
snapshot_sym4_date46_am.csv,label_60,past,663,1939,0.3419
snapshot_sym4_date46_pm.csv,label_5,future,1994,1994,1.0
snapshot_sym4_date46_pm.csv,label_5,past,772,1994,0.3872
snapshot_sym4_date46_pm.csv,label_10,future,1989,1989,1.0
snapshot_sym4_date46_pm.csv,label_10,past,814,1989,0.4093
snapshot_sym4_date46_pm.csv,label_20,future,1979,1979,1.0
snapshot_sym4_date46_pm.csv,label_20,past,570,1979,0.288
snapshot_sym4_date46_pm.csv,label_40,future,1959,1959,1.0
snapshot_sym4_date46_pm.csv,label_40,past,595,1959,0.3037
snapshot_sym4_date46_pm.csv,label_60,future,1939,1939,1.0
snapshot_sym4_date46_pm.csv,label_60,past,653,1939,0.3368
snapshot_sym4_date47_am.csv,label_5,future,1994,1994,1.0
snapshot_sym4_date47_am.csv,label_5,past,817,1994,0.4097
snapshot_sym4_date47_am.csv,label_10,future,1989,1989,1.0
snapshot_sym4_date47_am.csv,label_10,past,864,1989,0.4344
snapshot_sym4_date47_am.csv,label_20,future,1979,1979,1.0
snapshot_sym4_date47_am.csv,label_20,past,646,1979,0.3264
snapshot_sym4_date47_am.csv,label_40,future,1959,1959,1.0
snapshot_sym4_date47_am.csv,label_40,past,478,1959,0.244
snapshot_sym4_date47_am.csv,label_60,future,1939,1939,1.0
snapshot_sym4_date47_am.csv,label_60,past,486,1939,0.2506
snapshot_sym4_date47_pm.csv,label_5,future,1994,1994,1.0
snapshot_sym4_date47_pm.csv,label_5,past,741,1994,0.3716
snapshot_sym4_date47_pm.csv,label_10,future,1989,1989,1.0
snapshot_sym4_date47_pm.csv,label_10,past,847,1989,0.4258
snapshot_sym4_date47_pm.csv,label_20,future,1979,1979,1.0
snapshot_sym4_date47_pm.csv,label_20,past,767,1979,0.3876
snapshot_sym4_date47_pm.csv,label_40,future,1959,1959,1.0
snapshot_sym4_date47_pm.csv,label_40,past,668,1959,0.341
snapshot_sym4_date47_pm.csv,label_60,future,1939,1939,1.0
snapshot_sym4_date47_pm.csv,label_60,past,573,1939,0.2955
snapshot_sym4_date48_am.csv,label_5,future,1994,1994,1.0
snapshot_sym4_date48_am.csv,label_5,past,1004,1994,0.5035
snapshot_sym4_date48_am.csv,label_10,future,1989,1989,1.0
snapshot_sym4_date48_am.csv,label_10,past,1008,1989,0.5068
snapshot_sym4_date48_am.csv,label_20,future,1979,1979,1.0
snapshot_sym4_date48_am.csv,label_20,past,727,1979,0.3674
snapshot_sym4_date48_am.csv,label_40,future,1959,1959,1.0
snapshot_sym4_date48_am.csv,label_40,past,600,1959,0.3063
snapshot_sym4_date48_am.csv,label_60,future,1939,1939,1.0
snapshot_sym4_date48_am.csv,label_60,past,672,1939,0.3466
snapshot_sym4_date48_pm.csv,label_5,future,1994,1994,1.0
snapshot_sym4_date48_pm.csv,label_5,past,855,1994,0.4288
snapshot_sym4_date48_pm.csv,label_10,future,1989,1989,1.0
snapshot_sym4_date48_pm.csv,label_10,past,894,1989,0.4495
snapshot_sym4_date48_pm.csv,label_20,future,1979,1979,1.0
snapshot_sym4_date48_pm.csv,label_20,past,702,1979,0.3547
snapshot_sym4_date48_pm.csv,label_40,future,1959,1959,1.0
snapshot_sym4_date48_pm.csv,label_40,past,523,1959,0.267
snapshot_sym4_date48_pm.csv,label_60,future,1939,1939,1.0
snapshot_sym4_date48_pm.csv,label_60,past,602,1939,0.3105
snapshot_sym4_date49_am.csv,label_5,future,1994,1994,1.0
snapshot_sym4_date49_am.csv,label_5,past,788,1994,0.3952
snapshot_sym4_date49_am.csv,label_10,future,1989,1989,1.0
snapshot_sym4_date49_am.csv,label_10,past,791,1989,0.3977
snapshot_sym4_date49_am.csv,label_20,future,1979,1979,1.0
snapshot_sym4_date49_am.csv,label_20,past,723,1979,0.3653
snapshot_sym4_date49_am.csv,label_40,future,1959,1959,1.0
snapshot_sym4_date49_am.csv,label_40,past,629,1959,0.3211
snapshot_sym4_date49_am.csv,label_60,future,1939,1939,1.0
snapshot_sym4_date49_am.csv,label_60,past,537,1939,0.2769
snapshot_sym4_date49_pm.csv,label_5,future,1994,1994,1.0
snapshot_sym4_date49_pm.csv,label_5,past,746,1994,0.3741
snapshot_sym4_date49_pm.csv,label_10,future,1989,1989,1.0
snapshot_sym4_date49_pm.csv,label_10,past,752,1989,0.3781
snapshot_sym4_date49_pm.csv,label_20,future,1979,1979,1.0
snapshot_sym4_date49_pm.csv,label_20,past,927,1979,0.4684
snapshot_sym4_date49_pm.csv,label_40,future,1959,1959,1.0
snapshot_sym4_date49_pm.csv,label_40,past,727,1959,0.3711
snapshot_sym4_date49_pm.csv,label_60,future,1939,1939,1.0
snapshot_sym4_date49_pm.csv,label_60,past,575,1939,0.2965
snapshot_sym4_date4_am.csv,label_5,future,1994,1994,1.0
snapshot_sym4_date4_am.csv,label_5,past,857,1994,0.4298
snapshot_sym4_date4_am.csv,label_10,future,1989,1989,1.0
snapshot_sym4_date4_am.csv,label_10,past,792,1989,0.3982
snapshot_sym4_date4_am.csv,label_20,future,1979,1979,1.0
snapshot_sym4_date4_am.csv,label_20,past,1028,1979,0.5195
snapshot_sym4_date4_am.csv,label_40,future,1959,1959,1.0
snapshot_sym4_date4_am.csv,label_40,past,775,1959,0.3956
snapshot_sym4_date4_am.csv,label_60,future,1939,1939,1.0
snapshot_sym4_date4_am.csv,label_60,past,645,1939,0.3326
snapshot_sym4_date4_pm.csv,label_5,future,1994,1994,1.0
snapshot_sym4_date4_pm.csv,label_5,past,1149,1994,0.5762
snapshot_sym4_date4_pm.csv,label_10,future,1989,1989,1.0
snapshot_sym4_date4_pm.csv,label_10,past,921,1989,0.463
snapshot_sym4_date4_pm.csv,label_20,future,1979,1979,1.0
snapshot_sym4_date4_pm.csv,label_20,past,1558,1979,0.7873
snapshot_sym4_date4_pm.csv,label_40,future,1959,1959,1.0
snapshot_sym4_date4_pm.csv,label_40,past,1191,1959,0.608
snapshot_sym4_date4_pm.csv,label_60,future,1939,1939,1.0
snapshot_sym4_date4_pm.csv,label_60,past,889,1939,0.4585
snapshot_sym4_date50_am.csv,label_5,future,1994,1994,1.0
snapshot_sym4_date50_am.csv,label_5,past,877,1994,0.4398
snapshot_sym4_date50_am.csv,label_10,future,1989,1989,1.0
snapshot_sym4_date50_am.csv,label_10,past,850,1989,0.4274
snapshot_sym4_date50_am.csv,label_20,future,1979,1979,1.0
snapshot_sym4_date50_am.csv,label_20,past,694,1979,0.3507
snapshot_sym4_date50_am.csv,label_40,future,1959,1959,1.0
snapshot_sym4_date50_am.csv,label_40,past,684,1959,0.3492
snapshot_sym4_date50_am.csv,label_60,future,1939,1939,1.0
snapshot_sym4_date50_am.csv,label_60,past,771,1939,0.3976
snapshot_sym4_date50_pm.csv,label_5,future,1994,1994,1.0
snapshot_sym4_date50_pm.csv,label_5,past,828,1994,0.4152
snapshot_sym4_date50_pm.csv,label_10,future,1989,1989,1.0
snapshot_sym4_date50_pm.csv,label_10,past,872,1989,0.4384
snapshot_sym4_date50_pm.csv,label_20,future,1979,1979,1.0
snapshot_sym4_date50_pm.csv,label_20,past,791,1979,0.3997
snapshot_sym4_date50_pm.csv,label_40,future,1959,1959,1.0
snapshot_sym4_date50_pm.csv,label_40,past,592,1959,0.3022
snapshot_sym4_date50_pm.csv,label_60,future,1939,1939,1.0
snapshot_sym4_date50_pm.csv,label_60,past,458,1939,0.2362
snapshot_sym4_date51_am.csv,label_5,future,1994,1994,1.0
snapshot_sym4_date51_am.csv,label_5,past,849,1994,0.4258
snapshot_sym4_date51_am.csv,label_10,future,1989,1989,1.0
snapshot_sym4_date51_am.csv,label_10,past,941,1989,0.4731
snapshot_sym4_date51_am.csv,label_20,future,1979,1979,1.0
snapshot_sym4_date51_am.csv,label_20,past,656,1979,0.3315
snapshot_sym4_date51_am.csv,label_40,future,1959,1959,1.0
snapshot_sym4_date51_am.csv,label_40,past,552,1959,0.2818
snapshot_sym4_date51_am.csv,label_60,future,1939,1939,1.0
snapshot_sym4_date51_am.csv,label_60,past,776,1939,0.4002
snapshot_sym4_date51_pm.csv,label_5,future,1994,1994,1.0
snapshot_sym4_date51_pm.csv,label_5,past,926,1994,0.4644
snapshot_sym4_date51_pm.csv,label_10,future,1989,1989,1.0
snapshot_sym4_date51_pm.csv,label_10,past,1006,1989,0.5058
snapshot_sym4_date51_pm.csv,label_20,future,1979,1979,1.0
snapshot_sym4_date51_pm.csv,label_20,past,835,1979,0.4219
snapshot_sym4_date51_pm.csv,label_40,future,1959,1959,1.0
snapshot_sym4_date51_pm.csv,label_40,past,547,1959,0.2792
snapshot_sym4_date51_pm.csv,label_60,future,1939,1939,1.0
snapshot_sym4_date51_pm.csv,label_60,past,552,1939,0.2847
snapshot_sym4_date52_am.csv,label_5,future,1994,1994,1.0
snapshot_sym4_date52_am.csv,label_5,past,1176,1994,0.5898
snapshot_sym4_date52_am.csv,label_10,future,1989,1989,1.0
snapshot_sym4_date52_am.csv,label_10,past,882,1989,0.4434
snapshot_sym4_date52_am.csv,label_20,future,1979,1979,1.0
snapshot_sym4_date52_am.csv,label_20,past,800,1979,0.4042
snapshot_sym4_date52_am.csv,label_40,future,1959,1959,1.0
snapshot_sym4_date52_am.csv,label_40,past,673,1959,0.3435
snapshot_sym4_date52_am.csv,label_60,future,1939,1939,1.0
snapshot_sym4_date52_am.csv,label_60,past,566,1939,0.2919
snapshot_sym4_date52_pm.csv,label_5,future,1994,1994,1.0
snapshot_sym4_date52_pm.csv,label_5,past,1218,1994,0.6108
snapshot_sym4_date52_pm.csv,label_10,future,1989,1989,1.0
snapshot_sym4_date52_pm.csv,label_10,past,949,1989,0.4771
snapshot_sym4_date52_pm.csv,label_20,future,1979,1979,1.0
snapshot_sym4_date52_pm.csv,label_20,past,784,1979,0.3962
snapshot_sym4_date52_pm.csv,label_40,future,1959,1959,1.0
snapshot_sym4_date52_pm.csv,label_40,past,535,1959,0.2731
snapshot_sym4_date52_pm.csv,label_60,future,1939,1939,1.0
snapshot_sym4_date52_pm.csv,label_60,past,521,1939,0.2687
snapshot_sym4_date53_am.csv,label_5,future,1994,1994,1.0
snapshot_sym4_date53_am.csv,label_5,past,777,1994,0.3897
snapshot_sym4_date53_am.csv,label_10,future,1989,1989,1.0
snapshot_sym4_date53_am.csv,label_10,past,816,1989,0.4103
snapshot_sym4_date53_am.csv,label_20,future,1979,1979,1.0
snapshot_sym4_date53_am.csv,label_20,past,744,1979,0.3759
snapshot_sym4_date53_am.csv,label_40,future,1959,1959,1.0
snapshot_sym4_date53_am.csv,label_40,past,720,1959,0.3675
snapshot_sym4_date53_am.csv,label_60,future,1939,1939,1.0
snapshot_sym4_date53_am.csv,label_60,past,692,1939,0.3569
snapshot_sym4_date53_pm.csv,label_5,future,1994,1994,1.0
snapshot_sym4_date53_pm.csv,label_5,past,756,1994,0.3791
snapshot_sym4_date53_pm.csv,label_10,future,1989,1989,1.0
snapshot_sym4_date53_pm.csv,label_10,past,778,1989,0.3912
snapshot_sym4_date53_pm.csv,label_20,future,1979,1979,1.0
snapshot_sym4_date53_pm.csv,label_20,past,899,1979,0.4543
snapshot_sym4_date53_pm.csv,label_40,future,1959,1959,1.0
snapshot_sym4_date53_pm.csv,label_40,past,605,1959,0.3088
snapshot_sym4_date53_pm.csv,label_60,future,1939,1939,1.0
snapshot_sym4_date53_pm.csv,label_60,past,470,1939,0.2424
snapshot_sym4_date54_am.csv,label_5,future,1994,1994,1.0
snapshot_sym4_date54_am.csv,label_5,past,820,1994,0.4112
snapshot_sym4_date54_am.csv,label_10,future,1989,1989,1.0
snapshot_sym4_date54_am.csv,label_10,past,807,1989,0.4057
snapshot_sym4_date54_am.csv,label_20,future,1979,1979,1.0
snapshot_sym4_date54_am.csv,label_20,past,606,1979,0.3062
snapshot_sym4_date54_am.csv,label_40,future,1959,1959,1.0
snapshot_sym4_date54_am.csv,label_40,past,496,1959,0.2532
snapshot_sym4_date54_am.csv,label_60,future,1939,1939,1.0
snapshot_sym4_date54_am.csv,label_60,past,529,1939,0.2728
snapshot_sym4_date54_pm.csv,label_5,future,1994,1994,1.0
snapshot_sym4_date54_pm.csv,label_5,past,780,1994,0.3912
snapshot_sym4_date54_pm.csv,label_10,future,1989,1989,1.0
snapshot_sym4_date54_pm.csv,label_10,past,814,1989,0.4093
snapshot_sym4_date54_pm.csv,label_20,future,1979,1979,1.0
snapshot_sym4_date54_pm.csv,label_20,past,611,1979,0.3087
snapshot_sym4_date54_pm.csv,label_40,future,1959,1959,1.0
snapshot_sym4_date54_pm.csv,label_40,past,551,1959,0.2813
snapshot_sym4_date54_pm.csv,label_60,future,1939,1939,1.0
snapshot_sym4_date54_pm.csv,label_60,past,772,1939,0.3981
snapshot_sym4_date55_am.csv,label_5,future,1994,1994,1.0
snapshot_sym4_date55_am.csv,label_5,past,743,1994,0.3726
snapshot_sym4_date55_am.csv,label_10,future,1989,1989,1.0
snapshot_sym4_date55_am.csv,label_10,past,767,1989,0.3856
snapshot_sym4_date55_am.csv,label_20,future,1979,1979,1.0
snapshot_sym4_date55_am.csv,label_20,past,704,1979,0.3557
snapshot_sym4_date55_am.csv,label_40,future,1959,1959,1.0
snapshot_sym4_date55_am.csv,label_40,past,528,1959,0.2695
snapshot_sym4_date55_am.csv,label_60,future,1939,1939,1.0
snapshot_sym4_date55_am.csv,label_60,past,538,1939,0.2775
snapshot_sym4_date55_pm.csv,label_5,future,1994,1994,1.0
snapshot_sym4_date55_pm.csv,label_5,past,725,1994,0.3636
snapshot_sym4_date55_pm.csv,label_10,future,1989,1989,1.0
snapshot_sym4_date55_pm.csv,label_10,past,752,1989,0.3781
snapshot_sym4_date55_pm.csv,label_20,future,1979,1979,1.0
snapshot_sym4_date55_pm.csv,label_20,past,620,1979,0.3133
snapshot_sym4_date55_pm.csv,label_40,future,1959,1959,1.0
snapshot_sym4_date55_pm.csv,label_40,past,528,1959,0.2695
snapshot_sym4_date55_pm.csv,label_60,future,1939,1939,1.0
snapshot_sym4_date55_pm.csv,label_60,past,432,1939,0.2228
snapshot_sym4_date56_am.csv,label_5,future,1994,1994,1.0
snapshot_sym4_date56_am.csv,label_5,past,721,1994,0.3616
snapshot_sym4_date56_am.csv,label_10,future,1989,1989,1.0
snapshot_sym4_date56_am.csv,label_10,past,733,1989,0.3685
snapshot_sym4_date56_am.csv,label_20,future,1979,1979,1.0
snapshot_sym4_date56_am.csv,label_20,past,631,1979,0.3188
snapshot_sym4_date56_am.csv,label_40,future,1959,1959,1.0
snapshot_sym4_date56_am.csv,label_40,past,536,1959,0.2736
snapshot_sym4_date56_am.csv,label_60,future,1939,1939,1.0
snapshot_sym4_date56_am.csv,label_60,past,625,1939,0.3223
snapshot_sym4_date56_pm.csv,label_5,future,1994,1994,1.0
snapshot_sym4_date56_pm.csv,label_5,past,712,1994,0.3571
snapshot_sym4_date56_pm.csv,label_10,future,1989,1989,1.0
snapshot_sym4_date56_pm.csv,label_10,past,775,1989,0.3896
snapshot_sym4_date56_pm.csv,label_20,future,1979,1979,1.0
snapshot_sym4_date56_pm.csv,label_20,past,893,1979,0.4512
snapshot_sym4_date56_pm.csv,label_40,future,1959,1959,1.0
snapshot_sym4_date56_pm.csv,label_40,past,601,1959,0.3068
snapshot_sym4_date56_pm.csv,label_60,future,1939,1939,1.0
snapshot_sym4_date56_pm.csv,label_60,past,457,1939,0.2357
snapshot_sym4_date57_am.csv,label_5,future,1994,1994,1.0
snapshot_sym4_date57_am.csv,label_5,past,956,1994,0.4794
snapshot_sym4_date57_am.csv,label_10,future,1989,1989,1.0
snapshot_sym4_date57_am.csv,label_10,past,1018,1989,0.5118
snapshot_sym4_date57_am.csv,label_20,future,1979,1979,1.0
snapshot_sym4_date57_am.csv,label_20,past,783,1979,0.3957
snapshot_sym4_date57_am.csv,label_40,future,1959,1959,1.0
snapshot_sym4_date57_am.csv,label_40,past,637,1959,0.3252
snapshot_sym4_date57_am.csv,label_60,future,1939,1939,1.0
snapshot_sym4_date57_am.csv,label_60,past,703,1939,0.3626
snapshot_sym4_date57_pm.csv,label_5,future,1994,1994,1.0
snapshot_sym4_date57_pm.csv,label_5,past,828,1994,0.4152
snapshot_sym4_date57_pm.csv,label_10,future,1989,1989,1.0
snapshot_sym4_date57_pm.csv,label_10,past,953,1989,0.4791
snapshot_sym4_date57_pm.csv,label_20,future,1979,1979,1.0
snapshot_sym4_date57_pm.csv,label_20,past,800,1979,0.4042
snapshot_sym4_date57_pm.csv,label_40,future,1959,1959,1.0
snapshot_sym4_date57_pm.csv,label_40,past,586,1959,0.2991
snapshot_sym4_date57_pm.csv,label_60,future,1939,1939,1.0
snapshot_sym4_date57_pm.csv,label_60,past,523,1939,0.2697
snapshot_sym4_date58_am.csv,label_5,future,1994,1994,1.0
snapshot_sym4_date58_am.csv,label_5,past,1003,1994,0.503
snapshot_sym4_date58_am.csv,label_10,future,1989,1989,1.0
snapshot_sym4_date58_am.csv,label_10,past,1030,1989,0.5178
snapshot_sym4_date58_am.csv,label_20,future,1979,1979,1.0
snapshot_sym4_date58_am.csv,label_20,past,722,1979,0.3648
snapshot_sym4_date58_am.csv,label_40,future,1959,1959,1.0
snapshot_sym4_date58_am.csv,label_40,past,611,1959,0.3119
snapshot_sym4_date58_am.csv,label_60,future,1939,1939,1.0
snapshot_sym4_date58_am.csv,label_60,past,479,1939,0.247
snapshot_sym4_date58_pm.csv,label_5,future,1994,1994,1.0
snapshot_sym4_date58_pm.csv,label_5,past,937,1994,0.4699
snapshot_sym4_date58_pm.csv,label_10,future,1989,1989,1.0
snapshot_sym4_date58_pm.csv,label_10,past,1089,1989,0.5475
snapshot_sym4_date58_pm.csv,label_20,future,1979,1979,1.0
snapshot_sym4_date58_pm.csv,label_20,past,808,1979,0.4083
snapshot_sym4_date58_pm.csv,label_40,future,1959,1959,1.0
snapshot_sym4_date58_pm.csv,label_40,past,672,1959,0.343
snapshot_sym4_date58_pm.csv,label_60,future,1939,1939,1.0
snapshot_sym4_date58_pm.csv,label_60,past,667,1939,0.344
snapshot_sym4_date59_am.csv,label_5,future,1994,1994,1.0
snapshot_sym4_date59_am.csv,label_5,past,942,1994,0.4724
snapshot_sym4_date59_am.csv,label_10,future,1989,1989,1.0
snapshot_sym4_date59_am.csv,label_10,past,910,1989,0.4575
snapshot_sym4_date59_am.csv,label_20,future,1979,1979,1.0
snapshot_sym4_date59_am.csv,label_20,past,717,1979,0.3623
snapshot_sym4_date59_am.csv,label_40,future,1959,1959,1.0
snapshot_sym4_date59_am.csv,label_40,past,638,1959,0.3257
snapshot_sym4_date59_am.csv,label_60,future,1939,1939,1.0
snapshot_sym4_date59_am.csv,label_60,past,687,1939,0.3543
snapshot_sym4_date59_pm.csv,label_5,future,1994,1994,1.0
snapshot_sym4_date59_pm.csv,label_5,past,1168,1994,0.5858
snapshot_sym4_date59_pm.csv,label_10,future,1989,1989,1.0
snapshot_sym4_date59_pm.csv,label_10,past,986,1989,0.4957
snapshot_sym4_date59_pm.csv,label_20,future,1979,1979,1.0
snapshot_sym4_date59_pm.csv,label_20,past,803,1979,0.4058
snapshot_sym4_date59_pm.csv,label_40,future,1959,1959,1.0
snapshot_sym4_date59_pm.csv,label_40,past,693,1959,0.3538
snapshot_sym4_date59_pm.csv,label_60,future,1939,1939,1.0
snapshot_sym4_date59_pm.csv,label_60,past,706,1939,0.3641
snapshot_sym4_date5_am.csv,label_5,future,1994,1994,1.0
snapshot_sym4_date5_am.csv,label_5,past,804,1994,0.4032
snapshot_sym4_date5_am.csv,label_10,future,1989,1989,1.0
snapshot_sym4_date5_am.csv,label_10,past,735,1989,0.3695
snapshot_sym4_date5_am.csv,label_20,future,1979,1979,1.0
snapshot_sym4_date5_am.csv,label_20,past,1069,1979,0.5402
snapshot_sym4_date5_am.csv,label_40,future,1959,1959,1.0
snapshot_sym4_date5_am.csv,label_40,past,693,1959,0.3538
snapshot_sym4_date5_am.csv,label_60,future,1939,1939,1.0
snapshot_sym4_date5_am.csv,label_60,past,740,1939,0.3816
snapshot_sym4_date5_pm.csv,label_5,future,1994,1994,1.0
snapshot_sym4_date5_pm.csv,label_5,past,1082,1994,0.5426
snapshot_sym4_date5_pm.csv,label_10,future,1989,1989,1.0
snapshot_sym4_date5_pm.csv,label_10,past,889,1989,0.447
snapshot_sym4_date5_pm.csv,label_20,future,1979,1979,1.0
snapshot_sym4_date5_pm.csv,label_20,past,1493,1979,0.7544
snapshot_sym4_date5_pm.csv,label_40,future,1959,1959,1.0
snapshot_sym4_date5_pm.csv,label_40,past,908,1959,0.4635
snapshot_sym4_date5_pm.csv,label_60,future,1939,1939,1.0
snapshot_sym4_date5_pm.csv,label_60,past,756,1939,0.3899
snapshot_sym4_date60_am.csv,label_5,future,1994,1994,1.0
snapshot_sym4_date60_am.csv,label_5,past,1031,1994,0.5171
snapshot_sym4_date60_am.csv,label_10,future,1989,1989,1.0
snapshot_sym4_date60_am.csv,label_10,past,920,1989,0.4625
snapshot_sym4_date60_am.csv,label_20,future,1979,1979,1.0
snapshot_sym4_date60_am.csv,label_20,past,742,1979,0.3749
snapshot_sym4_date60_am.csv,label_40,future,1959,1959,1.0
snapshot_sym4_date60_am.csv,label_40,past,556,1959,0.2838
snapshot_sym4_date60_am.csv,label_60,future,1939,1939,1.0
snapshot_sym4_date60_am.csv,label_60,past,609,1939,0.3141
snapshot_sym4_date60_pm.csv,label_5,future,1994,1994,1.0
snapshot_sym4_date60_pm.csv,label_5,past,1095,1994,0.5491
snapshot_sym4_date60_pm.csv,label_10,future,1989,1989,1.0
snapshot_sym4_date60_pm.csv,label_10,past,1001,1989,0.5033
snapshot_sym4_date60_pm.csv,label_20,future,1979,1979,1.0
snapshot_sym4_date60_pm.csv,label_20,past,847,1979,0.428
snapshot_sym4_date60_pm.csv,label_40,future,1959,1959,1.0
snapshot_sym4_date60_pm.csv,label_40,past,580,1959,0.2961
snapshot_sym4_date60_pm.csv,label_60,future,1939,1939,1.0
snapshot_sym4_date60_pm.csv,label_60,past,528,1939,0.2723
snapshot_sym4_date61_am.csv,label_5,future,1994,1994,1.0
snapshot_sym4_date61_am.csv,label_5,past,1057,1994,0.5301
snapshot_sym4_date61_am.csv,label_10,future,1989,1989,1.0
snapshot_sym4_date61_am.csv,label_10,past,947,1989,0.4761
snapshot_sym4_date61_am.csv,label_20,future,1979,1979,1.0
snapshot_sym4_date61_am.csv,label_20,past,793,1979,0.4007
snapshot_sym4_date61_am.csv,label_40,future,1959,1959,1.0
snapshot_sym4_date61_am.csv,label_40,past,531,1959,0.2711
snapshot_sym4_date61_am.csv,label_60,future,1939,1939,1.0
snapshot_sym4_date61_am.csv,label_60,past,503,1939,0.2594
snapshot_sym4_date61_pm.csv,label_5,future,1994,1994,1.0
snapshot_sym4_date61_pm.csv,label_5,past,1363,1994,0.6836
snapshot_sym4_date61_pm.csv,label_10,future,1989,1989,1.0
snapshot_sym4_date61_pm.csv,label_10,past,1076,1989,0.541
snapshot_sym4_date61_pm.csv,label_20,future,1979,1979,1.0
snapshot_sym4_date61_pm.csv,label_20,past,1062,1979,0.5366
snapshot_sym4_date61_pm.csv,label_40,future,1959,1959,1.0
snapshot_sym4_date61_pm.csv,label_40,past,624,1959,0.3185
snapshot_sym4_date61_pm.csv,label_60,future,1939,1939,1.0
snapshot_sym4_date61_pm.csv,label_60,past,389,1939,0.2006
snapshot_sym4_date62_am.csv,label_5,future,1994,1994,1.0
snapshot_sym4_date62_am.csv,label_5,past,1173,1994,0.5883
snapshot_sym4_date62_am.csv,label_10,future,1989,1989,1.0
snapshot_sym4_date62_am.csv,label_10,past,980,1989,0.4927
snapshot_sym4_date62_am.csv,label_20,future,1979,1979,1.0
snapshot_sym4_date62_am.csv,label_20,past,825,1979,0.4169
snapshot_sym4_date62_am.csv,label_40,future,1959,1959,1.0
snapshot_sym4_date62_am.csv,label_40,past,569,1959,0.2905
snapshot_sym4_date62_am.csv,label_60,future,1939,1939,1.0
snapshot_sym4_date62_am.csv,label_60,past,597,1939,0.3079
snapshot_sym4_date62_pm.csv,label_5,future,1994,1994,1.0
snapshot_sym4_date62_pm.csv,label_5,past,1065,1994,0.5341
snapshot_sym4_date62_pm.csv,label_10,future,1989,1989,1.0
snapshot_sym4_date62_pm.csv,label_10,past,836,1989,0.4203
snapshot_sym4_date62_pm.csv,label_20,future,1979,1979,1.0
snapshot_sym4_date62_pm.csv,label_20,past,759,1979,0.3835
snapshot_sym4_date62_pm.csv,label_40,future,1959,1959,1.0
snapshot_sym4_date62_pm.csv,label_40,past,661,1959,0.3374
snapshot_sym4_date62_pm.csv,label_60,future,1939,1939,1.0
snapshot_sym4_date62_pm.csv,label_60,past,535,1939,0.2759
snapshot_sym4_date63_am.csv,label_5,future,1994,1994,1.0
snapshot_sym4_date63_am.csv,label_5,past,1185,1994,0.5943
snapshot_sym4_date63_am.csv,label_10,future,1989,1989,1.0
snapshot_sym4_date63_am.csv,label_10,past,876,1989,0.4404
snapshot_sym4_date63_am.csv,label_20,future,1979,1979,1.0
snapshot_sym4_date63_am.csv,label_20,past,728,1979,0.3679
snapshot_sym4_date63_am.csv,label_40,future,1959,1959,1.0
snapshot_sym4_date63_am.csv,label_40,past,573,1959,0.2925
snapshot_sym4_date63_am.csv,label_60,future,1939,1939,1.0
snapshot_sym4_date63_am.csv,label_60,past,541,1939,0.279
snapshot_sym4_date63_pm.csv,label_5,future,1994,1994,1.0
snapshot_sym4_date63_pm.csv,label_5,past,1389,1994,0.6966
snapshot_sym4_date63_pm.csv,label_10,future,1989,1989,1.0
snapshot_sym4_date63_pm.csv,label_10,past,1026,1989,0.5158
snapshot_sym4_date63_pm.csv,label_20,future,1979,1979,1.0
snapshot_sym4_date63_pm.csv,label_20,past,1047,1979,0.5291
snapshot_sym4_date63_pm.csv,label_40,future,1959,1959,1.0
snapshot_sym4_date63_pm.csv,label_40,past,627,1959,0.3201
snapshot_sym4_date63_pm.csv,label_60,future,1939,1939,1.0
snapshot_sym4_date63_pm.csv,label_60,past,518,1939,0.2671
snapshot_sym4_date64_am.csv,label_5,future,1994,1994,1.0
snapshot_sym4_date64_am.csv,label_5,past,805,1994,0.4037
snapshot_sym4_date64_am.csv,label_10,future,1989,1989,1.0
snapshot_sym4_date64_am.csv,label_10,past,815,1989,0.4098
snapshot_sym4_date64_am.csv,label_20,future,1979,1979,1.0
snapshot_sym4_date64_am.csv,label_20,past,742,1979,0.3749
snapshot_sym4_date64_am.csv,label_40,future,1959,1959,1.0
snapshot_sym4_date64_am.csv,label_40,past,615,1959,0.3139
snapshot_sym4_date64_am.csv,label_60,future,1939,1939,1.0
snapshot_sym4_date64_am.csv,label_60,past,637,1939,0.3285
snapshot_sym4_date64_pm.csv,label_5,future,1994,1994,1.0
snapshot_sym4_date64_pm.csv,label_5,past,737,1994,0.3696
snapshot_sym4_date64_pm.csv,label_10,future,1989,1989,1.0
snapshot_sym4_date64_pm.csv,label_10,past,888,1989,0.4465
snapshot_sym4_date64_pm.csv,label_20,future,1979,1979,1.0
snapshot_sym4_date64_pm.csv,label_20,past,1020,1979,0.5154
snapshot_sym4_date64_pm.csv,label_40,future,1959,1959,1.0
snapshot_sym4_date64_pm.csv,label_40,past,764,1959,0.39
snapshot_sym4_date64_pm.csv,label_60,future,1939,1939,1.0
snapshot_sym4_date64_pm.csv,label_60,past,715,1939,0.3687
snapshot_sym4_date65_am.csv,label_5,future,1994,1994,1.0
snapshot_sym4_date65_am.csv,label_5,past,723,1994,0.3626
snapshot_sym4_date65_am.csv,label_10,future,1989,1989,1.0
snapshot_sym4_date65_am.csv,label_10,past,729,1989,0.3665
snapshot_sym4_date65_am.csv,label_20,future,1979,1979,1.0
snapshot_sym4_date65_am.csv,label_20,past,776,1979,0.3921
snapshot_sym4_date65_am.csv,label_40,future,1959,1959,1.0
snapshot_sym4_date65_am.csv,label_40,past,552,1959,0.2818
snapshot_sym4_date65_am.csv,label_60,future,1939,1939,1.0
snapshot_sym4_date65_am.csv,label_60,past,533,1939,0.2749
snapshot_sym4_date65_pm.csv,label_5,future,1994,1994,1.0
snapshot_sym4_date65_pm.csv,label_5,past,773,1994,0.3877
snapshot_sym4_date65_pm.csv,label_10,future,1989,1989,1.0
snapshot_sym4_date65_pm.csv,label_10,past,857,1989,0.4309
snapshot_sym4_date65_pm.csv,label_20,future,1979,1979,1.0
snapshot_sym4_date65_pm.csv,label_20,past,652,1979,0.3295
snapshot_sym4_date65_pm.csv,label_40,future,1959,1959,1.0
snapshot_sym4_date65_pm.csv,label_40,past,622,1959,0.3175
snapshot_sym4_date65_pm.csv,label_60,future,1939,1939,1.0
snapshot_sym4_date65_pm.csv,label_60,past,552,1939,0.2847
snapshot_sym4_date66_am.csv,label_5,future,1994,1994,1.0
snapshot_sym4_date66_am.csv,label_5,past,800,1994,0.4012
snapshot_sym4_date66_am.csv,label_10,future,1989,1989,1.0
snapshot_sym4_date66_am.csv,label_10,past,796,1989,0.4002
snapshot_sym4_date66_am.csv,label_20,future,1979,1979,1.0
snapshot_sym4_date66_am.csv,label_20,past,680,1979,0.3436
snapshot_sym4_date66_am.csv,label_40,future,1959,1959,1.0
snapshot_sym4_date66_am.csv,label_40,past,532,1959,0.2716
snapshot_sym4_date66_am.csv,label_60,future,1939,1939,1.0
snapshot_sym4_date66_am.csv,label_60,past,511,1939,0.2635
snapshot_sym4_date66_pm.csv,label_5,future,1994,1994,1.0
snapshot_sym4_date66_pm.csv,label_5,past,747,1994,0.3746
snapshot_sym4_date66_pm.csv,label_10,future,1989,1989,1.0
snapshot_sym4_date66_pm.csv,label_10,past,677,1989,0.3404
snapshot_sym4_date66_pm.csv,label_20,future,1979,1979,1.0
snapshot_sym4_date66_pm.csv,label_20,past,886,1979,0.4477
snapshot_sym4_date66_pm.csv,label_40,future,1959,1959,1.0
snapshot_sym4_date66_pm.csv,label_40,past,642,1959,0.3277
snapshot_sym4_date66_pm.csv,label_60,future,1939,1939,1.0
snapshot_sym4_date66_pm.csv,label_60,past,607,1939,0.313
snapshot_sym4_date67_am.csv,label_5,future,1994,1994,1.0
snapshot_sym4_date67_am.csv,label_5,past,762,1994,0.3821
snapshot_sym4_date67_am.csv,label_10,future,1989,1989,1.0
snapshot_sym4_date67_am.csv,label_10,past,850,1989,0.4274
snapshot_sym4_date67_am.csv,label_20,future,1979,1979,1.0
snapshot_sym4_date67_am.csv,label_20,past,776,1979,0.3921
snapshot_sym4_date67_am.csv,label_40,future,1959,1959,1.0
snapshot_sym4_date67_am.csv,label_40,past,593,1959,0.3027
snapshot_sym4_date67_am.csv,label_60,future,1939,1939,1.0
snapshot_sym4_date67_am.csv,label_60,past,510,1939,0.263
snapshot_sym4_date67_pm.csv,label_5,future,1994,1994,1.0
snapshot_sym4_date67_pm.csv,label_5,past,777,1994,0.3897
snapshot_sym4_date67_pm.csv,label_10,future,1989,1989,1.0
snapshot_sym4_date67_pm.csv,label_10,past,858,1989,0.4314
snapshot_sym4_date67_pm.csv,label_20,future,1979,1979,1.0
snapshot_sym4_date67_pm.csv,label_20,past,894,1979,0.4517
snapshot_sym4_date67_pm.csv,label_40,future,1959,1959,1.0
snapshot_sym4_date67_pm.csv,label_40,past,685,1959,0.3497
snapshot_sym4_date67_pm.csv,label_60,future,1939,1939,1.0
snapshot_sym4_date67_pm.csv,label_60,past,542,1939,0.2795
snapshot_sym4_date68_am.csv,label_5,future,1994,1994,1.0
snapshot_sym4_date68_am.csv,label_5,past,769,1994,0.3857
snapshot_sym4_date68_am.csv,label_10,future,1989,1989,1.0
snapshot_sym4_date68_am.csv,label_10,past,787,1989,0.3957
snapshot_sym4_date68_am.csv,label_20,future,1979,1979,1.0
snapshot_sym4_date68_am.csv,label_20,past,690,1979,0.3487
snapshot_sym4_date68_am.csv,label_40,future,1959,1959,1.0
snapshot_sym4_date68_am.csv,label_40,past,617,1959,0.315
snapshot_sym4_date68_am.csv,label_60,future,1939,1939,1.0
snapshot_sym4_date68_am.csv,label_60,past,640,1939,0.3301
snapshot_sym4_date68_pm.csv,label_5,future,1994,1994,1.0
snapshot_sym4_date68_pm.csv,label_5,past,777,1994,0.3897
snapshot_sym4_date68_pm.csv,label_10,future,1989,1989,1.0
snapshot_sym4_date68_pm.csv,label_10,past,846,1989,0.4253
snapshot_sym4_date68_pm.csv,label_20,future,1979,1979,1.0
snapshot_sym4_date68_pm.csv,label_20,past,723,1979,0.3653
snapshot_sym4_date68_pm.csv,label_40,future,1959,1959,1.0
snapshot_sym4_date68_pm.csv,label_40,past,459,1959,0.2343
snapshot_sym4_date68_pm.csv,label_60,future,1939,1939,1.0
snapshot_sym4_date68_pm.csv,label_60,past,541,1939,0.279
snapshot_sym4_date69_am.csv,label_5,future,1994,1994,1.0
snapshot_sym4_date69_am.csv,label_5,past,804,1994,0.4032
snapshot_sym4_date69_am.csv,label_10,future,1989,1989,1.0
snapshot_sym4_date69_am.csv,label_10,past,807,1989,0.4057
snapshot_sym4_date69_am.csv,label_20,future,1979,1979,1.0
snapshot_sym4_date69_am.csv,label_20,past,758,1979,0.383
snapshot_sym4_date69_am.csv,label_40,future,1959,1959,1.0
snapshot_sym4_date69_am.csv,label_40,past,658,1959,0.3359
snapshot_sym4_date69_am.csv,label_60,future,1939,1939,1.0
snapshot_sym4_date69_am.csv,label_60,past,630,1939,0.3249
snapshot_sym4_date69_pm.csv,label_5,future,1994,1994,1.0
snapshot_sym4_date69_pm.csv,label_5,past,732,1994,0.3671
snapshot_sym4_date69_pm.csv,label_10,future,1989,1989,1.0
snapshot_sym4_date69_pm.csv,label_10,past,761,1989,0.3826
snapshot_sym4_date69_pm.csv,label_20,future,1979,1979,1.0
snapshot_sym4_date69_pm.csv,label_20,past,823,1979,0.4159
snapshot_sym4_date69_pm.csv,label_40,future,1959,1959,1.0
snapshot_sym4_date69_pm.csv,label_40,past,472,1959,0.2409
snapshot_sym4_date69_pm.csv,label_60,future,1939,1939,1.0
snapshot_sym4_date69_pm.csv,label_60,past,555,1939,0.2862
snapshot_sym4_date6_am.csv,label_5,future,1994,1994,1.0
snapshot_sym4_date6_am.csv,label_5,past,979,1994,0.491
snapshot_sym4_date6_am.csv,label_10,future,1989,1989,1.0
snapshot_sym4_date6_am.csv,label_10,past,784,1989,0.3942
snapshot_sym4_date6_am.csv,label_20,future,1979,1979,1.0
snapshot_sym4_date6_am.csv,label_20,past,1272,1979,0.6427
snapshot_sym4_date6_am.csv,label_40,future,1959,1959,1.0
snapshot_sym4_date6_am.csv,label_40,past,882,1959,0.4502
snapshot_sym4_date6_am.csv,label_60,future,1939,1939,1.0
snapshot_sym4_date6_am.csv,label_60,past,675,1939,0.3481
snapshot_sym4_date6_pm.csv,label_5,future,1994,1994,1.0
snapshot_sym4_date6_pm.csv,label_5,past,1075,1994,0.5391
snapshot_sym4_date6_pm.csv,label_10,future,1989,1989,1.0
snapshot_sym4_date6_pm.csv,label_10,past,829,1989,0.4168
snapshot_sym4_date6_pm.csv,label_20,future,1979,1979,1.0
snapshot_sym4_date6_pm.csv,label_20,past,1569,1979,0.7928
snapshot_sym4_date6_pm.csv,label_40,future,1959,1959,1.0
snapshot_sym4_date6_pm.csv,label_40,past,1027,1959,0.5242
snapshot_sym4_date6_pm.csv,label_60,future,1939,1939,1.0
snapshot_sym4_date6_pm.csv,label_60,past,796,1939,0.4105
snapshot_sym4_date70_am.csv,label_5,future,1994,1994,1.0
snapshot_sym4_date70_am.csv,label_5,past,786,1994,0.3942
snapshot_sym4_date70_am.csv,label_10,future,1989,1989,1.0
snapshot_sym4_date70_am.csv,label_10,past,811,1989,0.4077
snapshot_sym4_date70_am.csv,label_20,future,1979,1979,1.0
snapshot_sym4_date70_am.csv,label_20,past,846,1979,0.4275
snapshot_sym4_date70_am.csv,label_40,future,1959,1959,1.0
snapshot_sym4_date70_am.csv,label_40,past,638,1959,0.3257
snapshot_sym4_date70_am.csv,label_60,future,1939,1939,1.0
snapshot_sym4_date70_am.csv,label_60,past,519,1939,0.2677
snapshot_sym4_date70_pm.csv,label_5,future,1994,1994,1.0
snapshot_sym4_date70_pm.csv,label_5,past,838,1994,0.4203
snapshot_sym4_date70_pm.csv,label_10,future,1989,1989,1.0
snapshot_sym4_date70_pm.csv,label_10,past,789,1989,0.3967
snapshot_sym4_date70_pm.csv,label_20,future,1979,1979,1.0
snapshot_sym4_date70_pm.csv,label_20,past,1091,1979,0.5513
snapshot_sym4_date70_pm.csv,label_40,future,1959,1959,1.0
snapshot_sym4_date70_pm.csv,label_40,past,795,1959,0.4058
snapshot_sym4_date70_pm.csv,label_60,future,1939,1939,1.0
snapshot_sym4_date70_pm.csv,label_60,past,543,1939,0.28
snapshot_sym4_date71_am.csv,label_5,future,1994,1994,1.0
snapshot_sym4_date71_am.csv,label_5,past,769,1994,0.3857
snapshot_sym4_date71_am.csv,label_10,future,1989,1989,1.0
snapshot_sym4_date71_am.csv,label_10,past,860,1989,0.4324
snapshot_sym4_date71_am.csv,label_20,future,1979,1979,1.0
snapshot_sym4_date71_am.csv,label_20,past,812,1979,0.4103
snapshot_sym4_date71_am.csv,label_40,future,1959,1959,1.0
snapshot_sym4_date71_am.csv,label_40,past,548,1959,0.2797
snapshot_sym4_date71_am.csv,label_60,future,1939,1939,1.0
snapshot_sym4_date71_am.csv,label_60,past,528,1939,0.2723
snapshot_sym4_date71_pm.csv,label_5,future,1994,1994,1.0
snapshot_sym4_date71_pm.csv,label_5,past,745,1994,0.3736
snapshot_sym4_date71_pm.csv,label_10,future,1989,1989,1.0
snapshot_sym4_date71_pm.csv,label_10,past,744,1989,0.3741
snapshot_sym4_date71_pm.csv,label_20,future,1979,1979,1.0
snapshot_sym4_date71_pm.csv,label_20,past,983,1979,0.4967
snapshot_sym4_date71_pm.csv,label_40,future,1959,1959,1.0
snapshot_sym4_date71_pm.csv,label_40,past,516,1959,0.2634
snapshot_sym4_date71_pm.csv,label_60,future,1939,1939,1.0
snapshot_sym4_date71_pm.csv,label_60,past,430,1939,0.2218
snapshot_sym4_date72_am.csv,label_5,future,1994,1994,1.0
snapshot_sym4_date72_am.csv,label_5,past,746,1994,0.3741
snapshot_sym4_date72_am.csv,label_10,future,1989,1989,1.0
snapshot_sym4_date72_am.csv,label_10,past,833,1989,0.4188
snapshot_sym4_date72_am.csv,label_20,future,1979,1979,1.0
snapshot_sym4_date72_am.csv,label_20,past,756,1979,0.382
snapshot_sym4_date72_am.csv,label_40,future,1959,1959,1.0
snapshot_sym4_date72_am.csv,label_40,past,624,1959,0.3185
snapshot_sym4_date72_am.csv,label_60,future,1939,1939,1.0
snapshot_sym4_date72_am.csv,label_60,past,524,1939,0.2702
snapshot_sym4_date72_pm.csv,label_5,future,1994,1994,1.0
snapshot_sym4_date72_pm.csv,label_5,past,780,1994,0.3912
snapshot_sym4_date72_pm.csv,label_10,future,1989,1989,1.0
snapshot_sym4_date72_pm.csv,label_10,past,773,1989,0.3886
snapshot_sym4_date72_pm.csv,label_20,future,1979,1979,1.0
snapshot_sym4_date72_pm.csv,label_20,past,847,1979,0.428
snapshot_sym4_date72_pm.csv,label_40,future,1959,1959,1.0
snapshot_sym4_date72_pm.csv,label_40,past,619,1959,0.316
snapshot_sym4_date72_pm.csv,label_60,future,1939,1939,1.0
snapshot_sym4_date72_pm.csv,label_60,past,643,1939,0.3316
snapshot_sym4_date73_am.csv,label_5,future,1994,1994,1.0
snapshot_sym4_date73_am.csv,label_5,past,769,1994,0.3857
snapshot_sym4_date73_am.csv,label_10,future,1989,1989,1.0
snapshot_sym4_date73_am.csv,label_10,past,795,1989,0.3997
snapshot_sym4_date73_am.csv,label_20,future,1979,1979,1.0
snapshot_sym4_date73_am.csv,label_20,past,609,1979,0.3077
snapshot_sym4_date73_am.csv,label_40,future,1959,1959,1.0
snapshot_sym4_date73_am.csv,label_40,past,559,1959,0.2853
snapshot_sym4_date73_am.csv,label_60,future,1939,1939,1.0
snapshot_sym4_date73_am.csv,label_60,past,740,1939,0.3816
snapshot_sym4_date73_pm.csv,label_5,future,1994,1994,1.0
snapshot_sym4_date73_pm.csv,label_5,past,785,1994,0.3937
snapshot_sym4_date73_pm.csv,label_10,future,1989,1989,1.0
snapshot_sym4_date73_pm.csv,label_10,past,864,1989,0.4344
snapshot_sym4_date73_pm.csv,label_20,future,1979,1979,1.0
snapshot_sym4_date73_pm.csv,label_20,past,829,1979,0.4189
snapshot_sym4_date73_pm.csv,label_40,future,1959,1959,1.0
snapshot_sym4_date73_pm.csv,label_40,past,710,1959,0.3624
snapshot_sym4_date73_pm.csv,label_60,future,1939,1939,1.0
snapshot_sym4_date73_pm.csv,label_60,past,780,1939,0.4023
snapshot_sym4_date74_am.csv,label_5,future,1994,1994,1.0
snapshot_sym4_date74_am.csv,label_5,past,746,1994,0.3741
snapshot_sym4_date74_am.csv,label_10,future,1989,1989,1.0
snapshot_sym4_date74_am.csv,label_10,past,756,1989,0.3801
snapshot_sym4_date74_am.csv,label_20,future,1979,1979,1.0
snapshot_sym4_date74_am.csv,label_20,past,769,1979,0.3886
snapshot_sym4_date74_am.csv,label_40,future,1959,1959,1.0
snapshot_sym4_date74_am.csv,label_40,past,522,1959,0.2665
snapshot_sym4_date74_am.csv,label_60,future,1939,1939,1.0
snapshot_sym4_date74_am.csv,label_60,past,478,1939,0.2465
snapshot_sym4_date74_pm.csv,label_5,future,1994,1994,1.0
snapshot_sym4_date74_pm.csv,label_5,past,773,1994,0.3877
snapshot_sym4_date74_pm.csv,label_10,future,1989,1989,1.0
snapshot_sym4_date74_pm.csv,label_10,past,751,1989,0.3776
snapshot_sym4_date74_pm.csv,label_20,future,1979,1979,1.0
snapshot_sym4_date74_pm.csv,label_20,past,844,1979,0.4265
snapshot_sym4_date74_pm.csv,label_40,future,1959,1959,1.0
snapshot_sym4_date74_pm.csv,label_40,past,595,1959,0.3037
snapshot_sym4_date74_pm.csv,label_60,future,1939,1939,1.0
snapshot_sym4_date74_pm.csv,label_60,past,478,1939,0.2465
snapshot_sym4_date75_am.csv,label_5,future,1994,1994,1.0
snapshot_sym4_date75_am.csv,label_5,past,791,1994,0.3967
snapshot_sym4_date75_am.csv,label_10,future,1989,1989,1.0
snapshot_sym4_date75_am.csv,label_10,past,774,1989,0.3891
snapshot_sym4_date75_am.csv,label_20,future,1979,1979,1.0
snapshot_sym4_date75_am.csv,label_20,past,728,1979,0.3679
snapshot_sym4_date75_am.csv,label_40,future,1959,1959,1.0
snapshot_sym4_date75_am.csv,label_40,past,538,1959,0.2746
snapshot_sym4_date75_am.csv,label_60,future,1939,1939,1.0
snapshot_sym4_date75_am.csv,label_60,past,546,1939,0.2816
snapshot_sym4_date75_pm.csv,label_5,future,1994,1994,1.0
snapshot_sym4_date75_pm.csv,label_5,past,782,1994,0.3922
snapshot_sym4_date75_pm.csv,label_10,future,1989,1989,1.0
snapshot_sym4_date75_pm.csv,label_10,past,801,1989,0.4027
snapshot_sym4_date75_pm.csv,label_20,future,1979,1979,1.0
snapshot_sym4_date75_pm.csv,label_20,past,735,1979,0.3714
snapshot_sym4_date75_pm.csv,label_40,future,1959,1959,1.0
snapshot_sym4_date75_pm.csv,label_40,past,672,1959,0.343
snapshot_sym4_date75_pm.csv,label_60,future,1939,1939,1.0
snapshot_sym4_date75_pm.csv,label_60,past,683,1939,0.3522
snapshot_sym4_date76_am.csv,label_5,future,1994,1994,1.0
snapshot_sym4_date76_am.csv,label_5,past,730,1994,0.3661
snapshot_sym4_date76_am.csv,label_10,future,1989,1989,1.0
snapshot_sym4_date76_am.csv,label_10,past,748,1989,0.3761
snapshot_sym4_date76_am.csv,label_20,future,1979,1979,1.0
snapshot_sym4_date76_am.csv,label_20,past,685,1979,0.3461
snapshot_sym4_date76_am.csv,label_40,future,1959,1959,1.0
snapshot_sym4_date76_am.csv,label_40,past,495,1959,0.2527
snapshot_sym4_date76_am.csv,label_60,future,1939,1939,1.0
snapshot_sym4_date76_am.csv,label_60,past,514,1939,0.2651
snapshot_sym4_date76_pm.csv,label_5,future,1994,1994,1.0
snapshot_sym4_date76_pm.csv,label_5,past,854,1994,0.4283
snapshot_sym4_date76_pm.csv,label_10,future,1989,1989,1.0
snapshot_sym4_date76_pm.csv,label_10,past,847,1989,0.4258
snapshot_sym4_date76_pm.csv,label_20,future,1979,1979,1.0
snapshot_sym4_date76_pm.csv,label_20,past,732,1979,0.3699
snapshot_sym4_date76_pm.csv,label_40,future,1959,1959,1.0
snapshot_sym4_date76_pm.csv,label_40,past,583,1959,0.2976
snapshot_sym4_date76_pm.csv,label_60,future,1939,1939,1.0
snapshot_sym4_date76_pm.csv,label_60,past,647,1939,0.3337
snapshot_sym4_date77_am.csv,label_5,future,1994,1994,1.0
snapshot_sym4_date77_am.csv,label_5,past,940,1994,0.4714
snapshot_sym4_date77_am.csv,label_10,future,1989,1989,1.0
snapshot_sym4_date77_am.csv,label_10,past,1048,1989,0.5269
snapshot_sym4_date77_am.csv,label_20,future,1979,1979,1.0
snapshot_sym4_date77_am.csv,label_20,past,798,1979,0.4032
snapshot_sym4_date77_am.csv,label_40,future,1959,1959,1.0
snapshot_sym4_date77_am.csv,label_40,past,656,1959,0.3349
snapshot_sym4_date77_am.csv,label_60,future,1939,1939,1.0
snapshot_sym4_date77_am.csv,label_60,past,675,1939,0.3481
snapshot_sym4_date77_pm.csv,label_5,future,1994,1994,1.0
snapshot_sym4_date77_pm.csv,label_5,past,838,1994,0.4203
snapshot_sym4_date77_pm.csv,label_10,future,1989,1989,1.0
snapshot_sym4_date77_pm.csv,label_10,past,988,1989,0.4967
snapshot_sym4_date77_pm.csv,label_20,future,1979,1979,1.0
snapshot_sym4_date77_pm.csv,label_20,past,854,1979,0.4315
snapshot_sym4_date77_pm.csv,label_40,future,1959,1959,1.0
snapshot_sym4_date77_pm.csv,label_40,past,636,1959,0.3247
snapshot_sym4_date77_pm.csv,label_60,future,1939,1939,1.0
snapshot_sym4_date77_pm.csv,label_60,past,647,1939,0.3337
snapshot_sym4_date78_am.csv,label_5,future,1994,1994,1.0
snapshot_sym4_date78_am.csv,label_5,past,745,1994,0.3736
snapshot_sym4_date78_am.csv,label_10,future,1989,1989,1.0
snapshot_sym4_date78_am.csv,label_10,past,817,1989,0.4108
snapshot_sym4_date78_am.csv,label_20,future,1979,1979,1.0
snapshot_sym4_date78_am.csv,label_20,past,848,1979,0.4285
snapshot_sym4_date78_am.csv,label_40,future,1959,1959,1.0
snapshot_sym4_date78_am.csv,label_40,past,622,1959,0.3175
snapshot_sym4_date78_am.csv,label_60,future,1939,1939,1.0
snapshot_sym4_date78_am.csv,label_60,past,568,1939,0.2929
snapshot_sym4_date78_pm.csv,label_5,future,1994,1994,1.0
snapshot_sym4_date78_pm.csv,label_5,past,739,1994,0.3706
snapshot_sym4_date78_pm.csv,label_10,future,1989,1989,1.0
snapshot_sym4_date78_pm.csv,label_10,past,779,1989,0.3917
snapshot_sym4_date78_pm.csv,label_20,future,1979,1979,1.0
snapshot_sym4_date78_pm.csv,label_20,past,854,1979,0.4315
snapshot_sym4_date78_pm.csv,label_40,future,1959,1959,1.0
snapshot_sym4_date78_pm.csv,label_40,past,570,1959,0.291
snapshot_sym4_date78_pm.csv,label_60,future,1939,1939,1.0
snapshot_sym4_date78_pm.csv,label_60,past,543,1939,0.28
snapshot_sym4_date7_am.csv,label_5,future,1994,1994,1.0
snapshot_sym4_date7_am.csv,label_5,past,1010,1994,0.5065
snapshot_sym4_date7_am.csv,label_10,future,1989,1989,1.0
snapshot_sym4_date7_am.csv,label_10,past,825,1989,0.4148
snapshot_sym4_date7_am.csv,label_20,future,1979,1979,1.0
snapshot_sym4_date7_am.csv,label_20,past,1235,1979,0.6241
snapshot_sym4_date7_am.csv,label_40,future,1959,1959,1.0
snapshot_sym4_date7_am.csv,label_40,past,817,1959,0.417
snapshot_sym4_date7_am.csv,label_60,future,1939,1939,1.0
snapshot_sym4_date7_am.csv,label_60,past,583,1939,0.3007
snapshot_sym4_date7_pm.csv,label_5,future,1994,1994,1.0
snapshot_sym4_date7_pm.csv,label_5,past,1177,1994,0.5903
snapshot_sym4_date7_pm.csv,label_10,future,1989,1989,1.0
snapshot_sym4_date7_pm.csv,label_10,past,936,1989,0.4706
snapshot_sym4_date7_pm.csv,label_20,future,1979,1979,1.0
snapshot_sym4_date7_pm.csv,label_20,past,1548,1979,0.7822
snapshot_sym4_date7_pm.csv,label_40,future,1959,1959,1.0
snapshot_sym4_date7_pm.csv,label_40,past,1087,1959,0.5549
snapshot_sym4_date7_pm.csv,label_60,future,1939,1939,1.0
snapshot_sym4_date7_pm.csv,label_60,past,968,1939,0.4992
snapshot_sym4_date8_am.csv,label_5,future,1994,1994,1.0
snapshot_sym4_date8_am.csv,label_5,past,926,1994,0.4644
snapshot_sym4_date8_am.csv,label_10,future,1989,1989,1.0
snapshot_sym4_date8_am.csv,label_10,past,749,1989,0.3766
snapshot_sym4_date8_am.csv,label_20,future,1979,1979,1.0
snapshot_sym4_date8_am.csv,label_20,past,1235,1979,0.6241
snapshot_sym4_date8_am.csv,label_40,future,1959,1959,1.0
snapshot_sym4_date8_am.csv,label_40,past,787,1959,0.4017
snapshot_sym4_date8_am.csv,label_60,future,1939,1939,1.0
snapshot_sym4_date8_am.csv,label_60,past,699,1939,0.3605
snapshot_sym4_date8_pm.csv,label_5,future,1994,1994,1.0
snapshot_sym4_date8_pm.csv,label_5,past,1292,1994,0.6479
snapshot_sym4_date8_pm.csv,label_10,future,1989,1989,1.0
snapshot_sym4_date8_pm.csv,label_10,past,1043,1989,0.5244
snapshot_sym4_date8_pm.csv,label_20,future,1979,1979,1.0
snapshot_sym4_date8_pm.csv,label_20,past,1653,1979,0.8353
snapshot_sym4_date8_pm.csv,label_40,future,1959,1959,1.0
snapshot_sym4_date8_pm.csv,label_40,past,1377,1959,0.7029
snapshot_sym4_date8_pm.csv,label_60,future,1939,1939,1.0
snapshot_sym4_date8_pm.csv,label_60,past,1137,1939,0.5864
snapshot_sym4_date9_am.csv,label_5,future,1994,1994,1.0
snapshot_sym4_date9_am.csv,label_5,past,1045,1994,0.5241
snapshot_sym4_date9_am.csv,label_10,future,1989,1989,1.0
snapshot_sym4_date9_am.csv,label_10,past,835,1989,0.4198
snapshot_sym4_date9_am.csv,label_20,future,1979,1979,1.0
snapshot_sym4_date9_am.csv,label_20,past,1357,1979,0.6857
snapshot_sym4_date9_am.csv,label_40,future,1959,1959,1.0
snapshot_sym4_date9_am.csv,label_40,past,950,1959,0.4849
snapshot_sym4_date9_am.csv,label_60,future,1939,1939,1.0
snapshot_sym4_date9_am.csv,label_60,past,992,1939,0.5116
snapshot_sym4_date9_pm.csv,label_5,future,1994,1994,1.0
snapshot_sym4_date9_pm.csv,label_5,past,930,1994,0.4664
snapshot_sym4_date9_pm.csv,label_10,future,1989,1989,1.0
snapshot_sym4_date9_pm.csv,label_10,past,796,1989,0.4002
snapshot_sym4_date9_pm.csv,label_20,future,1979,1979,1.0
snapshot_sym4_date9_pm.csv,label_20,past,1426,1979,0.7206
snapshot_sym4_date9_pm.csv,label_40,future,1959,1959,1.0
snapshot_sym4_date9_pm.csv,label_40,past,861,1959,0.4395
snapshot_sym4_date9_pm.csv,label_60,future,1939,1939,1.0
snapshot_sym4_date9_pm.csv,label_60,past,695,1939,0.3584
snapshot_sym5_date10_am.csv,label_5,future,1994,1994,1.0
snapshot_sym5_date10_am.csv,label_5,past,809,1994,0.4057
snapshot_sym5_date10_am.csv,label_10,future,1989,1989,1.0
snapshot_sym5_date10_am.csv,label_10,past,677,1989,0.3404
snapshot_sym5_date10_am.csv,label_20,future,1979,1979,1.0
snapshot_sym5_date10_am.csv,label_20,past,810,1979,0.4093
snapshot_sym5_date10_am.csv,label_40,future,1959,1959,1.0
snapshot_sym5_date10_am.csv,label_40,past,795,1959,0.4058
snapshot_sym5_date10_am.csv,label_60,future,1939,1939,1.0
snapshot_sym5_date10_am.csv,label_60,past,687,1939,0.3543
snapshot_sym5_date10_pm.csv,label_5,future,1994,1994,1.0
snapshot_sym5_date10_pm.csv,label_5,past,927,1994,0.4649
snapshot_sym5_date10_pm.csv,label_10,future,1989,1989,1.0
snapshot_sym5_date10_pm.csv,label_10,past,805,1989,0.4047
snapshot_sym5_date10_pm.csv,label_20,future,1979,1979,1.0
snapshot_sym5_date10_pm.csv,label_20,past,730,1979,0.3689
snapshot_sym5_date10_pm.csv,label_40,future,1959,1959,1.0
snapshot_sym5_date10_pm.csv,label_40,past,711,1959,0.3629
snapshot_sym5_date10_pm.csv,label_60,future,1939,1939,1.0
snapshot_sym5_date10_pm.csv,label_60,past,620,1939,0.3198
snapshot_sym5_date11_am.csv,label_5,future,1994,1994,1.0
snapshot_sym5_date11_am.csv,label_5,past,884,1994,0.4433
snapshot_sym5_date11_am.csv,label_10,future,1989,1989,1.0
snapshot_sym5_date11_am.csv,label_10,past,767,1989,0.3856
snapshot_sym5_date11_am.csv,label_20,future,1979,1979,1.0
snapshot_sym5_date11_am.csv,label_20,past,752,1979,0.38
snapshot_sym5_date11_am.csv,label_40,future,1959,1959,1.0
snapshot_sym5_date11_am.csv,label_40,past,640,1959,0.3267
snapshot_sym5_date11_am.csv,label_60,future,1939,1939,1.0
snapshot_sym5_date11_am.csv,label_60,past,608,1939,0.3136
snapshot_sym5_date11_pm.csv,label_5,future,1994,1994,1.0
snapshot_sym5_date11_pm.csv,label_5,past,1025,1994,0.514
snapshot_sym5_date11_pm.csv,label_10,future,1989,1989,1.0
snapshot_sym5_date11_pm.csv,label_10,past,832,1989,0.4183
snapshot_sym5_date11_pm.csv,label_20,future,1979,1979,1.0
snapshot_sym5_date11_pm.csv,label_20,past,733,1979,0.3704
snapshot_sym5_date11_pm.csv,label_40,future,1959,1959,1.0
snapshot_sym5_date11_pm.csv,label_40,past,574,1959,0.293
snapshot_sym5_date11_pm.csv,label_60,future,1939,1939,1.0
snapshot_sym5_date11_pm.csv,label_60,past,518,1939,0.2671
snapshot_sym5_date12_am.csv,label_5,future,1994,1994,1.0
snapshot_sym5_date12_am.csv,label_5,past,816,1994,0.4092
snapshot_sym5_date12_am.csv,label_10,future,1989,1989,1.0
snapshot_sym5_date12_am.csv,label_10,past,761,1989,0.3826
snapshot_sym5_date12_am.csv,label_20,future,1979,1979,1.0
snapshot_sym5_date12_am.csv,label_20,past,786,1979,0.3972
snapshot_sym5_date12_am.csv,label_40,future,1959,1959,1.0
snapshot_sym5_date12_am.csv,label_40,past,646,1959,0.3298
snapshot_sym5_date12_am.csv,label_60,future,1939,1939,1.0
snapshot_sym5_date12_am.csv,label_60,past,680,1939,0.3507
snapshot_sym5_date12_pm.csv,label_5,future,1994,1994,1.0
snapshot_sym5_date12_pm.csv,label_5,past,826,1994,0.4142
snapshot_sym5_date12_pm.csv,label_10,future,1989,1989,1.0
snapshot_sym5_date12_pm.csv,label_10,past,687,1989,0.3454
snapshot_sym5_date12_pm.csv,label_20,future,1979,1979,1.0
snapshot_sym5_date12_pm.csv,label_20,past,593,1979,0.2996
snapshot_sym5_date12_pm.csv,label_40,future,1959,1959,1.0
snapshot_sym5_date12_pm.csv,label_40,past,605,1959,0.3088
snapshot_sym5_date12_pm.csv,label_60,future,1939,1939,1.0
snapshot_sym5_date12_pm.csv,label_60,past,608,1939,0.3136
snapshot_sym5_date16_am.csv,label_5,future,1994,1994,1.0
snapshot_sym5_date16_am.csv,label_5,past,813,1994,0.4077
snapshot_sym5_date16_am.csv,label_10,future,1989,1989,1.0
snapshot_sym5_date16_am.csv,label_10,past,781,1989,0.3927
snapshot_sym5_date16_am.csv,label_20,future,1979,1979,1.0
snapshot_sym5_date16_am.csv,label_20,past,735,1979,0.3714
snapshot_sym5_date16_am.csv,label_40,future,1959,1959,1.0
snapshot_sym5_date16_am.csv,label_40,past,637,1959,0.3252
snapshot_sym5_date16_am.csv,label_60,future,1939,1939,1.0
snapshot_sym5_date16_am.csv,label_60,past,662,1939,0.3414
snapshot_sym5_date16_pm.csv,label_5,future,1994,1994,1.0
snapshot_sym5_date16_pm.csv,label_5,past,969,1994,0.486
snapshot_sym5_date16_pm.csv,label_10,future,1989,1989,1.0
snapshot_sym5_date16_pm.csv,label_10,past,712,1989,0.358
snapshot_sym5_date16_pm.csv,label_20,future,1979,1979,1.0
snapshot_sym5_date16_pm.csv,label_20,past,726,1979,0.3669
snapshot_sym5_date16_pm.csv,label_40,future,1959,1959,1.0
snapshot_sym5_date16_pm.csv,label_40,past,578,1959,0.295
snapshot_sym5_date16_pm.csv,label_60,future,1939,1939,1.0
snapshot_sym5_date16_pm.csv,label_60,past,563,1939,0.2904
snapshot_sym5_date17_am.csv,label_5,future,1994,1994,1.0
snapshot_sym5_date17_am.csv,label_5,past,826,1994,0.4142
snapshot_sym5_date17_am.csv,label_10,future,1989,1989,1.0
snapshot_sym5_date17_am.csv,label_10,past,849,1989,0.4268
snapshot_sym5_date17_am.csv,label_20,future,1979,1979,1.0
snapshot_sym5_date17_am.csv,label_20,past,727,1979,0.3674
snapshot_sym5_date17_am.csv,label_40,future,1959,1959,1.0
snapshot_sym5_date17_am.csv,label_40,past,639,1959,0.3262
snapshot_sym5_date17_am.csv,label_60,future,1939,1939,1.0
snapshot_sym5_date17_am.csv,label_60,past,862,1939,0.4446
snapshot_sym5_date17_pm.csv,label_5,future,1994,1994,1.0
snapshot_sym5_date17_pm.csv,label_5,past,745,1994,0.3736
snapshot_sym5_date17_pm.csv,label_10,future,1989,1989,1.0
snapshot_sym5_date17_pm.csv,label_10,past,641,1989,0.3223
snapshot_sym5_date17_pm.csv,label_20,future,1979,1979,1.0
snapshot_sym5_date17_pm.csv,label_20,past,659,1979,0.333
snapshot_sym5_date17_pm.csv,label_40,future,1959,1959,1.0
snapshot_sym5_date17_pm.csv,label_40,past,685,1959,0.3497
snapshot_sym5_date17_pm.csv,label_60,future,1939,1939,1.0
snapshot_sym5_date17_pm.csv,label_60,past,634,1939,0.327
snapshot_sym5_date18_am.csv,label_5,future,1994,1994,1.0
snapshot_sym5_date18_am.csv,label_5,past,770,1994,0.3862
snapshot_sym5_date18_am.csv,label_10,future,1989,1989,1.0
snapshot_sym5_date18_am.csv,label_10,past,781,1989,0.3927
snapshot_sym5_date18_am.csv,label_20,future,1979,1979,1.0
snapshot_sym5_date18_am.csv,label_20,past,659,1979,0.333
snapshot_sym5_date18_am.csv,label_40,future,1959,1959,1.0
snapshot_sym5_date18_am.csv,label_40,past,709,1959,0.3619
snapshot_sym5_date18_am.csv,label_60,future,1939,1939,1.0
snapshot_sym5_date18_am.csv,label_60,past,663,1939,0.3419
snapshot_sym5_date18_pm.csv,label_5,future,1994,1994,1.0
snapshot_sym5_date18_pm.csv,label_5,past,943,1994,0.4729
snapshot_sym5_date18_pm.csv,label_10,future,1989,1989,1.0
snapshot_sym5_date18_pm.csv,label_10,past,760,1989,0.3821
snapshot_sym5_date18_pm.csv,label_20,future,1979,1979,1.0
snapshot_sym5_date18_pm.csv,label_20,past,651,1979,0.329
snapshot_sym5_date18_pm.csv,label_40,future,1959,1959,1.0
snapshot_sym5_date18_pm.csv,label_40,past,706,1959,0.3604
snapshot_sym5_date18_pm.csv,label_60,future,1939,1939,1.0
snapshot_sym5_date18_pm.csv,label_60,past,709,1939,0.3657
snapshot_sym5_date19_am.csv,label_5,future,1994,1994,1.0
snapshot_sym5_date19_am.csv,label_5,past,808,1994,0.4052
snapshot_sym5_date19_am.csv,label_10,future,1989,1989,1.0
snapshot_sym5_date19_am.csv,label_10,past,798,1989,0.4012
snapshot_sym5_date19_am.csv,label_20,future,1979,1979,1.0
snapshot_sym5_date19_am.csv,label_20,past,773,1979,0.3906
snapshot_sym5_date19_am.csv,label_40,future,1959,1959,1.0
snapshot_sym5_date19_am.csv,label_40,past,799,1959,0.4079
snapshot_sym5_date19_am.csv,label_60,future,1939,1939,1.0
snapshot_sym5_date19_am.csv,label_60,past,761,1939,0.3925
snapshot_sym5_date19_pm.csv,label_5,future,1994,1994,1.0
snapshot_sym5_date19_pm.csv,label_5,past,953,1994,0.4779
snapshot_sym5_date19_pm.csv,label_10,future,1989,1989,1.0
snapshot_sym5_date19_pm.csv,label_10,past,734,1989,0.369
snapshot_sym5_date19_pm.csv,label_20,future,1979,1979,1.0
snapshot_sym5_date19_pm.csv,label_20,past,705,1979,0.3562
snapshot_sym5_date19_pm.csv,label_40,future,1959,1959,1.0
snapshot_sym5_date19_pm.csv,label_40,past,647,1959,0.3303
snapshot_sym5_date19_pm.csv,label_60,future,1939,1939,1.0
snapshot_sym5_date19_pm.csv,label_60,past,699,1939,0.3605
snapshot_sym5_date20_am.csv,label_5,future,1994,1994,1.0
snapshot_sym5_date20_am.csv,label_5,past,939,1994,0.4709
snapshot_sym5_date20_am.csv,label_10,future,1989,1989,1.0
snapshot_sym5_date20_am.csv,label_10,past,736,1989,0.37
snapshot_sym5_date20_am.csv,label_20,future,1979,1979,1.0
snapshot_sym5_date20_am.csv,label_20,past,658,1979,0.3325
snapshot_sym5_date20_am.csv,label_40,future,1959,1959,1.0
snapshot_sym5_date20_am.csv,label_40,past,545,1959,0.2782
snapshot_sym5_date20_am.csv,label_60,future,1939,1939,1.0
snapshot_sym5_date20_am.csv,label_60,past,566,1939,0.2919
snapshot_sym5_date20_pm.csv,label_5,future,1994,1994,1.0
snapshot_sym5_date20_pm.csv,label_5,past,885,1994,0.4438
snapshot_sym5_date20_pm.csv,label_10,future,1989,1989,1.0
snapshot_sym5_date20_pm.csv,label_10,past,722,1989,0.363
snapshot_sym5_date20_pm.csv,label_20,future,1979,1979,1.0
snapshot_sym5_date20_pm.csv,label_20,past,608,1979,0.3072
snapshot_sym5_date20_pm.csv,label_40,future,1959,1959,1.0
snapshot_sym5_date20_pm.csv,label_40,past,599,1959,0.3058
snapshot_sym5_date20_pm.csv,label_60,future,1939,1939,1.0
snapshot_sym5_date20_pm.csv,label_60,past,714,1939,0.3682
snapshot_sym5_date21_am.csv,label_5,future,1994,1994,1.0
snapshot_sym5_date21_am.csv,label_5,past,752,1994,0.3771
snapshot_sym5_date21_am.csv,label_10,future,1989,1989,1.0
snapshot_sym5_date21_am.csv,label_10,past,717,1989,0.3605
snapshot_sym5_date21_am.csv,label_20,future,1979,1979,1.0
snapshot_sym5_date21_am.csv,label_20,past,857,1979,0.433
snapshot_sym5_date21_am.csv,label_40,future,1959,1959,1.0
snapshot_sym5_date21_am.csv,label_40,past,635,1959,0.3241
snapshot_sym5_date21_am.csv,label_60,future,1939,1939,1.0
snapshot_sym5_date21_am.csv,label_60,past,611,1939,0.3151
snapshot_sym5_date21_pm.csv,label_5,future,1994,1994,1.0
snapshot_sym5_date21_pm.csv,label_5,past,778,1994,0.3902
snapshot_sym5_date21_pm.csv,label_10,future,1989,1989,1.0
snapshot_sym5_date21_pm.csv,label_10,past,760,1989,0.3821
snapshot_sym5_date21_pm.csv,label_20,future,1979,1979,1.0
snapshot_sym5_date21_pm.csv,label_20,past,855,1979,0.432
snapshot_sym5_date21_pm.csv,label_40,future,1959,1959,1.0
snapshot_sym5_date21_pm.csv,label_40,past,857,1959,0.4375
snapshot_sym5_date21_pm.csv,label_60,future,1939,1939,1.0
snapshot_sym5_date21_pm.csv,label_60,past,787,1939,0.4059
snapshot_sym5_date22_am.csv,label_5,future,1994,1994,1.0
snapshot_sym5_date22_am.csv,label_5,past,677,1994,0.3395
snapshot_sym5_date22_am.csv,label_10,future,1989,1989,1.0
snapshot_sym5_date22_am.csv,label_10,past,607,1989,0.3052
snapshot_sym5_date22_am.csv,label_20,future,1979,1979,1.0
snapshot_sym5_date22_am.csv,label_20,past,710,1979,0.3588
snapshot_sym5_date22_am.csv,label_40,future,1959,1959,1.0
snapshot_sym5_date22_am.csv,label_40,past,639,1959,0.3262
snapshot_sym5_date22_am.csv,label_60,future,1939,1939,1.0
snapshot_sym5_date22_am.csv,label_60,past,581,1939,0.2996
snapshot_sym5_date22_pm.csv,label_5,future,1994,1994,1.0
snapshot_sym5_date22_pm.csv,label_5,past,1123,1994,0.5632
snapshot_sym5_date22_pm.csv,label_10,future,1989,1989,1.0
snapshot_sym5_date22_pm.csv,label_10,past,967,1989,0.4862
snapshot_sym5_date22_pm.csv,label_20,future,1979,1979,1.0
snapshot_sym5_date22_pm.csv,label_20,past,878,1979,0.4437
snapshot_sym5_date22_pm.csv,label_40,future,1959,1959,1.0
snapshot_sym5_date22_pm.csv,label_40,past,688,1959,0.3512
snapshot_sym5_date22_pm.csv,label_60,future,1939,1939,1.0
snapshot_sym5_date22_pm.csv,label_60,past,658,1939,0.3394
snapshot_sym5_date23_am.csv,label_5,future,1994,1994,1.0
snapshot_sym5_date23_am.csv,label_5,past,844,1994,0.4233
snapshot_sym5_date23_am.csv,label_10,future,1989,1989,1.0
snapshot_sym5_date23_am.csv,label_10,past,738,1989,0.371
snapshot_sym5_date23_am.csv,label_20,future,1979,1979,1.0
snapshot_sym5_date23_am.csv,label_20,past,852,1979,0.4305
snapshot_sym5_date23_am.csv,label_40,future,1959,1959,1.0
snapshot_sym5_date23_am.csv,label_40,past,828,1959,0.4227
snapshot_sym5_date23_am.csv,label_60,future,1939,1939,1.0
snapshot_sym5_date23_am.csv,label_60,past,766,1939,0.395
snapshot_sym5_date23_pm.csv,label_5,future,1994,1994,1.0
snapshot_sym5_date23_pm.csv,label_5,past,1073,1994,0.5381
snapshot_sym5_date23_pm.csv,label_10,future,1989,1989,1.0
snapshot_sym5_date23_pm.csv,label_10,past,1033,1989,0.5194
snapshot_sym5_date23_pm.csv,label_20,future,1979,1979,1.0
snapshot_sym5_date23_pm.csv,label_20,past,1047,1979,0.5291
snapshot_sym5_date23_pm.csv,label_40,future,1959,1959,1.0
snapshot_sym5_date23_pm.csv,label_40,past,963,1959,0.4916
snapshot_sym5_date23_pm.csv,label_60,future,1939,1939,1.0
snapshot_sym5_date23_pm.csv,label_60,past,953,1939,0.4915
snapshot_sym5_date24_am.csv,label_5,future,1994,1994,1.0
snapshot_sym5_date24_am.csv,label_5,past,771,1994,0.3867
snapshot_sym5_date24_am.csv,label_10,future,1989,1989,1.0
snapshot_sym5_date24_am.csv,label_10,past,801,1989,0.4027
snapshot_sym5_date24_am.csv,label_20,future,1979,1979,1.0
snapshot_sym5_date24_am.csv,label_20,past,709,1979,0.3583
snapshot_sym5_date24_am.csv,label_40,future,1959,1959,1.0
snapshot_sym5_date24_am.csv,label_40,past,602,1959,0.3073
snapshot_sym5_date24_am.csv,label_60,future,1939,1939,1.0
snapshot_sym5_date24_am.csv,label_60,past,693,1939,0.3574
snapshot_sym5_date24_pm.csv,label_5,future,1994,1994,1.0
snapshot_sym5_date24_pm.csv,label_5,past,963,1994,0.4829
snapshot_sym5_date24_pm.csv,label_10,future,1989,1989,1.0
snapshot_sym5_date24_pm.csv,label_10,past,931,1989,0.4681
snapshot_sym5_date24_pm.csv,label_20,future,1979,1979,1.0
snapshot_sym5_date24_pm.csv,label_20,past,991,1979,0.5008
snapshot_sym5_date24_pm.csv,label_40,future,1959,1959,1.0
snapshot_sym5_date24_pm.csv,label_40,past,703,1959,0.3589
snapshot_sym5_date24_pm.csv,label_60,future,1939,1939,1.0
snapshot_sym5_date24_pm.csv,label_60,past,572,1939,0.295
snapshot_sym5_date25_am.csv,label_5,future,1994,1994,1.0
snapshot_sym5_date25_am.csv,label_5,past,856,1994,0.4293
snapshot_sym5_date25_am.csv,label_10,future,1989,1989,1.0
snapshot_sym5_date25_am.csv,label_10,past,848,1989,0.4263
snapshot_sym5_date25_am.csv,label_20,future,1979,1979,1.0
snapshot_sym5_date25_am.csv,label_20,past,847,1979,0.428
snapshot_sym5_date25_am.csv,label_40,future,1959,1959,1.0
snapshot_sym5_date25_am.csv,label_40,past,640,1959,0.3267
snapshot_sym5_date25_am.csv,label_60,future,1939,1939,1.0
snapshot_sym5_date25_am.csv,label_60,past,772,1939,0.3981
snapshot_sym5_date25_pm.csv,label_5,future,1994,1994,1.0
snapshot_sym5_date25_pm.csv,label_5,past,776,1994,0.3892
snapshot_sym5_date25_pm.csv,label_10,future,1989,1989,1.0
snapshot_sym5_date25_pm.csv,label_10,past,784,1989,0.3942
snapshot_sym5_date25_pm.csv,label_20,future,1979,1979,1.0
snapshot_sym5_date25_pm.csv,label_20,past,849,1979,0.429
snapshot_sym5_date25_pm.csv,label_40,future,1959,1959,1.0
snapshot_sym5_date25_pm.csv,label_40,past,729,1959,0.3721
snapshot_sym5_date25_pm.csv,label_60,future,1939,1939,1.0
snapshot_sym5_date25_pm.csv,label_60,past,715,1939,0.3687
snapshot_sym5_date26_am.csv,label_5,future,1994,1994,1.0
snapshot_sym5_date26_am.csv,label_5,past,868,1994,0.4353
snapshot_sym5_date26_am.csv,label_10,future,1989,1989,1.0
snapshot_sym5_date26_am.csv,label_10,past,814,1989,0.4093
snapshot_sym5_date26_am.csv,label_20,future,1979,1979,1.0
snapshot_sym5_date26_am.csv,label_20,past,1042,1979,0.5265
snapshot_sym5_date26_am.csv,label_40,future,1959,1959,1.0
snapshot_sym5_date26_am.csv,label_40,past,735,1959,0.3752
snapshot_sym5_date26_am.csv,label_60,future,1939,1939,1.0
snapshot_sym5_date26_am.csv,label_60,past,587,1939,0.3027
snapshot_sym5_date26_pm.csv,label_5,future,1994,1994,1.0
snapshot_sym5_date26_pm.csv,label_5,past,868,1994,0.4353
snapshot_sym5_date26_pm.csv,label_10,future,1989,1989,1.0
snapshot_sym5_date26_pm.csv,label_10,past,819,1989,0.4118
snapshot_sym5_date26_pm.csv,label_20,future,1979,1979,1.0
snapshot_sym5_date26_pm.csv,label_20,past,971,1979,0.4907
snapshot_sym5_date26_pm.csv,label_40,future,1959,1959,1.0
snapshot_sym5_date26_pm.csv,label_40,past,615,1959,0.3139
snapshot_sym5_date26_pm.csv,label_60,future,1939,1939,1.0
snapshot_sym5_date26_pm.csv,label_60,past,416,1939,0.2145
snapshot_sym5_date27_am.csv,label_5,future,1994,1994,1.0
snapshot_sym5_date27_am.csv,label_5,past,843,1994,0.4228
snapshot_sym5_date27_am.csv,label_10,future,1989,1989,1.0
snapshot_sym5_date27_am.csv,label_10,past,732,1989,0.368
snapshot_sym5_date27_am.csv,label_20,future,1979,1979,1.0
snapshot_sym5_date27_am.csv,label_20,past,914,1979,0.4618
snapshot_sym5_date27_am.csv,label_40,future,1959,1959,1.0
snapshot_sym5_date27_am.csv,label_40,past,589,1959,0.3007
snapshot_sym5_date27_am.csv,label_60,future,1939,1939,1.0
snapshot_sym5_date27_am.csv,label_60,past,574,1939,0.296
snapshot_sym5_date27_pm.csv,label_5,future,1994,1994,1.0
snapshot_sym5_date27_pm.csv,label_5,past,799,1994,0.4007
snapshot_sym5_date27_pm.csv,label_10,future,1989,1989,1.0
snapshot_sym5_date27_pm.csv,label_10,past,812,1989,0.4082
snapshot_sym5_date27_pm.csv,label_20,future,1979,1979,1.0
snapshot_sym5_date27_pm.csv,label_20,past,868,1979,0.4386
snapshot_sym5_date27_pm.csv,label_40,future,1959,1959,1.0
snapshot_sym5_date27_pm.csv,label_40,past,530,1959,0.2705
snapshot_sym5_date27_pm.csv,label_60,future,1939,1939,1.0
snapshot_sym5_date27_pm.csv,label_60,past,422,1939,0.2176
snapshot_sym5_date28_am.csv,label_5,future,1994,1994,1.0
snapshot_sym5_date28_am.csv,label_5,past,748,1994,0.3751
snapshot_sym5_date28_am.csv,label_10,future,1989,1989,1.0
snapshot_sym5_date28_am.csv,label_10,past,826,1989,0.4153
snapshot_sym5_date28_am.csv,label_20,future,1979,1979,1.0
snapshot_sym5_date28_am.csv,label_20,past,985,1979,0.4977
snapshot_sym5_date28_am.csv,label_40,future,1959,1959,1.0
snapshot_sym5_date28_am.csv,label_40,past,775,1959,0.3956
snapshot_sym5_date28_am.csv,label_60,future,1939,1939,1.0
snapshot_sym5_date28_am.csv,label_60,past,625,1939,0.3223
snapshot_sym5_date28_pm.csv,label_5,future,1994,1994,1.0
snapshot_sym5_date28_pm.csv,label_5,past,739,1994,0.3706
snapshot_sym5_date28_pm.csv,label_10,future,1989,1989,1.0
snapshot_sym5_date28_pm.csv,label_10,past,836,1989,0.4203
snapshot_sym5_date28_pm.csv,label_20,future,1979,1979,1.0
snapshot_sym5_date28_pm.csv,label_20,past,921,1979,0.4654
snapshot_sym5_date28_pm.csv,label_40,future,1959,1959,1.0
snapshot_sym5_date28_pm.csv,label_40,past,748,1959,0.3818
snapshot_sym5_date28_pm.csv,label_60,future,1939,1939,1.0
snapshot_sym5_date28_pm.csv,label_60,past,645,1939,0.3326
snapshot_sym5_date29_am.csv,label_5,future,1994,1994,1.0
snapshot_sym5_date29_am.csv,label_5,past,754,1994,0.3781
snapshot_sym5_date29_am.csv,label_10,future,1989,1989,1.0
snapshot_sym5_date29_am.csv,label_10,past,813,1989,0.4087
snapshot_sym5_date29_am.csv,label_20,future,1979,1979,1.0
snapshot_sym5_date29_am.csv,label_20,past,891,1979,0.4502
snapshot_sym5_date29_am.csv,label_40,future,1959,1959,1.0
snapshot_sym5_date29_am.csv,label_40,past,725,1959,0.3701
snapshot_sym5_date29_am.csv,label_60,future,1939,1939,1.0
snapshot_sym5_date29_am.csv,label_60,past,617,1939,0.3182
snapshot_sym5_date29_pm.csv,label_5,future,1994,1994,1.0
snapshot_sym5_date29_pm.csv,label_5,past,784,1994,0.3932
snapshot_sym5_date29_pm.csv,label_10,future,1989,1989,1.0
snapshot_sym5_date29_pm.csv,label_10,past,770,1989,0.3871
snapshot_sym5_date29_pm.csv,label_20,future,1979,1979,1.0
snapshot_sym5_date29_pm.csv,label_20,past,1016,1979,0.5134
snapshot_sym5_date29_pm.csv,label_40,future,1959,1959,1.0
snapshot_sym5_date29_pm.csv,label_40,past,696,1959,0.3553
snapshot_sym5_date29_pm.csv,label_60,future,1939,1939,1.0
snapshot_sym5_date29_pm.csv,label_60,past,673,1939,0.3471
snapshot_sym5_date2_am.csv,label_5,future,1994,1994,1.0
snapshot_sym5_date2_am.csv,label_5,past,996,1994,0.4995
snapshot_sym5_date2_am.csv,label_10,future,1989,1989,1.0
snapshot_sym5_date2_am.csv,label_10,past,769,1989,0.3866
snapshot_sym5_date2_am.csv,label_20,future,1979,1979,1.0
snapshot_sym5_date2_am.csv,label_20,past,821,1979,0.4149
snapshot_sym5_date2_am.csv,label_40,future,1959,1959,1.0
snapshot_sym5_date2_am.csv,label_40,past,733,1959,0.3742
snapshot_sym5_date2_am.csv,label_60,future,1939,1939,1.0
snapshot_sym5_date2_am.csv,label_60,past,616,1939,0.3177
snapshot_sym5_date30_am.csv,label_5,future,1994,1994,1.0
snapshot_sym5_date30_am.csv,label_5,past,839,1994,0.4208
snapshot_sym5_date30_am.csv,label_10,future,1989,1989,1.0
snapshot_sym5_date30_am.csv,label_10,past,791,1989,0.3977
snapshot_sym5_date30_am.csv,label_20,future,1979,1979,1.0
snapshot_sym5_date30_am.csv,label_20,past,951,1979,0.4805
snapshot_sym5_date30_am.csv,label_40,future,1959,1959,1.0
snapshot_sym5_date30_am.csv,label_40,past,681,1959,0.3476
snapshot_sym5_date30_am.csv,label_60,future,1939,1939,1.0
snapshot_sym5_date30_am.csv,label_60,past,595,1939,0.3069
snapshot_sym5_date30_pm.csv,label_5,future,1994,1994,1.0
snapshot_sym5_date30_pm.csv,label_5,past,989,1994,0.496
snapshot_sym5_date30_pm.csv,label_10,future,1989,1989,1.0
snapshot_sym5_date30_pm.csv,label_10,past,882,1989,0.4434
snapshot_sym5_date30_pm.csv,label_20,future,1979,1979,1.0
snapshot_sym5_date30_pm.csv,label_20,past,1112,1979,0.5619
snapshot_sym5_date30_pm.csv,label_40,future,1959,1959,1.0
snapshot_sym5_date30_pm.csv,label_40,past,772,1959,0.3941
snapshot_sym5_date30_pm.csv,label_60,future,1939,1939,1.0
snapshot_sym5_date30_pm.csv,label_60,past,534,1939,0.2754
snapshot_sym5_date31_am.csv,label_5,future,1994,1994,1.0
snapshot_sym5_date31_am.csv,label_5,past,748,1994,0.3751
snapshot_sym5_date31_am.csv,label_10,future,1989,1989,1.0
snapshot_sym5_date31_am.csv,label_10,past,698,1989,0.3509
snapshot_sym5_date31_am.csv,label_20,future,1979,1979,1.0
snapshot_sym5_date31_am.csv,label_20,past,1006,1979,0.5083
snapshot_sym5_date31_am.csv,label_40,future,1959,1959,1.0
snapshot_sym5_date31_am.csv,label_40,past,766,1959,0.391
snapshot_sym5_date31_am.csv,label_60,future,1939,1939,1.0
snapshot_sym5_date31_am.csv,label_60,past,680,1939,0.3507
snapshot_sym5_date31_pm.csv,label_5,future,1994,1994,1.0
snapshot_sym5_date31_pm.csv,label_5,past,833,1994,0.4178
snapshot_sym5_date31_pm.csv,label_10,future,1989,1989,1.0
snapshot_sym5_date31_pm.csv,label_10,past,878,1989,0.4414
snapshot_sym5_date31_pm.csv,label_20,future,1979,1979,1.0
snapshot_sym5_date31_pm.csv,label_20,past,828,1979,0.4184
snapshot_sym5_date31_pm.csv,label_40,future,1959,1959,1.0
snapshot_sym5_date31_pm.csv,label_40,past,574,1959,0.293
snapshot_sym5_date31_pm.csv,label_60,future,1939,1939,1.0
snapshot_sym5_date31_pm.csv,label_60,past,542,1939,0.2795
snapshot_sym5_date32_am.csv,label_5,future,1994,1994,1.0
snapshot_sym5_date32_am.csv,label_5,past,935,1994,0.4689
snapshot_sym5_date32_am.csv,label_10,future,1989,1989,1.0
snapshot_sym5_date32_am.csv,label_10,past,913,1989,0.459
snapshot_sym5_date32_am.csv,label_20,future,1979,1979,1.0
snapshot_sym5_date32_am.csv,label_20,past,987,1979,0.4987
snapshot_sym5_date32_am.csv,label_40,future,1959,1959,1.0
snapshot_sym5_date32_am.csv,label_40,past,792,1959,0.4043
snapshot_sym5_date32_am.csv,label_60,future,1939,1939,1.0
snapshot_sym5_date32_am.csv,label_60,past,610,1939,0.3146
snapshot_sym5_date32_pm.csv,label_5,future,1994,1994,1.0
snapshot_sym5_date32_pm.csv,label_5,past,937,1994,0.4699
snapshot_sym5_date32_pm.csv,label_10,future,1989,1989,1.0
snapshot_sym5_date32_pm.csv,label_10,past,804,1989,0.4042
snapshot_sym5_date32_pm.csv,label_20,future,1979,1979,1.0
snapshot_sym5_date32_pm.csv,label_20,past,1163,1979,0.5877
snapshot_sym5_date32_pm.csv,label_40,future,1959,1959,1.0
snapshot_sym5_date32_pm.csv,label_40,past,761,1959,0.3885
snapshot_sym5_date32_pm.csv,label_60,future,1939,1939,1.0
snapshot_sym5_date32_pm.csv,label_60,past,567,1939,0.2924
snapshot_sym5_date33_am.csv,label_5,future,1994,1994,1.0
snapshot_sym5_date33_am.csv,label_5,past,773,1994,0.3877
snapshot_sym5_date33_am.csv,label_10,future,1989,1989,1.0
snapshot_sym5_date33_am.csv,label_10,past,821,1989,0.4128
snapshot_sym5_date33_am.csv,label_20,future,1979,1979,1.0
snapshot_sym5_date33_am.csv,label_20,past,853,1979,0.431
snapshot_sym5_date33_am.csv,label_40,future,1959,1959,1.0
snapshot_sym5_date33_am.csv,label_40,past,770,1959,0.3931
snapshot_sym5_date33_am.csv,label_60,future,1939,1939,1.0
snapshot_sym5_date33_am.csv,label_60,past,614,1939,0.3167
snapshot_sym5_date33_pm.csv,label_5,future,1994,1994,1.0
snapshot_sym5_date33_pm.csv,label_5,past,852,1994,0.4273
snapshot_sym5_date33_pm.csv,label_10,future,1989,1989,1.0
snapshot_sym5_date33_pm.csv,label_10,past,823,1989,0.4138
snapshot_sym5_date33_pm.csv,label_20,future,1979,1979,1.0
snapshot_sym5_date33_pm.csv,label_20,past,807,1979,0.4078
snapshot_sym5_date33_pm.csv,label_40,future,1959,1959,1.0
snapshot_sym5_date33_pm.csv,label_40,past,649,1959,0.3313
snapshot_sym5_date33_pm.csv,label_60,future,1939,1939,1.0
snapshot_sym5_date33_pm.csv,label_60,past,595,1939,0.3069
snapshot_sym5_date34_am.csv,label_5,future,1994,1994,1.0
snapshot_sym5_date34_am.csv,label_5,past,814,1994,0.4082
snapshot_sym5_date34_am.csv,label_10,future,1989,1989,1.0
snapshot_sym5_date34_am.csv,label_10,past,889,1989,0.447
snapshot_sym5_date34_am.csv,label_20,future,1979,1979,1.0
snapshot_sym5_date34_am.csv,label_20,past,1006,1979,0.5083
snapshot_sym5_date34_am.csv,label_40,future,1959,1959,1.0
snapshot_sym5_date34_am.csv,label_40,past,739,1959,0.3772
snapshot_sym5_date34_am.csv,label_60,future,1939,1939,1.0
snapshot_sym5_date34_am.csv,label_60,past,524,1939,0.2702
snapshot_sym5_date34_pm.csv,label_5,future,1994,1994,1.0
snapshot_sym5_date34_pm.csv,label_5,past,796,1994,0.3992
snapshot_sym5_date34_pm.csv,label_10,future,1989,1989,1.0
snapshot_sym5_date34_pm.csv,label_10,past,819,1989,0.4118
snapshot_sym5_date34_pm.csv,label_20,future,1979,1979,1.0
snapshot_sym5_date34_pm.csv,label_20,past,859,1979,0.4341
snapshot_sym5_date34_pm.csv,label_40,future,1959,1959,1.0
snapshot_sym5_date34_pm.csv,label_40,past,715,1959,0.365
snapshot_sym5_date34_pm.csv,label_60,future,1939,1939,1.0
snapshot_sym5_date34_pm.csv,label_60,past,781,1939,0.4028
snapshot_sym5_date35_am.csv,label_5,future,1994,1994,1.0
snapshot_sym5_date35_am.csv,label_5,past,867,1994,0.4348
snapshot_sym5_date35_am.csv,label_10,future,1989,1989,1.0
snapshot_sym5_date35_am.csv,label_10,past,726,1989,0.365
snapshot_sym5_date35_am.csv,label_20,future,1979,1979,1.0
snapshot_sym5_date35_am.csv,label_20,past,855,1979,0.432
snapshot_sym5_date35_am.csv,label_40,future,1959,1959,1.0
snapshot_sym5_date35_am.csv,label_40,past,727,1959,0.3711
snapshot_sym5_date35_am.csv,label_60,future,1939,1939,1.0
snapshot_sym5_date35_am.csv,label_60,past,557,1939,0.2873
snapshot_sym5_date35_pm.csv,label_5,future,1994,1994,1.0
snapshot_sym5_date35_pm.csv,label_5,past,785,1994,0.3937
snapshot_sym5_date35_pm.csv,label_10,future,1989,1989,1.0
snapshot_sym5_date35_pm.csv,label_10,past,807,1989,0.4057
snapshot_sym5_date35_pm.csv,label_20,future,1979,1979,1.0
snapshot_sym5_date35_pm.csv,label_20,past,962,1979,0.4861
snapshot_sym5_date35_pm.csv,label_40,future,1959,1959,1.0
snapshot_sym5_date35_pm.csv,label_40,past,717,1959,0.366
snapshot_sym5_date35_pm.csv,label_60,future,1939,1939,1.0
snapshot_sym5_date35_pm.csv,label_60,past,499,1939,0.2573
snapshot_sym5_date36_am.csv,label_5,future,1994,1994,1.0
snapshot_sym5_date36_am.csv,label_5,past,916,1994,0.4594
snapshot_sym5_date36_am.csv,label_10,future,1989,1989,1.0
snapshot_sym5_date36_am.csv,label_10,past,687,1989,0.3454
snapshot_sym5_date36_am.csv,label_20,future,1979,1979,1.0
snapshot_sym5_date36_am.csv,label_20,past,1050,1979,0.5306
snapshot_sym5_date36_am.csv,label_40,future,1959,1959,1.0
snapshot_sym5_date36_am.csv,label_40,past,775,1959,0.3956
snapshot_sym5_date36_am.csv,label_60,future,1939,1939,1.0
snapshot_sym5_date36_am.csv,label_60,past,503,1939,0.2594
snapshot_sym5_date36_pm.csv,label_5,future,1994,1994,1.0
snapshot_sym5_date36_pm.csv,label_5,past,1029,1994,0.516
snapshot_sym5_date36_pm.csv,label_10,future,1989,1989,1.0
snapshot_sym5_date36_pm.csv,label_10,past,783,1989,0.3937
snapshot_sym5_date36_pm.csv,label_20,future,1979,1979,1.0
snapshot_sym5_date36_pm.csv,label_20,past,1234,1979,0.6235
snapshot_sym5_date36_pm.csv,label_40,future,1959,1959,1.0
snapshot_sym5_date36_pm.csv,label_40,past,941,1959,0.4803
snapshot_sym5_date36_pm.csv,label_60,future,1939,1939,1.0
snapshot_sym5_date36_pm.csv,label_60,past,758,1939,0.3909
snapshot_sym5_date37_am.csv,label_5,future,1994,1994,1.0
snapshot_sym5_date37_am.csv,label_5,past,830,1994,0.4162
snapshot_sym5_date37_am.csv,label_10,future,1989,1989,1.0
snapshot_sym5_date37_am.csv,label_10,past,898,1989,0.4515
snapshot_sym5_date37_am.csv,label_20,future,1979,1979,1.0
snapshot_sym5_date37_am.csv,label_20,past,858,1979,0.4336
snapshot_sym5_date37_am.csv,label_40,future,1959,1959,1.0
snapshot_sym5_date37_am.csv,label_40,past,739,1959,0.3772
snapshot_sym5_date37_am.csv,label_60,future,1939,1939,1.0
snapshot_sym5_date37_am.csv,label_60,past,654,1939,0.3373
snapshot_sym5_date38_am.csv,label_5,future,1994,1994,1.0
snapshot_sym5_date38_am.csv,label_5,past,1223,1994,0.6133
snapshot_sym5_date38_am.csv,label_10,future,1989,1989,1.0
snapshot_sym5_date38_am.csv,label_10,past,1266,1989,0.6365
snapshot_sym5_date38_am.csv,label_20,future,1979,1979,1.0
snapshot_sym5_date38_am.csv,label_20,past,1184,1979,0.5983
snapshot_sym5_date38_am.csv,label_40,future,1959,1959,1.0
snapshot_sym5_date38_am.csv,label_40,past,1094,1959,0.5584
snapshot_sym5_date38_am.csv,label_60,future,1939,1939,1.0
snapshot_sym5_date38_am.csv,label_60,past,977,1939,0.5039
snapshot_sym5_date39_am.csv,label_5,future,1994,1994,1.0
snapshot_sym5_date39_am.csv,label_5,past,879,1994,0.4408
snapshot_sym5_date39_am.csv,label_10,future,1989,1989,1.0
snapshot_sym5_date39_am.csv,label_10,past,980,1989,0.4927
snapshot_sym5_date39_am.csv,label_20,future,1979,1979,1.0
snapshot_sym5_date39_am.csv,label_20,past,869,1979,0.4391
snapshot_sym5_date39_am.csv,label_40,future,1959,1959,1.0
snapshot_sym5_date39_am.csv,label_40,past,776,1959,0.3961
snapshot_sym5_date39_am.csv,label_60,future,1939,1939,1.0
snapshot_sym5_date39_am.csv,label_60,past,742,1939,0.3827
snapshot_sym5_date39_pm.csv,label_5,future,1994,1994,1.0
snapshot_sym5_date39_pm.csv,label_5,past,743,1994,0.3726
snapshot_sym5_date39_pm.csv,label_10,future,1989,1989,1.0
snapshot_sym5_date39_pm.csv,label_10,past,977,1989,0.4912
snapshot_sym5_date39_pm.csv,label_20,future,1979,1979,1.0
snapshot_sym5_date39_pm.csv,label_20,past,976,1979,0.4932
snapshot_sym5_date39_pm.csv,label_40,future,1959,1959,1.0
snapshot_sym5_date39_pm.csv,label_40,past,1030,1959,0.5258
snapshot_sym5_date39_pm.csv,label_60,future,1939,1939,1.0
snapshot_sym5_date39_pm.csv,label_60,past,955,1939,0.4925
snapshot_sym5_date3_am.csv,label_5,future,1994,1994,1.0
snapshot_sym5_date3_am.csv,label_5,past,935,1994,0.4689
snapshot_sym5_date3_am.csv,label_10,future,1989,1989,1.0
snapshot_sym5_date3_am.csv,label_10,past,848,1989,0.4263
snapshot_sym5_date3_am.csv,label_20,future,1979,1979,1.0
snapshot_sym5_date3_am.csv,label_20,past,851,1979,0.43
snapshot_sym5_date3_am.csv,label_40,future,1959,1959,1.0
snapshot_sym5_date3_am.csv,label_40,past,531,1959,0.2711
snapshot_sym5_date3_am.csv,label_60,future,1939,1939,1.0
snapshot_sym5_date3_am.csv,label_60,past,584,1939,0.3012
snapshot_sym5_date3_pm.csv,label_5,future,1994,1994,1.0
snapshot_sym5_date3_pm.csv,label_5,past,1029,1994,0.516
snapshot_sym5_date3_pm.csv,label_10,future,1989,1989,1.0
snapshot_sym5_date3_pm.csv,label_10,past,856,1989,0.4304
snapshot_sym5_date3_pm.csv,label_20,future,1979,1979,1.0
snapshot_sym5_date3_pm.csv,label_20,past,951,1979,0.4805
snapshot_sym5_date3_pm.csv,label_40,future,1959,1959,1.0
snapshot_sym5_date3_pm.csv,label_40,past,624,1959,0.3185
snapshot_sym5_date3_pm.csv,label_60,future,1939,1939,1.0
snapshot_sym5_date3_pm.csv,label_60,past,567,1939,0.2924
snapshot_sym5_date40_am.csv,label_5,future,1994,1994,1.0
snapshot_sym5_date40_am.csv,label_5,past,1140,1994,0.5717
snapshot_sym5_date40_am.csv,label_10,future,1989,1989,1.0
snapshot_sym5_date40_am.csv,label_10,past,1156,1989,0.5812
snapshot_sym5_date40_am.csv,label_20,future,1979,1979,1.0
snapshot_sym5_date40_am.csv,label_20,past,1228,1979,0.6205
snapshot_sym5_date40_am.csv,label_40,future,1959,1959,1.0
snapshot_sym5_date40_am.csv,label_40,past,1148,1959,0.586
snapshot_sym5_date40_am.csv,label_60,future,1939,1939,1.0
snapshot_sym5_date40_am.csv,label_60,past,1146,1939,0.591
snapshot_sym5_date40_pm.csv,label_5,future,1994,1994,1.0
snapshot_sym5_date40_pm.csv,label_5,past,853,1994,0.4278
snapshot_sym5_date40_pm.csv,label_10,future,1989,1989,1.0
snapshot_sym5_date40_pm.csv,label_10,past,819,1989,0.4118
snapshot_sym5_date40_pm.csv,label_20,future,1979,1979,1.0
snapshot_sym5_date40_pm.csv,label_20,past,832,1979,0.4204
snapshot_sym5_date40_pm.csv,label_40,future,1959,1959,1.0
snapshot_sym5_date40_pm.csv,label_40,past,692,1959,0.3532
snapshot_sym5_date40_pm.csv,label_60,future,1939,1939,1.0
snapshot_sym5_date40_pm.csv,label_60,past,623,1939,0.3213
snapshot_sym5_date41_am.csv,label_5,future,1994,1994,1.0
snapshot_sym5_date41_am.csv,label_5,past,796,1994,0.3992
snapshot_sym5_date41_am.csv,label_10,future,1989,1989,1.0
snapshot_sym5_date41_am.csv,label_10,past,849,1989,0.4268
snapshot_sym5_date41_am.csv,label_20,future,1979,1979,1.0
snapshot_sym5_date41_am.csv,label_20,past,780,1979,0.3941
snapshot_sym5_date41_am.csv,label_40,future,1959,1959,1.0
snapshot_sym5_date41_am.csv,label_40,past,776,1959,0.3961
snapshot_sym5_date41_am.csv,label_60,future,1939,1939,1.0
snapshot_sym5_date41_am.csv,label_60,past,671,1939,0.3461
snapshot_sym5_date41_pm.csv,label_5,future,1994,1994,1.0
snapshot_sym5_date41_pm.csv,label_5,past,752,1994,0.3771
snapshot_sym5_date41_pm.csv,label_10,future,1989,1989,1.0
snapshot_sym5_date41_pm.csv,label_10,past,822,1989,0.4133
snapshot_sym5_date41_pm.csv,label_20,future,1979,1979,1.0
snapshot_sym5_date41_pm.csv,label_20,past,832,1979,0.4204
snapshot_sym5_date41_pm.csv,label_40,future,1959,1959,1.0
snapshot_sym5_date41_pm.csv,label_40,past,748,1959,0.3818
snapshot_sym5_date41_pm.csv,label_60,future,1939,1939,1.0
snapshot_sym5_date41_pm.csv,label_60,past,736,1939,0.3796
snapshot_sym5_date42_pm.csv,label_5,future,1994,1994,1.0
snapshot_sym5_date42_pm.csv,label_5,past,1102,1994,0.5527
snapshot_sym5_date42_pm.csv,label_10,future,1989,1989,1.0
snapshot_sym5_date42_pm.csv,label_10,past,1259,1989,0.633
snapshot_sym5_date42_pm.csv,label_20,future,1979,1979,1.0
snapshot_sym5_date42_pm.csv,label_20,past,1313,1979,0.6635
snapshot_sym5_date42_pm.csv,label_40,future,1959,1959,1.0
snapshot_sym5_date42_pm.csv,label_40,past,1017,1959,0.5191
snapshot_sym5_date42_pm.csv,label_60,future,1939,1939,1.0
snapshot_sym5_date42_pm.csv,label_60,past,845,1939,0.4358
snapshot_sym5_date43_am.csv,label_5,future,1994,1994,1.0
snapshot_sym5_date43_am.csv,label_5,past,814,1994,0.4082
snapshot_sym5_date43_am.csv,label_10,future,1989,1989,1.0
snapshot_sym5_date43_am.csv,label_10,past,851,1989,0.4279
snapshot_sym5_date43_am.csv,label_20,future,1979,1979,1.0
snapshot_sym5_date43_am.csv,label_20,past,902,1979,0.4558
snapshot_sym5_date43_am.csv,label_40,future,1959,1959,1.0
snapshot_sym5_date43_am.csv,label_40,past,781,1959,0.3987
snapshot_sym5_date43_am.csv,label_60,future,1939,1939,1.0
snapshot_sym5_date43_am.csv,label_60,past,769,1939,0.3966
snapshot_sym5_date43_pm.csv,label_5,future,1994,1994,1.0
snapshot_sym5_date43_pm.csv,label_5,past,907,1994,0.4549
snapshot_sym5_date43_pm.csv,label_10,future,1989,1989,1.0
snapshot_sym5_date43_pm.csv,label_10,past,900,1989,0.4525
snapshot_sym5_date43_pm.csv,label_20,future,1979,1979,1.0
snapshot_sym5_date43_pm.csv,label_20,past,916,1979,0.4629
snapshot_sym5_date43_pm.csv,label_40,future,1959,1959,1.0
snapshot_sym5_date43_pm.csv,label_40,past,740,1959,0.3777
snapshot_sym5_date43_pm.csv,label_60,future,1939,1939,1.0
snapshot_sym5_date43_pm.csv,label_60,past,564,1939,0.2909
snapshot_sym5_date44_pm.csv,label_5,future,1994,1994,1.0
snapshot_sym5_date44_pm.csv,label_5,past,691,1994,0.3465
snapshot_sym5_date44_pm.csv,label_10,future,1989,1989,1.0
snapshot_sym5_date44_pm.csv,label_10,past,865,1989,0.4349
snapshot_sym5_date44_pm.csv,label_20,future,1979,1979,1.0
snapshot_sym5_date44_pm.csv,label_20,past,814,1979,0.4113
snapshot_sym5_date44_pm.csv,label_40,future,1959,1959,1.0
snapshot_sym5_date44_pm.csv,label_40,past,859,1959,0.4385
snapshot_sym5_date44_pm.csv,label_60,future,1939,1939,1.0
snapshot_sym5_date44_pm.csv,label_60,past,777,1939,0.4007
snapshot_sym5_date45_am.csv,label_5,future,1994,1994,1.0
snapshot_sym5_date45_am.csv,label_5,past,679,1994,0.3405
snapshot_sym5_date45_am.csv,label_10,future,1989,1989,1.0
snapshot_sym5_date45_am.csv,label_10,past,810,1989,0.4072
snapshot_sym5_date45_am.csv,label_20,future,1979,1979,1.0
snapshot_sym5_date45_am.csv,label_20,past,869,1979,0.4391
snapshot_sym5_date45_am.csv,label_40,future,1959,1959,1.0
snapshot_sym5_date45_am.csv,label_40,past,823,1959,0.4201
snapshot_sym5_date45_am.csv,label_60,future,1939,1939,1.0
snapshot_sym5_date45_am.csv,label_60,past,691,1939,0.3564
snapshot_sym5_date45_pm.csv,label_5,future,1994,1994,1.0
snapshot_sym5_date45_pm.csv,label_5,past,775,1994,0.3887
snapshot_sym5_date45_pm.csv,label_10,future,1989,1989,1.0
snapshot_sym5_date45_pm.csv,label_10,past,767,1989,0.3856
snapshot_sym5_date45_pm.csv,label_20,future,1979,1979,1.0
snapshot_sym5_date45_pm.csv,label_20,past,825,1979,0.4169
snapshot_sym5_date45_pm.csv,label_40,future,1959,1959,1.0
snapshot_sym5_date45_pm.csv,label_40,past,687,1959,0.3507
snapshot_sym5_date45_pm.csv,label_60,future,1939,1939,1.0
snapshot_sym5_date45_pm.csv,label_60,past,674,1939,0.3476
snapshot_sym5_date46_am.csv,label_5,future,1994,1994,1.0
snapshot_sym5_date46_am.csv,label_5,past,837,1994,0.4198
snapshot_sym5_date46_am.csv,label_10,future,1989,1989,1.0
snapshot_sym5_date46_am.csv,label_10,past,926,1989,0.4656
snapshot_sym5_date46_am.csv,label_20,future,1979,1979,1.0
snapshot_sym5_date46_am.csv,label_20,past,986,1979,0.4982
snapshot_sym5_date46_am.csv,label_40,future,1959,1959,1.0
snapshot_sym5_date46_am.csv,label_40,past,905,1959,0.462
snapshot_sym5_date46_am.csv,label_60,future,1939,1939,1.0
snapshot_sym5_date46_am.csv,label_60,past,950,1939,0.4899
snapshot_sym5_date46_pm.csv,label_5,future,1994,1994,1.0
snapshot_sym5_date46_pm.csv,label_5,past,923,1994,0.4629
snapshot_sym5_date46_pm.csv,label_10,future,1989,1989,1.0
snapshot_sym5_date46_pm.csv,label_10,past,805,1989,0.4047
snapshot_sym5_date46_pm.csv,label_20,future,1979,1979,1.0
snapshot_sym5_date46_pm.csv,label_20,past,716,1979,0.3618
snapshot_sym5_date46_pm.csv,label_40,future,1959,1959,1.0
snapshot_sym5_date46_pm.csv,label_40,past,629,1959,0.3211
snapshot_sym5_date46_pm.csv,label_60,future,1939,1939,1.0
snapshot_sym5_date46_pm.csv,label_60,past,534,1939,0.2754
snapshot_sym5_date47_am.csv,label_5,future,1994,1994,1.0
snapshot_sym5_date47_am.csv,label_5,past,917,1994,0.4599
snapshot_sym5_date47_am.csv,label_10,future,1989,1989,1.0
snapshot_sym5_date47_am.csv,label_10,past,739,1989,0.3715
snapshot_sym5_date47_am.csv,label_20,future,1979,1979,1.0
snapshot_sym5_date47_am.csv,label_20,past,776,1979,0.3921
snapshot_sym5_date47_am.csv,label_40,future,1959,1959,1.0
snapshot_sym5_date47_am.csv,label_40,past,599,1959,0.3058
snapshot_sym5_date47_am.csv,label_60,future,1939,1939,1.0
snapshot_sym5_date47_am.csv,label_60,past,620,1939,0.3198
snapshot_sym5_date47_pm.csv,label_5,future,1994,1994,1.0
snapshot_sym5_date47_pm.csv,label_5,past,834,1994,0.4183
snapshot_sym5_date47_pm.csv,label_10,future,1989,1989,1.0
snapshot_sym5_date47_pm.csv,label_10,past,825,1989,0.4148
snapshot_sym5_date47_pm.csv,label_20,future,1979,1979,1.0
snapshot_sym5_date47_pm.csv,label_20,past,749,1979,0.3785
snapshot_sym5_date47_pm.csv,label_40,future,1959,1959,1.0
snapshot_sym5_date47_pm.csv,label_40,past,654,1959,0.3338
snapshot_sym5_date47_pm.csv,label_60,future,1939,1939,1.0
snapshot_sym5_date47_pm.csv,label_60,past,684,1939,0.3528
snapshot_sym5_date48_am.csv,label_5,future,1994,1994,1.0
snapshot_sym5_date48_am.csv,label_5,past,893,1994,0.4478
snapshot_sym5_date48_am.csv,label_10,future,1989,1989,1.0
snapshot_sym5_date48_am.csv,label_10,past,850,1989,0.4274
snapshot_sym5_date48_am.csv,label_20,future,1979,1979,1.0
snapshot_sym5_date48_am.csv,label_20,past,780,1979,0.3941
snapshot_sym5_date48_am.csv,label_40,future,1959,1959,1.0
snapshot_sym5_date48_am.csv,label_40,past,635,1959,0.3241
snapshot_sym5_date48_am.csv,label_60,future,1939,1939,1.0
snapshot_sym5_date48_am.csv,label_60,past,584,1939,0.3012
snapshot_sym5_date48_pm.csv,label_5,future,1994,1994,1.0
snapshot_sym5_date48_pm.csv,label_5,past,786,1994,0.3942
snapshot_sym5_date48_pm.csv,label_10,future,1989,1989,1.0
snapshot_sym5_date48_pm.csv,label_10,past,675,1989,0.3394
snapshot_sym5_date48_pm.csv,label_20,future,1979,1979,1.0
snapshot_sym5_date48_pm.csv,label_20,past,804,1979,0.4063
snapshot_sym5_date48_pm.csv,label_40,future,1959,1959,1.0
snapshot_sym5_date48_pm.csv,label_40,past,591,1959,0.3017
snapshot_sym5_date48_pm.csv,label_60,future,1939,1939,1.0
snapshot_sym5_date48_pm.csv,label_60,past,716,1939,0.3693
snapshot_sym5_date49_am.csv,label_5,future,1994,1994,1.0
snapshot_sym5_date49_am.csv,label_5,past,701,1994,0.3516
snapshot_sym5_date49_am.csv,label_10,future,1989,1989,1.0
snapshot_sym5_date49_am.csv,label_10,past,742,1989,0.3731
snapshot_sym5_date49_am.csv,label_20,future,1979,1979,1.0
snapshot_sym5_date49_am.csv,label_20,past,747,1979,0.3775
snapshot_sym5_date49_am.csv,label_40,future,1959,1959,1.0
snapshot_sym5_date49_am.csv,label_40,past,557,1959,0.2843
snapshot_sym5_date49_am.csv,label_60,future,1939,1939,1.0
snapshot_sym5_date49_am.csv,label_60,past,685,1939,0.3533
snapshot_sym5_date49_pm.csv,label_5,future,1994,1994,1.0
snapshot_sym5_date49_pm.csv,label_5,past,962,1994,0.4824
snapshot_sym5_date49_pm.csv,label_10,future,1989,1989,1.0
snapshot_sym5_date49_pm.csv,label_10,past,863,1989,0.4339
snapshot_sym5_date49_pm.csv,label_20,future,1979,1979,1.0
snapshot_sym5_date49_pm.csv,label_20,past,913,1979,0.4613
snapshot_sym5_date49_pm.csv,label_40,future,1959,1959,1.0
snapshot_sym5_date49_pm.csv,label_40,past,822,1959,0.4196
snapshot_sym5_date49_pm.csv,label_60,future,1939,1939,1.0
snapshot_sym5_date49_pm.csv,label_60,past,606,1939,0.3125
snapshot_sym5_date50_am.csv,label_5,future,1994,1994,1.0
snapshot_sym5_date50_am.csv,label_5,past,818,1994,0.4102
snapshot_sym5_date50_am.csv,label_10,future,1989,1989,1.0
snapshot_sym5_date50_am.csv,label_10,past,695,1989,0.3494
snapshot_sym5_date50_am.csv,label_20,future,1979,1979,1.0
snapshot_sym5_date50_am.csv,label_20,past,705,1979,0.3562
snapshot_sym5_date50_am.csv,label_40,future,1959,1959,1.0
snapshot_sym5_date50_am.csv,label_40,past,615,1959,0.3139
snapshot_sym5_date50_am.csv,label_60,future,1939,1939,1.0
snapshot_sym5_date50_am.csv,label_60,past,697,1939,0.3595
snapshot_sym5_date50_pm.csv,label_5,future,1994,1994,1.0
snapshot_sym5_date50_pm.csv,label_5,past,773,1994,0.3877
snapshot_sym5_date50_pm.csv,label_10,future,1989,1989,1.0
snapshot_sym5_date50_pm.csv,label_10,past,693,1989,0.3484
snapshot_sym5_date50_pm.csv,label_20,future,1979,1979,1.0
snapshot_sym5_date50_pm.csv,label_20,past,960,1979,0.4851
snapshot_sym5_date50_pm.csv,label_40,future,1959,1959,1.0
snapshot_sym5_date50_pm.csv,label_40,past,707,1959,0.3609
snapshot_sym5_date50_pm.csv,label_60,future,1939,1939,1.0
snapshot_sym5_date50_pm.csv,label_60,past,615,1939,0.3172
snapshot_sym5_date51_am.csv,label_5,future,1994,1994,1.0
snapshot_sym5_date51_am.csv,label_5,past,769,1994,0.3857
snapshot_sym5_date51_am.csv,label_10,future,1989,1989,1.0
snapshot_sym5_date51_am.csv,label_10,past,841,1989,0.4228
snapshot_sym5_date51_am.csv,label_20,future,1979,1979,1.0
snapshot_sym5_date51_am.csv,label_20,past,798,1979,0.4032
snapshot_sym5_date51_am.csv,label_40,future,1959,1959,1.0
snapshot_sym5_date51_am.csv,label_40,past,622,1959,0.3175
snapshot_sym5_date51_am.csv,label_60,future,1939,1939,1.0
snapshot_sym5_date51_am.csv,label_60,past,674,1939,0.3476
snapshot_sym5_date51_pm.csv,label_5,future,1994,1994,1.0
snapshot_sym5_date51_pm.csv,label_5,past,961,1994,0.4819
snapshot_sym5_date51_pm.csv,label_10,future,1989,1989,1.0
snapshot_sym5_date51_pm.csv,label_10,past,891,1989,0.448
snapshot_sym5_date51_pm.csv,label_20,future,1979,1979,1.0
snapshot_sym5_date51_pm.csv,label_20,past,1008,1979,0.5093
snapshot_sym5_date51_pm.csv,label_40,future,1959,1959,1.0
snapshot_sym5_date51_pm.csv,label_40,past,791,1959,0.4038
snapshot_sym5_date51_pm.csv,label_60,future,1939,1939,1.0
snapshot_sym5_date51_pm.csv,label_60,past,679,1939,0.3502
snapshot_sym5_date52_am.csv,label_5,future,1994,1994,1.0
snapshot_sym5_date52_am.csv,label_5,past,810,1994,0.4062
snapshot_sym5_date52_am.csv,label_10,future,1989,1989,1.0
snapshot_sym5_date52_am.csv,label_10,past,816,1989,0.4103
snapshot_sym5_date52_am.csv,label_20,future,1979,1979,1.0
snapshot_sym5_date52_am.csv,label_20,past,826,1979,0.4174
snapshot_sym5_date52_am.csv,label_40,future,1959,1959,1.0
snapshot_sym5_date52_am.csv,label_40,past,710,1959,0.3624
snapshot_sym5_date52_am.csv,label_60,future,1939,1939,1.0
snapshot_sym5_date52_am.csv,label_60,past,574,1939,0.296
snapshot_sym5_date52_pm.csv,label_5,future,1994,1994,1.0
snapshot_sym5_date52_pm.csv,label_5,past,775,1994,0.3887
snapshot_sym5_date52_pm.csv,label_10,future,1989,1989,1.0
snapshot_sym5_date52_pm.csv,label_10,past,802,1989,0.4032
snapshot_sym5_date52_pm.csv,label_20,future,1979,1979,1.0
snapshot_sym5_date52_pm.csv,label_20,past,776,1979,0.3921
snapshot_sym5_date52_pm.csv,label_40,future,1959,1959,1.0
snapshot_sym5_date52_pm.csv,label_40,past,475,1959,0.2425
snapshot_sym5_date52_pm.csv,label_60,future,1939,1939,1.0
snapshot_sym5_date52_pm.csv,label_60,past,404,1939,0.2084
snapshot_sym5_date53_am.csv,label_5,future,1994,1994,1.0
snapshot_sym5_date53_am.csv,label_5,past,985,1994,0.494
snapshot_sym5_date53_am.csv,label_10,future,1989,1989,1.0
snapshot_sym5_date53_am.csv,label_10,past,827,1989,0.4158
snapshot_sym5_date53_am.csv,label_20,future,1979,1979,1.0
snapshot_sym5_date53_am.csv,label_20,past,978,1979,0.4942
snapshot_sym5_date53_am.csv,label_40,future,1959,1959,1.0
snapshot_sym5_date53_am.csv,label_40,past,702,1959,0.3583
snapshot_sym5_date53_am.csv,label_60,future,1939,1939,1.0
snapshot_sym5_date53_am.csv,label_60,past,642,1939,0.3311
snapshot_sym5_date53_pm.csv,label_5,future,1994,1994,1.0
snapshot_sym5_date53_pm.csv,label_5,past,948,1994,0.4754
snapshot_sym5_date53_pm.csv,label_10,future,1989,1989,1.0
snapshot_sym5_date53_pm.csv,label_10,past,887,1989,0.446
snapshot_sym5_date53_pm.csv,label_20,future,1979,1979,1.0
snapshot_sym5_date53_pm.csv,label_20,past,893,1979,0.4512
snapshot_sym5_date53_pm.csv,label_40,future,1959,1959,1.0
snapshot_sym5_date53_pm.csv,label_40,past,812,1959,0.4145
snapshot_sym5_date53_pm.csv,label_60,future,1939,1939,1.0
snapshot_sym5_date53_pm.csv,label_60,past,760,1939,0.392
snapshot_sym5_date54_am.csv,label_5,future,1994,1994,1.0
snapshot_sym5_date54_am.csv,label_5,past,765,1994,0.3837
snapshot_sym5_date54_am.csv,label_10,future,1989,1989,1.0
snapshot_sym5_date54_am.csv,label_10,past,739,1989,0.3715
snapshot_sym5_date54_am.csv,label_20,future,1979,1979,1.0
snapshot_sym5_date54_am.csv,label_20,past,641,1979,0.3239
snapshot_sym5_date54_am.csv,label_40,future,1959,1959,1.0
snapshot_sym5_date54_am.csv,label_40,past,734,1959,0.3747
snapshot_sym5_date54_am.csv,label_60,future,1939,1939,1.0
snapshot_sym5_date54_am.csv,label_60,past,663,1939,0.3419
snapshot_sym5_date54_pm.csv,label_5,future,1994,1994,1.0
snapshot_sym5_date54_pm.csv,label_5,past,798,1994,0.4002
snapshot_sym5_date54_pm.csv,label_10,future,1989,1989,1.0
snapshot_sym5_date54_pm.csv,label_10,past,771,1989,0.3876
snapshot_sym5_date54_pm.csv,label_20,future,1979,1979,1.0
snapshot_sym5_date54_pm.csv,label_20,past,845,1979,0.427
snapshot_sym5_date54_pm.csv,label_40,future,1959,1959,1.0
snapshot_sym5_date54_pm.csv,label_40,past,727,1959,0.3711
snapshot_sym5_date54_pm.csv,label_60,future,1939,1939,1.0
snapshot_sym5_date54_pm.csv,label_60,past,565,1939,0.2914
snapshot_sym5_date55_am.csv,label_5,future,1994,1994,1.0
snapshot_sym5_date55_am.csv,label_5,past,1113,1994,0.5582
snapshot_sym5_date55_am.csv,label_10,future,1989,1989,1.0
snapshot_sym5_date55_am.csv,label_10,past,996,1989,0.5008
snapshot_sym5_date55_am.csv,label_20,future,1979,1979,1.0
snapshot_sym5_date55_am.csv,label_20,past,952,1979,0.4811
snapshot_sym5_date55_am.csv,label_40,future,1959,1959,1.0
snapshot_sym5_date55_am.csv,label_40,past,703,1959,0.3589
snapshot_sym5_date55_am.csv,label_60,future,1939,1939,1.0
snapshot_sym5_date55_am.csv,label_60,past,525,1939,0.2708
snapshot_sym5_date55_pm.csv,label_5,future,1994,1994,1.0
snapshot_sym5_date55_pm.csv,label_5,past,934,1994,0.4684
snapshot_sym5_date55_pm.csv,label_10,future,1989,1989,1.0
snapshot_sym5_date55_pm.csv,label_10,past,830,1989,0.4173
snapshot_sym5_date55_pm.csv,label_20,future,1979,1979,1.0
snapshot_sym5_date55_pm.csv,label_20,past,1007,1979,0.5088
snapshot_sym5_date55_pm.csv,label_40,future,1959,1959,1.0
snapshot_sym5_date55_pm.csv,label_40,past,693,1959,0.3538
snapshot_sym5_date55_pm.csv,label_60,future,1939,1939,1.0
snapshot_sym5_date55_pm.csv,label_60,past,662,1939,0.3414
snapshot_sym5_date56_am.csv,label_5,future,1994,1994,1.0
snapshot_sym5_date56_am.csv,label_5,past,897,1994,0.4498
snapshot_sym5_date56_am.csv,label_10,future,1989,1989,1.0
snapshot_sym5_date56_am.csv,label_10,past,932,1989,0.4686
snapshot_sym5_date56_am.csv,label_20,future,1979,1979,1.0
snapshot_sym5_date56_am.csv,label_20,past,1002,1979,0.5063
snapshot_sym5_date56_am.csv,label_40,future,1959,1959,1.0
snapshot_sym5_date56_am.csv,label_40,past,715,1959,0.365
snapshot_sym5_date56_am.csv,label_60,future,1939,1939,1.0
snapshot_sym5_date56_am.csv,label_60,past,736,1939,0.3796
snapshot_sym5_date56_pm.csv,label_5,future,1994,1994,1.0
snapshot_sym5_date56_pm.csv,label_5,past,918,1994,0.4604
snapshot_sym5_date56_pm.csv,label_10,future,1989,1989,1.0
snapshot_sym5_date56_pm.csv,label_10,past,750,1989,0.3771
snapshot_sym5_date56_pm.csv,label_20,future,1979,1979,1.0
snapshot_sym5_date56_pm.csv,label_20,past,1024,1979,0.5174
snapshot_sym5_date56_pm.csv,label_40,future,1959,1959,1.0
snapshot_sym5_date56_pm.csv,label_40,past,788,1959,0.4022
snapshot_sym5_date56_pm.csv,label_60,future,1939,1939,1.0
snapshot_sym5_date56_pm.csv,label_60,past,683,1939,0.3522
snapshot_sym5_date57_am.csv,label_5,future,1994,1994,1.0
snapshot_sym5_date57_am.csv,label_5,past,780,1994,0.3912
snapshot_sym5_date57_am.csv,label_10,future,1989,1989,1.0
snapshot_sym5_date57_am.csv,label_10,past,708,1989,0.356
snapshot_sym5_date57_am.csv,label_20,future,1979,1979,1.0
snapshot_sym5_date57_am.csv,label_20,past,730,1979,0.3689
snapshot_sym5_date57_am.csv,label_40,future,1959,1959,1.0
snapshot_sym5_date57_am.csv,label_40,past,616,1959,0.3144
snapshot_sym5_date57_am.csv,label_60,future,1939,1939,1.0
snapshot_sym5_date57_am.csv,label_60,past,632,1939,0.3259
snapshot_sym5_date57_pm.csv,label_5,future,1994,1994,1.0
snapshot_sym5_date57_pm.csv,label_5,past,687,1994,0.3445
snapshot_sym5_date57_pm.csv,label_10,future,1989,1989,1.0
snapshot_sym5_date57_pm.csv,label_10,past,784,1989,0.3942
snapshot_sym5_date57_pm.csv,label_20,future,1979,1979,1.0
snapshot_sym5_date57_pm.csv,label_20,past,949,1979,0.4795
snapshot_sym5_date57_pm.csv,label_40,future,1959,1959,1.0
snapshot_sym5_date57_pm.csv,label_40,past,650,1959,0.3318
snapshot_sym5_date57_pm.csv,label_60,future,1939,1939,1.0
snapshot_sym5_date57_pm.csv,label_60,past,736,1939,0.3796
snapshot_sym5_date58_am.csv,label_5,future,1994,1994,1.0
snapshot_sym5_date58_am.csv,label_5,past,790,1994,0.3962
snapshot_sym5_date58_am.csv,label_10,future,1989,1989,1.0
snapshot_sym5_date58_am.csv,label_10,past,836,1989,0.4203
snapshot_sym5_date58_am.csv,label_20,future,1979,1979,1.0
snapshot_sym5_date58_am.csv,label_20,past,844,1979,0.4265
snapshot_sym5_date58_am.csv,label_40,future,1959,1959,1.0
snapshot_sym5_date58_am.csv,label_40,past,689,1959,0.3517
snapshot_sym5_date58_am.csv,label_60,future,1939,1939,1.0
snapshot_sym5_date58_am.csv,label_60,past,759,1939,0.3914
snapshot_sym5_date58_pm.csv,label_5,future,1994,1994,1.0
snapshot_sym5_date58_pm.csv,label_5,past,954,1994,0.4784
snapshot_sym5_date58_pm.csv,label_10,future,1989,1989,1.0
snapshot_sym5_date58_pm.csv,label_10,past,761,1989,0.3826
snapshot_sym5_date58_pm.csv,label_20,future,1979,1979,1.0
snapshot_sym5_date58_pm.csv,label_20,past,1194,1979,0.6033
snapshot_sym5_date58_pm.csv,label_40,future,1959,1959,1.0
snapshot_sym5_date58_pm.csv,label_40,past,860,1959,0.439
snapshot_sym5_date58_pm.csv,label_60,future,1939,1939,1.0
snapshot_sym5_date58_pm.csv,label_60,past,719,1939,0.3708
snapshot_sym5_date59_am.csv,label_5,future,1994,1994,1.0
snapshot_sym5_date59_am.csv,label_5,past,857,1994,0.4298
snapshot_sym5_date59_am.csv,label_10,future,1989,1989,1.0
snapshot_sym5_date59_am.csv,label_10,past,712,1989,0.358
snapshot_sym5_date59_am.csv,label_20,future,1979,1979,1.0
snapshot_sym5_date59_am.csv,label_20,past,825,1979,0.4169
snapshot_sym5_date59_am.csv,label_40,future,1959,1959,1.0
snapshot_sym5_date59_am.csv,label_40,past,556,1959,0.2838
snapshot_sym5_date59_am.csv,label_60,future,1939,1939,1.0
snapshot_sym5_date59_am.csv,label_60,past,645,1939,0.3326
snapshot_sym5_date59_pm.csv,label_5,future,1994,1994,1.0
snapshot_sym5_date59_pm.csv,label_5,past,871,1994,0.4368
snapshot_sym5_date59_pm.csv,label_10,future,1989,1989,1.0
snapshot_sym5_date59_pm.csv,label_10,past,742,1989,0.3731
snapshot_sym5_date59_pm.csv,label_20,future,1979,1979,1.0
snapshot_sym5_date59_pm.csv,label_20,past,1143,1979,0.5776
snapshot_sym5_date59_pm.csv,label_40,future,1959,1959,1.0
snapshot_sym5_date59_pm.csv,label_40,past,882,1959,0.4502
snapshot_sym5_date59_pm.csv,label_60,future,1939,1939,1.0
snapshot_sym5_date59_pm.csv,label_60,past,679,1939,0.3502
snapshot_sym5_date5_am.csv,label_5,future,1994,1994,1.0
snapshot_sym5_date5_am.csv,label_5,past,1013,1994,0.508
snapshot_sym5_date5_am.csv,label_10,future,1989,1989,1.0
snapshot_sym5_date5_am.csv,label_10,past,802,1989,0.4032
snapshot_sym5_date5_am.csv,label_20,future,1979,1979,1.0
snapshot_sym5_date5_am.csv,label_20,past,831,1979,0.4199
snapshot_sym5_date5_am.csv,label_40,future,1959,1959,1.0
snapshot_sym5_date5_am.csv,label_40,past,663,1959,0.3384
snapshot_sym5_date5_am.csv,label_60,future,1939,1939,1.0
snapshot_sym5_date5_am.csv,label_60,past,663,1939,0.3419
snapshot_sym5_date5_pm.csv,label_5,future,1994,1994,1.0
snapshot_sym5_date5_pm.csv,label_5,past,989,1994,0.496
snapshot_sym5_date5_pm.csv,label_10,future,1989,1989,1.0
snapshot_sym5_date5_pm.csv,label_10,past,853,1989,0.4289
snapshot_sym5_date5_pm.csv,label_20,future,1979,1979,1.0
snapshot_sym5_date5_pm.csv,label_20,past,738,1979,0.3729
snapshot_sym5_date5_pm.csv,label_40,future,1959,1959,1.0
snapshot_sym5_date5_pm.csv,label_40,past,655,1959,0.3344
snapshot_sym5_date5_pm.csv,label_60,future,1939,1939,1.0
snapshot_sym5_date5_pm.csv,label_60,past,611,1939,0.3151
snapshot_sym5_date60_am.csv,label_5,future,1994,1994,1.0
snapshot_sym5_date60_am.csv,label_5,past,881,1994,0.4418
snapshot_sym5_date60_am.csv,label_10,future,1989,1989,1.0
snapshot_sym5_date60_am.csv,label_10,past,730,1989,0.367
snapshot_sym5_date60_am.csv,label_20,future,1979,1979,1.0
snapshot_sym5_date60_am.csv,label_20,past,942,1979,0.476
snapshot_sym5_date60_am.csv,label_40,future,1959,1959,1.0
snapshot_sym5_date60_am.csv,label_40,past,786,1959,0.4012
snapshot_sym5_date60_am.csv,label_60,future,1939,1939,1.0
snapshot_sym5_date60_am.csv,label_60,past,573,1939,0.2955
snapshot_sym5_date60_pm.csv,label_5,future,1994,1994,1.0
snapshot_sym5_date60_pm.csv,label_5,past,1095,1994,0.5491
snapshot_sym5_date60_pm.csv,label_10,future,1989,1989,1.0
snapshot_sym5_date60_pm.csv,label_10,past,905,1989,0.455
snapshot_sym5_date60_pm.csv,label_20,future,1979,1979,1.0
snapshot_sym5_date60_pm.csv,label_20,past,1205,1979,0.6089
snapshot_sym5_date60_pm.csv,label_40,future,1959,1959,1.0
snapshot_sym5_date60_pm.csv,label_40,past,863,1959,0.4405
snapshot_sym5_date60_pm.csv,label_60,future,1939,1939,1.0
snapshot_sym5_date60_pm.csv,label_60,past,826,1939,0.426
snapshot_sym5_date61_am.csv,label_5,future,1994,1994,1.0
snapshot_sym5_date61_am.csv,label_5,past,852,1994,0.4273
snapshot_sym5_date61_am.csv,label_10,future,1989,1989,1.0
snapshot_sym5_date61_am.csv,label_10,past,664,1989,0.3338
snapshot_sym5_date61_am.csv,label_20,future,1979,1979,1.0
snapshot_sym5_date61_am.csv,label_20,past,927,1979,0.4684
snapshot_sym5_date61_am.csv,label_40,future,1959,1959,1.0
snapshot_sym5_date61_am.csv,label_40,past,839,1959,0.4283
snapshot_sym5_date61_am.csv,label_60,future,1939,1939,1.0
snapshot_sym5_date61_am.csv,label_60,past,676,1939,0.3486
snapshot_sym5_date61_pm.csv,label_5,future,1994,1994,1.0
snapshot_sym5_date61_pm.csv,label_5,past,1222,1994,0.6128
snapshot_sym5_date61_pm.csv,label_10,future,1989,1989,1.0
snapshot_sym5_date61_pm.csv,label_10,past,983,1989,0.4942
snapshot_sym5_date61_pm.csv,label_20,future,1979,1979,1.0
snapshot_sym5_date61_pm.csv,label_20,past,1340,1979,0.6771
snapshot_sym5_date61_pm.csv,label_40,future,1959,1959,1.0
snapshot_sym5_date61_pm.csv,label_40,past,892,1959,0.4553
snapshot_sym5_date61_pm.csv,label_60,future,1939,1939,1.0
snapshot_sym5_date61_pm.csv,label_60,past,585,1939,0.3017
snapshot_sym5_date62_am.csv,label_5,future,1994,1994,1.0
snapshot_sym5_date62_am.csv,label_5,past,974,1994,0.4885
snapshot_sym5_date62_am.csv,label_10,future,1989,1989,1.0
snapshot_sym5_date62_am.csv,label_10,past,793,1989,0.3987
snapshot_sym5_date62_am.csv,label_20,future,1979,1979,1.0
snapshot_sym5_date62_am.csv,label_20,past,1071,1979,0.5412
snapshot_sym5_date62_am.csv,label_40,future,1959,1959,1.0
snapshot_sym5_date62_am.csv,label_40,past,915,1959,0.4671
snapshot_sym5_date62_am.csv,label_60,future,1939,1939,1.0
snapshot_sym5_date62_am.csv,label_60,past,809,1939,0.4172
snapshot_sym5_date62_pm.csv,label_5,future,1994,1994,1.0
snapshot_sym5_date62_pm.csv,label_5,past,1013,1994,0.508
snapshot_sym5_date62_pm.csv,label_10,future,1989,1989,1.0
snapshot_sym5_date62_pm.csv,label_10,past,865,1989,0.4349
snapshot_sym5_date62_pm.csv,label_20,future,1979,1979,1.0
snapshot_sym5_date62_pm.csv,label_20,past,1030,1979,0.5205
snapshot_sym5_date62_pm.csv,label_40,future,1959,1959,1.0
snapshot_sym5_date62_pm.csv,label_40,past,750,1959,0.3828
snapshot_sym5_date62_pm.csv,label_60,future,1939,1939,1.0
snapshot_sym5_date62_pm.csv,label_60,past,612,1939,0.3156
snapshot_sym5_date63_am.csv,label_5,future,1994,1994,1.0
snapshot_sym5_date63_am.csv,label_5,past,1050,1994,0.5266
snapshot_sym5_date63_am.csv,label_10,future,1989,1989,1.0
snapshot_sym5_date63_am.csv,label_10,past,803,1989,0.4037
snapshot_sym5_date63_am.csv,label_20,future,1979,1979,1.0
snapshot_sym5_date63_am.csv,label_20,past,1013,1979,0.5119
snapshot_sym5_date63_am.csv,label_40,future,1959,1959,1.0
snapshot_sym5_date63_am.csv,label_40,past,619,1959,0.316
snapshot_sym5_date63_am.csv,label_60,future,1939,1939,1.0
snapshot_sym5_date63_am.csv,label_60,past,463,1939,0.2388
snapshot_sym5_date63_pm.csv,label_5,future,1994,1994,1.0
snapshot_sym5_date63_pm.csv,label_5,past,1249,1994,0.6264
snapshot_sym5_date63_pm.csv,label_10,future,1989,1989,1.0
snapshot_sym5_date63_pm.csv,label_10,past,1082,1989,0.544
snapshot_sym5_date63_pm.csv,label_20,future,1979,1979,1.0
snapshot_sym5_date63_pm.csv,label_20,past,1327,1979,0.6705
snapshot_sym5_date63_pm.csv,label_40,future,1959,1959,1.0
snapshot_sym5_date63_pm.csv,label_40,past,943,1959,0.4814
snapshot_sym5_date63_pm.csv,label_60,future,1939,1939,1.0
snapshot_sym5_date63_pm.csv,label_60,past,844,1939,0.4353
snapshot_sym5_date64_am.csv,label_5,future,1994,1994,1.0
snapshot_sym5_date64_am.csv,label_5,past,1056,1994,0.5296
snapshot_sym5_date64_am.csv,label_10,future,1989,1989,1.0
snapshot_sym5_date64_am.csv,label_10,past,838,1989,0.4213
snapshot_sym5_date64_am.csv,label_20,future,1979,1979,1.0
snapshot_sym5_date64_am.csv,label_20,past,858,1979,0.4336
snapshot_sym5_date64_am.csv,label_40,future,1959,1959,1.0
snapshot_sym5_date64_am.csv,label_40,past,717,1959,0.366
snapshot_sym5_date64_am.csv,label_60,future,1939,1939,1.0
snapshot_sym5_date64_am.csv,label_60,past,602,1939,0.3105
snapshot_sym5_date64_pm.csv,label_5,future,1994,1994,1.0
snapshot_sym5_date64_pm.csv,label_5,past,1100,1994,0.5517
snapshot_sym5_date64_pm.csv,label_10,future,1989,1989,1.0
snapshot_sym5_date64_pm.csv,label_10,past,808,1989,0.4062
snapshot_sym5_date64_pm.csv,label_20,future,1979,1979,1.0
snapshot_sym5_date64_pm.csv,label_20,past,808,1979,0.4083
snapshot_sym5_date64_pm.csv,label_40,future,1959,1959,1.0
snapshot_sym5_date64_pm.csv,label_40,past,714,1959,0.3645
snapshot_sym5_date64_pm.csv,label_60,future,1939,1939,1.0
snapshot_sym5_date64_pm.csv,label_60,past,760,1939,0.392
snapshot_sym5_date65_am.csv,label_5,future,1994,1994,1.0
snapshot_sym5_date65_am.csv,label_5,past,893,1994,0.4478
snapshot_sym5_date65_am.csv,label_10,future,1989,1989,1.0
snapshot_sym5_date65_am.csv,label_10,past,660,1989,0.3318
snapshot_sym5_date65_am.csv,label_20,future,1979,1979,1.0
snapshot_sym5_date65_am.csv,label_20,past,855,1979,0.432
snapshot_sym5_date65_am.csv,label_40,future,1959,1959,1.0
snapshot_sym5_date65_am.csv,label_40,past,714,1959,0.3645
snapshot_sym5_date65_am.csv,label_60,future,1939,1939,1.0
snapshot_sym5_date65_am.csv,label_60,past,611,1939,0.3151
snapshot_sym5_date65_pm.csv,label_5,future,1994,1994,1.0
snapshot_sym5_date65_pm.csv,label_5,past,1055,1994,0.5291
snapshot_sym5_date65_pm.csv,label_10,future,1989,1989,1.0
snapshot_sym5_date65_pm.csv,label_10,past,830,1989,0.4173
snapshot_sym5_date65_pm.csv,label_20,future,1979,1979,1.0
snapshot_sym5_date65_pm.csv,label_20,past,844,1979,0.4265
snapshot_sym5_date65_pm.csv,label_40,future,1959,1959,1.0
snapshot_sym5_date65_pm.csv,label_40,past,636,1959,0.3247
snapshot_sym5_date65_pm.csv,label_60,future,1939,1939,1.0
snapshot_sym5_date65_pm.csv,label_60,past,586,1939,0.3022
snapshot_sym5_date67_am.csv,label_5,future,1994,1994,1.0
snapshot_sym5_date67_am.csv,label_5,past,1139,1994,0.5712
snapshot_sym5_date67_am.csv,label_10,future,1989,1989,1.0
snapshot_sym5_date67_am.csv,label_10,past,860,1989,0.4324
snapshot_sym5_date67_am.csv,label_20,future,1979,1979,1.0
snapshot_sym5_date67_am.csv,label_20,past,1261,1979,0.6372
snapshot_sym5_date67_am.csv,label_40,future,1959,1959,1.0
snapshot_sym5_date67_am.csv,label_40,past,1018,1959,0.5197
snapshot_sym5_date67_am.csv,label_60,future,1939,1939,1.0
snapshot_sym5_date67_am.csv,label_60,past,727,1939,0.3749
snapshot_sym5_date68_am.csv,label_5,future,1994,1994,1.0
snapshot_sym5_date68_am.csv,label_5,past,883,1994,0.4428
snapshot_sym5_date68_am.csv,label_10,future,1989,1989,1.0
snapshot_sym5_date68_am.csv,label_10,past,841,1989,0.4228
snapshot_sym5_date68_am.csv,label_20,future,1979,1979,1.0
snapshot_sym5_date68_am.csv,label_20,past,947,1979,0.4785
snapshot_sym5_date68_am.csv,label_40,future,1959,1959,1.0
snapshot_sym5_date68_am.csv,label_40,past,779,1959,0.3977
snapshot_sym5_date68_am.csv,label_60,future,1939,1939,1.0
snapshot_sym5_date68_am.csv,label_60,past,721,1939,0.3718
snapshot_sym5_date68_pm.csv,label_5,future,1994,1994,1.0
snapshot_sym5_date68_pm.csv,label_5,past,855,1994,0.4288
snapshot_sym5_date68_pm.csv,label_10,future,1989,1989,1.0
snapshot_sym5_date68_pm.csv,label_10,past,795,1989,0.3997
snapshot_sym5_date68_pm.csv,label_20,future,1979,1979,1.0
snapshot_sym5_date68_pm.csv,label_20,past,1156,1979,0.5841
snapshot_sym5_date68_pm.csv,label_40,future,1959,1959,1.0
snapshot_sym5_date68_pm.csv,label_40,past,888,1959,0.4533
snapshot_sym5_date68_pm.csv,label_60,future,1939,1939,1.0
snapshot_sym5_date68_pm.csv,label_60,past,667,1939,0.344
snapshot_sym5_date69_am.csv,label_5,future,1994,1994,1.0
snapshot_sym5_date69_am.csv,label_5,past,782,1994,0.3922
snapshot_sym5_date69_am.csv,label_10,future,1989,1989,1.0
snapshot_sym5_date69_am.csv,label_10,past,834,1989,0.4193
snapshot_sym5_date69_am.csv,label_20,future,1979,1979,1.0
snapshot_sym5_date69_am.csv,label_20,past,728,1979,0.3679
snapshot_sym5_date69_am.csv,label_40,future,1959,1959,1.0
snapshot_sym5_date69_am.csv,label_40,past,713,1959,0.364
snapshot_sym5_date69_am.csv,label_60,future,1939,1939,1.0
snapshot_sym5_date69_am.csv,label_60,past,657,1939,0.3388
snapshot_sym5_date69_pm.csv,label_5,future,1994,1994,1.0
snapshot_sym5_date69_pm.csv,label_5,past,1079,1994,0.5411
snapshot_sym5_date69_pm.csv,label_10,future,1989,1989,1.0
snapshot_sym5_date69_pm.csv,label_10,past,856,1989,0.4304
snapshot_sym5_date69_pm.csv,label_20,future,1979,1979,1.0
snapshot_sym5_date69_pm.csv,label_20,past,1284,1979,0.6488
snapshot_sym5_date69_pm.csv,label_40,future,1959,1959,1.0
snapshot_sym5_date69_pm.csv,label_40,past,905,1959,0.462
snapshot_sym5_date69_pm.csv,label_60,future,1939,1939,1.0
snapshot_sym5_date69_pm.csv,label_60,past,764,1939,0.394
snapshot_sym5_date6_am.csv,label_5,future,1994,1994,1.0
snapshot_sym5_date6_am.csv,label_5,past,1000,1994,0.5015
snapshot_sym5_date6_am.csv,label_10,future,1989,1989,1.0
snapshot_sym5_date6_am.csv,label_10,past,874,1989,0.4394
snapshot_sym5_date6_am.csv,label_20,future,1979,1979,1.0
snapshot_sym5_date6_am.csv,label_20,past,861,1979,0.4351
snapshot_sym5_date6_am.csv,label_40,future,1959,1959,1.0
snapshot_sym5_date6_am.csv,label_40,past,728,1959,0.3716
snapshot_sym5_date6_am.csv,label_60,future,1939,1939,1.0
snapshot_sym5_date6_am.csv,label_60,past,577,1939,0.2976
snapshot_sym5_date70_am.csv,label_5,future,1994,1994,1.0
snapshot_sym5_date70_am.csv,label_5,past,941,1994,0.4719
snapshot_sym5_date70_am.csv,label_10,future,1989,1989,1.0
snapshot_sym5_date70_am.csv,label_10,past,711,1989,0.3575
snapshot_sym5_date70_am.csv,label_20,future,1979,1979,1.0
snapshot_sym5_date70_am.csv,label_20,past,817,1979,0.4128
snapshot_sym5_date70_am.csv,label_40,future,1959,1959,1.0
snapshot_sym5_date70_am.csv,label_40,past,537,1959,0.2741
snapshot_sym5_date70_am.csv,label_60,future,1939,1939,1.0
snapshot_sym5_date70_am.csv,label_60,past,488,1939,0.2517
snapshot_sym5_date70_pm.csv,label_5,future,1994,1994,1.0
snapshot_sym5_date70_pm.csv,label_5,past,995,1994,0.499
snapshot_sym5_date70_pm.csv,label_10,future,1989,1989,1.0
snapshot_sym5_date70_pm.csv,label_10,past,708,1989,0.356
snapshot_sym5_date70_pm.csv,label_20,future,1979,1979,1.0
snapshot_sym5_date70_pm.csv,label_20,past,964,1979,0.4871
snapshot_sym5_date70_pm.csv,label_40,future,1959,1959,1.0
snapshot_sym5_date70_pm.csv,label_40,past,680,1959,0.3471
snapshot_sym5_date70_pm.csv,label_60,future,1939,1939,1.0
snapshot_sym5_date70_pm.csv,label_60,past,622,1939,0.3208
snapshot_sym5_date71_am.csv,label_5,future,1994,1994,1.0
snapshot_sym5_date71_am.csv,label_5,past,967,1994,0.485
snapshot_sym5_date71_am.csv,label_10,future,1989,1989,1.0
snapshot_sym5_date71_am.csv,label_10,past,797,1989,0.4007
snapshot_sym5_date71_am.csv,label_20,future,1979,1979,1.0
snapshot_sym5_date71_am.csv,label_20,past,761,1979,0.3845
snapshot_sym5_date71_am.csv,label_40,future,1959,1959,1.0
snapshot_sym5_date71_am.csv,label_40,past,703,1959,0.3589
snapshot_sym5_date71_am.csv,label_60,future,1939,1939,1.0
snapshot_sym5_date71_am.csv,label_60,past,592,1939,0.3053
snapshot_sym5_date71_pm.csv,label_5,future,1994,1994,1.0
snapshot_sym5_date71_pm.csv,label_5,past,971,1994,0.487
snapshot_sym5_date71_pm.csv,label_10,future,1989,1989,1.0
snapshot_sym5_date71_pm.csv,label_10,past,782,1989,0.3932
snapshot_sym5_date71_pm.csv,label_20,future,1979,1979,1.0
snapshot_sym5_date71_pm.csv,label_20,past,1000,1979,0.5053
snapshot_sym5_date71_pm.csv,label_40,future,1959,1959,1.0
snapshot_sym5_date71_pm.csv,label_40,past,589,1959,0.3007
snapshot_sym5_date71_pm.csv,label_60,future,1939,1939,1.0
snapshot_sym5_date71_pm.csv,label_60,past,454,1939,0.2341
snapshot_sym5_date72_am.csv,label_5,future,1994,1994,1.0
snapshot_sym5_date72_am.csv,label_5,past,1017,1994,0.51
snapshot_sym5_date72_am.csv,label_10,future,1989,1989,1.0
snapshot_sym5_date72_am.csv,label_10,past,929,1989,0.4671
snapshot_sym5_date72_am.csv,label_20,future,1979,1979,1.0
snapshot_sym5_date72_am.csv,label_20,past,1111,1979,0.5614
snapshot_sym5_date72_am.csv,label_40,future,1959,1959,1.0
snapshot_sym5_date72_am.csv,label_40,past,1012,1959,0.5166
snapshot_sym5_date72_am.csv,label_60,future,1939,1939,1.0
snapshot_sym5_date72_am.csv,label_60,past,940,1939,0.4848
snapshot_sym5_date72_pm.csv,label_5,future,1994,1994,1.0
snapshot_sym5_date72_pm.csv,label_5,past,1003,1994,0.503
snapshot_sym5_date72_pm.csv,label_10,future,1989,1989,1.0
snapshot_sym5_date72_pm.csv,label_10,past,777,1989,0.3906
snapshot_sym5_date72_pm.csv,label_20,future,1979,1979,1.0
snapshot_sym5_date72_pm.csv,label_20,past,809,1979,0.4088
snapshot_sym5_date72_pm.csv,label_40,future,1959,1959,1.0
snapshot_sym5_date72_pm.csv,label_40,past,760,1959,0.388
snapshot_sym5_date72_pm.csv,label_60,future,1939,1939,1.0
snapshot_sym5_date72_pm.csv,label_60,past,644,1939,0.3321
snapshot_sym5_date73_am.csv,label_5,future,1994,1994,1.0
snapshot_sym5_date73_am.csv,label_5,past,849,1994,0.4258
snapshot_sym5_date73_am.csv,label_10,future,1989,1989,1.0
snapshot_sym5_date73_am.csv,label_10,past,767,1989,0.3856
snapshot_sym5_date73_am.csv,label_20,future,1979,1979,1.0
snapshot_sym5_date73_am.csv,label_20,past,847,1979,0.428
snapshot_sym5_date73_am.csv,label_40,future,1959,1959,1.0
snapshot_sym5_date73_am.csv,label_40,past,660,1959,0.3369
snapshot_sym5_date73_am.csv,label_60,future,1939,1939,1.0
snapshot_sym5_date73_am.csv,label_60,past,568,1939,0.2929
snapshot_sym5_date73_pm.csv,label_5,future,1994,1994,1.0
snapshot_sym5_date73_pm.csv,label_5,past,1116,1994,0.5597
snapshot_sym5_date73_pm.csv,label_10,future,1989,1989,1.0
snapshot_sym5_date73_pm.csv,label_10,past,918,1989,0.4615
snapshot_sym5_date73_pm.csv,label_20,future,1979,1979,1.0
snapshot_sym5_date73_pm.csv,label_20,past,1045,1979,0.528
snapshot_sym5_date73_pm.csv,label_40,future,1959,1959,1.0
snapshot_sym5_date73_pm.csv,label_40,past,758,1959,0.3869
snapshot_sym5_date73_pm.csv,label_60,future,1939,1939,1.0
snapshot_sym5_date73_pm.csv,label_60,past,640,1939,0.3301
snapshot_sym5_date74_am.csv,label_5,future,1994,1994,1.0
snapshot_sym5_date74_am.csv,label_5,past,1173,1994,0.5883
snapshot_sym5_date74_am.csv,label_10,future,1989,1989,1.0
snapshot_sym5_date74_am.csv,label_10,past,901,1989,0.453
snapshot_sym5_date74_am.csv,label_20,future,1979,1979,1.0
snapshot_sym5_date74_am.csv,label_20,past,1004,1979,0.5073
snapshot_sym5_date74_am.csv,label_40,future,1959,1959,1.0
snapshot_sym5_date74_am.csv,label_40,past,820,1959,0.4186
snapshot_sym5_date74_am.csv,label_60,future,1939,1939,1.0
snapshot_sym5_date74_am.csv,label_60,past,674,1939,0.3476
snapshot_sym5_date74_pm.csv,label_5,future,1994,1994,1.0
snapshot_sym5_date74_pm.csv,label_5,past,918,1994,0.4604
snapshot_sym5_date74_pm.csv,label_10,future,1989,1989,1.0
snapshot_sym5_date74_pm.csv,label_10,past,780,1989,0.3922
snapshot_sym5_date74_pm.csv,label_20,future,1979,1979,1.0
snapshot_sym5_date74_pm.csv,label_20,past,818,1979,0.4133
snapshot_sym5_date74_pm.csv,label_40,future,1959,1959,1.0
snapshot_sym5_date74_pm.csv,label_40,past,681,1959,0.3476
snapshot_sym5_date74_pm.csv,label_60,future,1939,1939,1.0
snapshot_sym5_date74_pm.csv,label_60,past,590,1939,0.3043
snapshot_sym5_date75_am.csv,label_5,future,1994,1994,1.0
snapshot_sym5_date75_am.csv,label_5,past,882,1994,0.4423
snapshot_sym5_date75_am.csv,label_10,future,1989,1989,1.0
snapshot_sym5_date75_am.csv,label_10,past,721,1989,0.3625
snapshot_sym5_date75_am.csv,label_20,future,1979,1979,1.0
snapshot_sym5_date75_am.csv,label_20,past,779,1979,0.3936
snapshot_sym5_date75_am.csv,label_40,future,1959,1959,1.0
snapshot_sym5_date75_am.csv,label_40,past,643,1959,0.3282
snapshot_sym5_date75_am.csv,label_60,future,1939,1939,1.0
snapshot_sym5_date75_am.csv,label_60,past,508,1939,0.262
snapshot_sym5_date75_pm.csv,label_5,future,1994,1994,1.0
snapshot_sym5_date75_pm.csv,label_5,past,817,1994,0.4097
snapshot_sym5_date75_pm.csv,label_10,future,1989,1989,1.0
snapshot_sym5_date75_pm.csv,label_10,past,743,1989,0.3736
snapshot_sym5_date75_pm.csv,label_20,future,1979,1979,1.0
snapshot_sym5_date75_pm.csv,label_20,past,755,1979,0.3815
snapshot_sym5_date75_pm.csv,label_40,future,1959,1959,1.0
snapshot_sym5_date75_pm.csv,label_40,past,691,1959,0.3527
snapshot_sym5_date75_pm.csv,label_60,future,1939,1939,1.0
snapshot_sym5_date75_pm.csv,label_60,past,657,1939,0.3388
snapshot_sym5_date76_am.csv,label_5,future,1994,1994,1.0
snapshot_sym5_date76_am.csv,label_5,past,882,1994,0.4423
snapshot_sym5_date76_am.csv,label_10,future,1989,1989,1.0
snapshot_sym5_date76_am.csv,label_10,past,706,1989,0.355
snapshot_sym5_date76_am.csv,label_20,future,1979,1979,1.0
snapshot_sym5_date76_am.csv,label_20,past,566,1979,0.286
snapshot_sym5_date76_am.csv,label_40,future,1959,1959,1.0
snapshot_sym5_date76_am.csv,label_40,past,583,1959,0.2976
snapshot_sym5_date76_am.csv,label_60,future,1939,1939,1.0
snapshot_sym5_date76_am.csv,label_60,past,532,1939,0.2744
snapshot_sym5_date76_pm.csv,label_5,future,1994,1994,1.0
snapshot_sym5_date76_pm.csv,label_5,past,990,1994,0.4965
snapshot_sym5_date76_pm.csv,label_10,future,1989,1989,1.0
snapshot_sym5_date76_pm.csv,label_10,past,832,1989,0.4183
snapshot_sym5_date76_pm.csv,label_20,future,1979,1979,1.0
snapshot_sym5_date76_pm.csv,label_20,past,785,1979,0.3967
snapshot_sym5_date76_pm.csv,label_40,future,1959,1959,1.0
snapshot_sym5_date76_pm.csv,label_40,past,734,1959,0.3747
snapshot_sym5_date76_pm.csv,label_60,future,1939,1939,1.0
snapshot_sym5_date76_pm.csv,label_60,past,723,1939,0.3729
snapshot_sym5_date77_am.csv,label_5,future,1994,1994,1.0
snapshot_sym5_date77_am.csv,label_5,past,764,1994,0.3831
snapshot_sym5_date77_am.csv,label_10,future,1989,1989,1.0
snapshot_sym5_date77_am.csv,label_10,past,773,1989,0.3886
snapshot_sym5_date77_am.csv,label_20,future,1979,1979,1.0
snapshot_sym5_date77_am.csv,label_20,past,767,1979,0.3876
snapshot_sym5_date77_am.csv,label_40,future,1959,1959,1.0
snapshot_sym5_date77_am.csv,label_40,past,809,1959,0.413
snapshot_sym5_date77_am.csv,label_60,future,1939,1939,1.0
snapshot_sym5_date77_am.csv,label_60,past,824,1939,0.425
snapshot_sym5_date77_pm.csv,label_5,future,1994,1994,1.0
snapshot_sym5_date77_pm.csv,label_5,past,868,1994,0.4353
snapshot_sym5_date77_pm.csv,label_10,future,1989,1989,1.0
snapshot_sym5_date77_pm.csv,label_10,past,780,1989,0.3922
snapshot_sym5_date77_pm.csv,label_20,future,1979,1979,1.0
snapshot_sym5_date77_pm.csv,label_20,past,824,1979,0.4164
snapshot_sym5_date77_pm.csv,label_40,future,1959,1959,1.0
snapshot_sym5_date77_pm.csv,label_40,past,744,1959,0.3798
snapshot_sym5_date77_pm.csv,label_60,future,1939,1939,1.0
snapshot_sym5_date77_pm.csv,label_60,past,716,1939,0.3693
snapshot_sym5_date78_am.csv,label_5,future,1994,1994,1.0
snapshot_sym5_date78_am.csv,label_5,past,937,1994,0.4699
snapshot_sym5_date78_am.csv,label_10,future,1989,1989,1.0
snapshot_sym5_date78_am.csv,label_10,past,800,1989,0.4022
snapshot_sym5_date78_am.csv,label_20,future,1979,1979,1.0
snapshot_sym5_date78_am.csv,label_20,past,712,1979,0.3598
snapshot_sym5_date78_am.csv,label_40,future,1959,1959,1.0
snapshot_sym5_date78_am.csv,label_40,past,695,1959,0.3548
snapshot_sym5_date78_am.csv,label_60,future,1939,1939,1.0
snapshot_sym5_date78_am.csv,label_60,past,724,1939,0.3734
snapshot_sym5_date7_pm.csv,label_5,future,1994,1994,1.0
snapshot_sym5_date7_pm.csv,label_5,past,1123,1994,0.5632
snapshot_sym5_date7_pm.csv,label_10,future,1989,1989,1.0
snapshot_sym5_date7_pm.csv,label_10,past,909,1989,0.457
snapshot_sym5_date7_pm.csv,label_20,future,1979,1979,1.0
snapshot_sym5_date7_pm.csv,label_20,past,809,1979,0.4088
snapshot_sym5_date7_pm.csv,label_40,future,1959,1959,1.0
snapshot_sym5_date7_pm.csv,label_40,past,728,1959,0.3716
snapshot_sym5_date7_pm.csv,label_60,future,1939,1939,1.0
snapshot_sym5_date7_pm.csv,label_60,past,598,1939,0.3084
snapshot_sym5_date8_am.csv,label_5,future,1994,1994,1.0
snapshot_sym5_date8_am.csv,label_5,past,974,1994,0.4885
snapshot_sym5_date8_am.csv,label_10,future,1989,1989,1.0
snapshot_sym5_date8_am.csv,label_10,past,743,1989,0.3736
snapshot_sym5_date8_am.csv,label_20,future,1979,1979,1.0
snapshot_sym5_date8_am.csv,label_20,past,846,1979,0.4275
snapshot_sym5_date8_am.csv,label_40,future,1959,1959,1.0
snapshot_sym5_date8_am.csv,label_40,past,714,1959,0.3645
snapshot_sym5_date8_am.csv,label_60,future,1939,1939,1.0
snapshot_sym5_date8_am.csv,label_60,past,690,1939,0.3559
snapshot_sym5_date9_am.csv,label_5,future,1994,1994,1.0
snapshot_sym5_date9_am.csv,label_5,past,1033,1994,0.5181
snapshot_sym5_date9_am.csv,label_10,future,1989,1989,1.0
snapshot_sym5_date9_am.csv,label_10,past,823,1989,0.4138
snapshot_sym5_date9_am.csv,label_20,future,1979,1979,1.0
snapshot_sym5_date9_am.csv,label_20,past,843,1979,0.426
snapshot_sym5_date9_am.csv,label_40,future,1959,1959,1.0
snapshot_sym5_date9_am.csv,label_40,past,629,1959,0.3211
snapshot_sym5_date9_am.csv,label_60,future,1939,1939,1.0
snapshot_sym5_date9_am.csv,label_60,past,632,1939,0.3259
snapshot_sym6_date10_am.csv,label_5,future,1994,1994,1.0
snapshot_sym6_date10_am.csv,label_5,past,850,1994,0.4263
snapshot_sym6_date10_am.csv,label_10,future,1989,1989,1.0
snapshot_sym6_date10_am.csv,label_10,past,691,1989,0.3474
snapshot_sym6_date10_am.csv,label_20,future,1979,1979,1.0
snapshot_sym6_date10_am.csv,label_20,past,1251,1979,0.6321
snapshot_sym6_date10_am.csv,label_40,future,1959,1959,1.0
snapshot_sym6_date10_am.csv,label_40,past,932,1959,0.4758
snapshot_sym6_date10_am.csv,label_60,future,1939,1939,1.0
snapshot_sym6_date10_am.csv,label_60,past,830,1939,0.4281
snapshot_sym6_date10_pm.csv,label_5,future,1994,1994,1.0
snapshot_sym6_date10_pm.csv,label_5,past,1145,1994,0.5742
snapshot_sym6_date10_pm.csv,label_10,future,1989,1989,1.0
snapshot_sym6_date10_pm.csv,label_10,past,899,1989,0.452
snapshot_sym6_date10_pm.csv,label_20,future,1979,1979,1.0
snapshot_sym6_date10_pm.csv,label_20,past,1450,1979,0.7327
snapshot_sym6_date10_pm.csv,label_40,future,1959,1959,1.0
snapshot_sym6_date10_pm.csv,label_40,past,1044,1959,0.5329
snapshot_sym6_date10_pm.csv,label_60,future,1939,1939,1.0
snapshot_sym6_date10_pm.csv,label_60,past,894,1939,0.4611
snapshot_sym6_date11_am.csv,label_5,future,1994,1994,1.0
snapshot_sym6_date11_am.csv,label_5,past,858,1994,0.4303
snapshot_sym6_date11_am.csv,label_10,future,1989,1989,1.0
snapshot_sym6_date11_am.csv,label_10,past,740,1989,0.372
snapshot_sym6_date11_am.csv,label_20,future,1979,1979,1.0
snapshot_sym6_date11_am.csv,label_20,past,1101,1979,0.5563
snapshot_sym6_date11_am.csv,label_40,future,1959,1959,1.0
snapshot_sym6_date11_am.csv,label_40,past,924,1959,0.4717
snapshot_sym6_date11_am.csv,label_60,future,1939,1939,1.0
snapshot_sym6_date11_am.csv,label_60,past,708,1939,0.3651
snapshot_sym6_date11_pm.csv,label_5,future,1994,1994,1.0
snapshot_sym6_date11_pm.csv,label_5,past,823,1994,0.4127
snapshot_sym6_date11_pm.csv,label_10,future,1989,1989,1.0
snapshot_sym6_date11_pm.csv,label_10,past,728,1989,0.366
snapshot_sym6_date11_pm.csv,label_20,future,1979,1979,1.0
snapshot_sym6_date11_pm.csv,label_20,past,1266,1979,0.6397
snapshot_sym6_date11_pm.csv,label_40,future,1959,1959,1.0
snapshot_sym6_date11_pm.csv,label_40,past,985,1959,0.5028
snapshot_sym6_date11_pm.csv,label_60,future,1939,1939,1.0
snapshot_sym6_date11_pm.csv,label_60,past,695,1939,0.3584
snapshot_sym6_date12_am.csv,label_5,future,1994,1994,1.0
snapshot_sym6_date12_am.csv,label_5,past,810,1994,0.4062
snapshot_sym6_date12_am.csv,label_10,future,1989,1989,1.0
snapshot_sym6_date12_am.csv,label_10,past,631,1989,0.3172
snapshot_sym6_date12_am.csv,label_20,future,1979,1979,1.0
snapshot_sym6_date12_am.csv,label_20,past,1160,1979,0.5862
snapshot_sym6_date12_am.csv,label_40,future,1959,1959,1.0
snapshot_sym6_date12_am.csv,label_40,past,792,1959,0.4043
snapshot_sym6_date12_am.csv,label_60,future,1939,1939,1.0
snapshot_sym6_date12_am.csv,label_60,past,557,1939,0.2873
snapshot_sym6_date12_pm.csv,label_5,future,1994,1994,1.0
snapshot_sym6_date12_pm.csv,label_5,past,856,1994,0.4293
snapshot_sym6_date12_pm.csv,label_10,future,1989,1989,1.0
snapshot_sym6_date12_pm.csv,label_10,past,746,1989,0.3751
snapshot_sym6_date12_pm.csv,label_20,future,1979,1979,1.0
snapshot_sym6_date12_pm.csv,label_20,past,1391,1979,0.7029
snapshot_sym6_date12_pm.csv,label_40,future,1959,1959,1.0
snapshot_sym6_date12_pm.csv,label_40,past,981,1959,0.5008
snapshot_sym6_date12_pm.csv,label_60,future,1939,1939,1.0
snapshot_sym6_date12_pm.csv,label_60,past,746,1939,0.3847
snapshot_sym6_date13_am.csv,label_5,future,1994,1994,1.0
snapshot_sym6_date13_am.csv,label_5,past,888,1994,0.4453
snapshot_sym6_date13_am.csv,label_10,future,1989,1989,1.0
snapshot_sym6_date13_am.csv,label_10,past,749,1989,0.3766
snapshot_sym6_date13_am.csv,label_20,future,1979,1979,1.0
snapshot_sym6_date13_am.csv,label_20,past,1227,1979,0.62
snapshot_sym6_date13_am.csv,label_40,future,1959,1959,1.0
snapshot_sym6_date13_am.csv,label_40,past,862,1959,0.44
snapshot_sym6_date13_am.csv,label_60,future,1939,1939,1.0
snapshot_sym6_date13_am.csv,label_60,past,791,1939,0.4079
snapshot_sym6_date13_pm.csv,label_5,future,1994,1994,1.0
snapshot_sym6_date13_pm.csv,label_5,past,686,1994,0.344
snapshot_sym6_date13_pm.csv,label_10,future,1989,1989,1.0
snapshot_sym6_date13_pm.csv,label_10,past,579,1989,0.2911
snapshot_sym6_date13_pm.csv,label_20,future,1979,1979,1.0
snapshot_sym6_date13_pm.csv,label_20,past,1189,1979,0.6008
snapshot_sym6_date13_pm.csv,label_40,future,1959,1959,1.0
snapshot_sym6_date13_pm.csv,label_40,past,809,1959,0.413
snapshot_sym6_date13_pm.csv,label_60,future,1939,1939,1.0
snapshot_sym6_date13_pm.csv,label_60,past,589,1939,0.3038
snapshot_sym6_date14_am.csv,label_5,future,1994,1994,1.0
snapshot_sym6_date14_am.csv,label_5,past,944,1994,0.4734
snapshot_sym6_date14_am.csv,label_10,future,1989,1989,1.0
snapshot_sym6_date14_am.csv,label_10,past,636,1989,0.3198
snapshot_sym6_date14_am.csv,label_20,future,1979,1979,1.0
snapshot_sym6_date14_am.csv,label_20,past,1285,1979,0.6493
snapshot_sym6_date14_am.csv,label_40,future,1959,1959,1.0
snapshot_sym6_date14_am.csv,label_40,past,886,1959,0.4523
snapshot_sym6_date14_am.csv,label_60,future,1939,1939,1.0
snapshot_sym6_date14_am.csv,label_60,past,770,1939,0.3971
snapshot_sym6_date14_pm.csv,label_5,future,1994,1994,1.0
snapshot_sym6_date14_pm.csv,label_5,past,791,1994,0.3967
snapshot_sym6_date14_pm.csv,label_10,future,1989,1989,1.0
snapshot_sym6_date14_pm.csv,label_10,past,801,1989,0.4027
snapshot_sym6_date14_pm.csv,label_20,future,1979,1979,1.0
snapshot_sym6_date14_pm.csv,label_20,past,1288,1979,0.6508
snapshot_sym6_date14_pm.csv,label_40,future,1959,1959,1.0
snapshot_sym6_date14_pm.csv,label_40,past,878,1959,0.4482
snapshot_sym6_date14_pm.csv,label_60,future,1939,1939,1.0
snapshot_sym6_date14_pm.csv,label_60,past,664,1939,0.3424
snapshot_sym6_date15_am.csv,label_5,future,1994,1994,1.0
snapshot_sym6_date15_am.csv,label_5,past,980,1994,0.4915
snapshot_sym6_date15_am.csv,label_10,future,1989,1989,1.0
snapshot_sym6_date15_am.csv,label_10,past,816,1989,0.4103
snapshot_sym6_date15_am.csv,label_20,future,1979,1979,1.0
snapshot_sym6_date15_am.csv,label_20,past,1401,1979,0.7079
snapshot_sym6_date15_am.csv,label_40,future,1959,1959,1.0
snapshot_sym6_date15_am.csv,label_40,past,954,1959,0.487
snapshot_sym6_date15_am.csv,label_60,future,1939,1939,1.0
snapshot_sym6_date15_am.csv,label_60,past,760,1939,0.392
snapshot_sym6_date15_pm.csv,label_5,future,1994,1994,1.0
snapshot_sym6_date15_pm.csv,label_5,past,1108,1994,0.5557
snapshot_sym6_date15_pm.csv,label_10,future,1989,1989,1.0
snapshot_sym6_date15_pm.csv,label_10,past,873,1989,0.4389
snapshot_sym6_date15_pm.csv,label_20,future,1979,1979,1.0
snapshot_sym6_date15_pm.csv,label_20,past,1604,1979,0.8105
snapshot_sym6_date15_pm.csv,label_40,future,1959,1959,1.0
snapshot_sym6_date15_pm.csv,label_40,past,1259,1959,0.6427
snapshot_sym6_date15_pm.csv,label_60,future,1939,1939,1.0
snapshot_sym6_date15_pm.csv,label_60,past,1116,1939,0.5756
snapshot_sym6_date16_am.csv,label_5,future,1994,1994,1.0
snapshot_sym6_date16_am.csv,label_5,past,815,1994,0.4087
snapshot_sym6_date16_am.csv,label_10,future,1989,1989,1.0
snapshot_sym6_date16_am.csv,label_10,past,682,1989,0.3429
snapshot_sym6_date16_am.csv,label_20,future,1979,1979,1.0
snapshot_sym6_date16_am.csv,label_20,past,1045,1979,0.528
snapshot_sym6_date16_am.csv,label_40,future,1959,1959,1.0
snapshot_sym6_date16_am.csv,label_40,past,753,1959,0.3844
snapshot_sym6_date16_am.csv,label_60,future,1939,1939,1.0
snapshot_sym6_date16_am.csv,label_60,past,728,1939,0.3755
snapshot_sym6_date16_pm.csv,label_5,future,1994,1994,1.0
snapshot_sym6_date16_pm.csv,label_5,past,948,1994,0.4754
snapshot_sym6_date16_pm.csv,label_10,future,1989,1989,1.0
snapshot_sym6_date16_pm.csv,label_10,past,775,1989,0.3896
snapshot_sym6_date16_pm.csv,label_20,future,1979,1979,1.0
snapshot_sym6_date16_pm.csv,label_20,past,1462,1979,0.7388
snapshot_sym6_date16_pm.csv,label_40,future,1959,1959,1.0
snapshot_sym6_date16_pm.csv,label_40,past,1030,1959,0.5258
snapshot_sym6_date16_pm.csv,label_60,future,1939,1939,1.0
snapshot_sym6_date16_pm.csv,label_60,past,801,1939,0.4131
snapshot_sym6_date17_am.csv,label_5,future,1994,1994,1.0
snapshot_sym6_date17_am.csv,label_5,past,800,1994,0.4012
snapshot_sym6_date17_am.csv,label_10,future,1989,1989,1.0
snapshot_sym6_date17_am.csv,label_10,past,705,1989,0.3544
snapshot_sym6_date17_am.csv,label_20,future,1979,1979,1.0
snapshot_sym6_date17_am.csv,label_20,past,1134,1979,0.573
snapshot_sym6_date17_am.csv,label_40,future,1959,1959,1.0
snapshot_sym6_date17_am.csv,label_40,past,962,1959,0.4911
snapshot_sym6_date17_am.csv,label_60,future,1939,1939,1.0
snapshot_sym6_date17_am.csv,label_60,past,869,1939,0.4482
snapshot_sym6_date17_pm.csv,label_5,future,1994,1994,1.0
snapshot_sym6_date17_pm.csv,label_5,past,873,1994,0.4378
snapshot_sym6_date17_pm.csv,label_10,future,1989,1989,1.0
snapshot_sym6_date17_pm.csv,label_10,past,766,1989,0.3851
snapshot_sym6_date17_pm.csv,label_20,future,1979,1979,1.0
snapshot_sym6_date17_pm.csv,label_20,past,1325,1979,0.6695
snapshot_sym6_date17_pm.csv,label_40,future,1959,1959,1.0
snapshot_sym6_date17_pm.csv,label_40,past,1005,1959,0.513
snapshot_sym6_date17_pm.csv,label_60,future,1939,1939,1.0
snapshot_sym6_date17_pm.csv,label_60,past,773,1939,0.3987
snapshot_sym6_date18_am.csv,label_5,future,1994,1994,1.0
snapshot_sym6_date18_am.csv,label_5,past,757,1994,0.3796
snapshot_sym6_date18_am.csv,label_10,future,1989,1989,1.0
snapshot_sym6_date18_am.csv,label_10,past,784,1989,0.3942
snapshot_sym6_date18_am.csv,label_20,future,1979,1979,1.0
snapshot_sym6_date18_am.csv,label_20,past,1059,1979,0.5351
snapshot_sym6_date18_am.csv,label_40,future,1959,1959,1.0
snapshot_sym6_date18_am.csv,label_40,past,718,1959,0.3665
snapshot_sym6_date18_am.csv,label_60,future,1939,1939,1.0
snapshot_sym6_date18_am.csv,label_60,past,586,1939,0.3022
snapshot_sym6_date18_pm.csv,label_5,future,1994,1994,1.0
snapshot_sym6_date18_pm.csv,label_5,past,775,1994,0.3887
snapshot_sym6_date18_pm.csv,label_10,future,1989,1989,1.0
snapshot_sym6_date18_pm.csv,label_10,past,771,1989,0.3876
snapshot_sym6_date18_pm.csv,label_20,future,1979,1979,1.0
snapshot_sym6_date18_pm.csv,label_20,past,1032,1979,0.5215
snapshot_sym6_date18_pm.csv,label_40,future,1959,1959,1.0
snapshot_sym6_date18_pm.csv,label_40,past,685,1959,0.3497
snapshot_sym6_date18_pm.csv,label_60,future,1939,1939,1.0
snapshot_sym6_date18_pm.csv,label_60,past,561,1939,0.2893
snapshot_sym6_date19_am.csv,label_5,future,1994,1994,1.0
snapshot_sym6_date19_am.csv,label_5,past,734,1994,0.3681
snapshot_sym6_date19_am.csv,label_10,future,1989,1989,1.0
snapshot_sym6_date19_am.csv,label_10,past,655,1989,0.3293
snapshot_sym6_date19_am.csv,label_20,future,1979,1979,1.0
snapshot_sym6_date19_am.csv,label_20,past,978,1979,0.4942
snapshot_sym6_date19_am.csv,label_40,future,1959,1959,1.0
snapshot_sym6_date19_am.csv,label_40,past,731,1959,0.3731
snapshot_sym6_date19_am.csv,label_60,future,1939,1939,1.0
snapshot_sym6_date19_am.csv,label_60,past,591,1939,0.3048
snapshot_sym6_date19_pm.csv,label_5,future,1994,1994,1.0
snapshot_sym6_date19_pm.csv,label_5,past,1068,1994,0.5356
snapshot_sym6_date19_pm.csv,label_10,future,1989,1989,1.0
snapshot_sym6_date19_pm.csv,label_10,past,829,1989,0.4168
snapshot_sym6_date19_pm.csv,label_20,future,1979,1979,1.0
snapshot_sym6_date19_pm.csv,label_20,past,1303,1979,0.6584
snapshot_sym6_date19_pm.csv,label_40,future,1959,1959,1.0
snapshot_sym6_date19_pm.csv,label_40,past,891,1959,0.4548
snapshot_sym6_date19_pm.csv,label_60,future,1939,1939,1.0
snapshot_sym6_date19_pm.csv,label_60,past,834,1939,0.4301
snapshot_sym6_date20_am.csv,label_5,future,1994,1994,1.0
snapshot_sym6_date20_am.csv,label_5,past,881,1994,0.4418
snapshot_sym6_date20_am.csv,label_10,future,1989,1989,1.0
snapshot_sym6_date20_am.csv,label_10,past,832,1989,0.4183
snapshot_sym6_date20_am.csv,label_20,future,1979,1979,1.0
snapshot_sym6_date20_am.csv,label_20,past,1099,1979,0.5553
snapshot_sym6_date20_am.csv,label_40,future,1959,1959,1.0
snapshot_sym6_date20_am.csv,label_40,past,691,1959,0.3527
snapshot_sym6_date20_am.csv,label_60,future,1939,1939,1.0
snapshot_sym6_date20_am.csv,label_60,past,421,1939,0.2171
snapshot_sym6_date20_pm.csv,label_5,future,1994,1994,1.0
snapshot_sym6_date20_pm.csv,label_5,past,1204,1994,0.6038
snapshot_sym6_date20_pm.csv,label_10,future,1989,1989,1.0
snapshot_sym6_date20_pm.csv,label_10,past,898,1989,0.4515
snapshot_sym6_date20_pm.csv,label_20,future,1979,1979,1.0
snapshot_sym6_date20_pm.csv,label_20,past,1726,1979,0.8722
snapshot_sym6_date20_pm.csv,label_40,future,1959,1959,1.0
snapshot_sym6_date20_pm.csv,label_40,past,1301,1959,0.6641
snapshot_sym6_date20_pm.csv,label_60,future,1939,1939,1.0
snapshot_sym6_date20_pm.csv,label_60,past,1046,1939,0.5395
snapshot_sym6_date21_am.csv,label_5,future,1994,1994,1.0
snapshot_sym6_date21_am.csv,label_5,past,700,1994,0.3511
snapshot_sym6_date21_am.csv,label_10,future,1989,1989,1.0
snapshot_sym6_date21_am.csv,label_10,past,693,1989,0.3484
snapshot_sym6_date21_am.csv,label_20,future,1979,1979,1.0
snapshot_sym6_date21_am.csv,label_20,past,978,1979,0.4942
snapshot_sym6_date21_am.csv,label_40,future,1959,1959,1.0
snapshot_sym6_date21_am.csv,label_40,past,704,1959,0.3594
snapshot_sym6_date21_am.csv,label_60,future,1939,1939,1.0
snapshot_sym6_date21_am.csv,label_60,past,610,1939,0.3146
snapshot_sym6_date21_pm.csv,label_5,future,1994,1994,1.0
snapshot_sym6_date21_pm.csv,label_5,past,855,1994,0.4288
snapshot_sym6_date21_pm.csv,label_10,future,1989,1989,1.0
snapshot_sym6_date21_pm.csv,label_10,past,726,1989,0.365
snapshot_sym6_date21_pm.csv,label_20,future,1979,1979,1.0
snapshot_sym6_date21_pm.csv,label_20,past,1231,1979,0.622
snapshot_sym6_date21_pm.csv,label_40,future,1959,1959,1.0
snapshot_sym6_date21_pm.csv,label_40,past,781,1959,0.3987
snapshot_sym6_date21_pm.csv,label_60,future,1939,1939,1.0
snapshot_sym6_date21_pm.csv,label_60,past,569,1939,0.2935
snapshot_sym6_date22_am.csv,label_5,future,1994,1994,1.0
snapshot_sym6_date22_am.csv,label_5,past,811,1994,0.4067
snapshot_sym6_date22_am.csv,label_10,future,1989,1989,1.0
snapshot_sym6_date22_am.csv,label_10,past,740,1989,0.372
snapshot_sym6_date22_am.csv,label_20,future,1979,1979,1.0
snapshot_sym6_date22_am.csv,label_20,past,1130,1979,0.571
snapshot_sym6_date22_am.csv,label_40,future,1959,1959,1.0
snapshot_sym6_date22_am.csv,label_40,past,786,1959,0.4012
snapshot_sym6_date22_am.csv,label_60,future,1939,1939,1.0
snapshot_sym6_date22_am.csv,label_60,past,642,1939,0.3311
snapshot_sym6_date22_pm.csv,label_5,future,1994,1994,1.0
snapshot_sym6_date22_pm.csv,label_5,past,892,1994,0.4473
snapshot_sym6_date22_pm.csv,label_10,future,1989,1989,1.0
snapshot_sym6_date22_pm.csv,label_10,past,787,1989,0.3957
snapshot_sym6_date22_pm.csv,label_20,future,1979,1979,1.0
snapshot_sym6_date22_pm.csv,label_20,past,1559,1979,0.7878
snapshot_sym6_date22_pm.csv,label_40,future,1959,1959,1.0
snapshot_sym6_date22_pm.csv,label_40,past,1058,1959,0.5401
snapshot_sym6_date22_pm.csv,label_60,future,1939,1939,1.0
snapshot_sym6_date22_pm.csv,label_60,past,815,1939,0.4203
snapshot_sym6_date23_am.csv,label_5,future,1994,1994,1.0
snapshot_sym6_date23_am.csv,label_5,past,914,1994,0.4584
snapshot_sym6_date23_am.csv,label_10,future,1989,1989,1.0
snapshot_sym6_date23_am.csv,label_10,past,751,1989,0.3776
snapshot_sym6_date23_am.csv,label_20,future,1979,1979,1.0
snapshot_sym6_date23_am.csv,label_20,past,1413,1979,0.714
snapshot_sym6_date23_am.csv,label_40,future,1959,1959,1.0
snapshot_sym6_date23_am.csv,label_40,past,907,1959,0.463
snapshot_sym6_date23_am.csv,label_60,future,1939,1939,1.0
snapshot_sym6_date23_am.csv,label_60,past,699,1939,0.3605
snapshot_sym6_date23_pm.csv,label_5,future,1994,1994,1.0
snapshot_sym6_date23_pm.csv,label_5,past,1101,1994,0.5522
snapshot_sym6_date23_pm.csv,label_10,future,1989,1989,1.0
snapshot_sym6_date23_pm.csv,label_10,past,944,1989,0.4746
snapshot_sym6_date23_pm.csv,label_20,future,1979,1979,1.0
snapshot_sym6_date23_pm.csv,label_20,past,1547,1979,0.7817
snapshot_sym6_date23_pm.csv,label_40,future,1959,1959,1.0
snapshot_sym6_date23_pm.csv,label_40,past,1228,1959,0.6269
snapshot_sym6_date23_pm.csv,label_60,future,1939,1939,1.0
snapshot_sym6_date23_pm.csv,label_60,past,1010,1939,0.5209
snapshot_sym6_date24_am.csv,label_5,future,1994,1994,1.0
snapshot_sym6_date24_am.csv,label_5,past,903,1994,0.4529
snapshot_sym6_date24_am.csv,label_10,future,1989,1989,1.0
snapshot_sym6_date24_am.csv,label_10,past,718,1989,0.361
snapshot_sym6_date24_am.csv,label_20,future,1979,1979,1.0
snapshot_sym6_date24_am.csv,label_20,past,1201,1979,0.6069
snapshot_sym6_date24_am.csv,label_40,future,1959,1959,1.0
snapshot_sym6_date24_am.csv,label_40,past,851,1959,0.4344
snapshot_sym6_date24_am.csv,label_60,future,1939,1939,1.0
snapshot_sym6_date24_am.csv,label_60,past,707,1939,0.3646
snapshot_sym6_date24_pm.csv,label_5,future,1994,1994,1.0
snapshot_sym6_date24_pm.csv,label_5,past,856,1994,0.4293
snapshot_sym6_date24_pm.csv,label_10,future,1989,1989,1.0
snapshot_sym6_date24_pm.csv,label_10,past,752,1989,0.3781
snapshot_sym6_date24_pm.csv,label_20,future,1979,1979,1.0
snapshot_sym6_date24_pm.csv,label_20,past,1350,1979,0.6822
snapshot_sym6_date24_pm.csv,label_40,future,1959,1959,1.0
snapshot_sym6_date24_pm.csv,label_40,past,959,1959,0.4895
snapshot_sym6_date24_pm.csv,label_60,future,1939,1939,1.0
snapshot_sym6_date24_pm.csv,label_60,past,859,1939,0.443
snapshot_sym6_date25_am.csv,label_5,future,1994,1994,1.0
snapshot_sym6_date25_am.csv,label_5,past,735,1994,0.3686
snapshot_sym6_date25_am.csv,label_10,future,1989,1989,1.0
snapshot_sym6_date25_am.csv,label_10,past,724,1989,0.364
snapshot_sym6_date25_am.csv,label_20,future,1979,1979,1.0
snapshot_sym6_date25_am.csv,label_20,past,1023,1979,0.5169
snapshot_sym6_date25_am.csv,label_40,future,1959,1959,1.0
snapshot_sym6_date25_am.csv,label_40,past,780,1959,0.3982
snapshot_sym6_date25_am.csv,label_60,future,1939,1939,1.0
snapshot_sym6_date25_am.csv,label_60,past,801,1939,0.4131
snapshot_sym6_date25_pm.csv,label_5,future,1994,1994,1.0
snapshot_sym6_date25_pm.csv,label_5,past,856,1994,0.4293
snapshot_sym6_date25_pm.csv,label_10,future,1989,1989,1.0
snapshot_sym6_date25_pm.csv,label_10,past,828,1989,0.4163
snapshot_sym6_date25_pm.csv,label_20,future,1979,1979,1.0
snapshot_sym6_date25_pm.csv,label_20,past,1105,1979,0.5584
snapshot_sym6_date25_pm.csv,label_40,future,1959,1959,1.0
snapshot_sym6_date25_pm.csv,label_40,past,744,1959,0.3798
snapshot_sym6_date25_pm.csv,label_60,future,1939,1939,1.0
snapshot_sym6_date25_pm.csv,label_60,past,659,1939,0.3399
snapshot_sym6_date26_am.csv,label_5,future,1994,1994,1.0
snapshot_sym6_date26_am.csv,label_5,past,749,1994,0.3756
snapshot_sym6_date26_am.csv,label_10,future,1989,1989,1.0
snapshot_sym6_date26_am.csv,label_10,past,699,1989,0.3514
snapshot_sym6_date26_am.csv,label_20,future,1979,1979,1.0
snapshot_sym6_date26_am.csv,label_20,past,1180,1979,0.5963
snapshot_sym6_date26_am.csv,label_40,future,1959,1959,1.0
snapshot_sym6_date26_am.csv,label_40,past,812,1959,0.4145
snapshot_sym6_date26_am.csv,label_60,future,1939,1939,1.0
snapshot_sym6_date26_am.csv,label_60,past,659,1939,0.3399
snapshot_sym6_date26_pm.csv,label_5,future,1994,1994,1.0
snapshot_sym6_date26_pm.csv,label_5,past,857,1994,0.4298
snapshot_sym6_date26_pm.csv,label_10,future,1989,1989,1.0
snapshot_sym6_date26_pm.csv,label_10,past,658,1989,0.3308
snapshot_sym6_date26_pm.csv,label_20,future,1979,1979,1.0
snapshot_sym6_date26_pm.csv,label_20,past,1171,1979,0.5917
snapshot_sym6_date26_pm.csv,label_40,future,1959,1959,1.0
snapshot_sym6_date26_pm.csv,label_40,past,758,1959,0.3869
snapshot_sym6_date26_pm.csv,label_60,future,1939,1939,1.0
snapshot_sym6_date26_pm.csv,label_60,past,474,1939,0.2445
snapshot_sym6_date27_am.csv,label_5,future,1994,1994,1.0
snapshot_sym6_date27_am.csv,label_5,past,694,1994,0.348
snapshot_sym6_date27_am.csv,label_10,future,1989,1989,1.0
snapshot_sym6_date27_am.csv,label_10,past,731,1989,0.3675
snapshot_sym6_date27_am.csv,label_20,future,1979,1979,1.0
snapshot_sym6_date27_am.csv,label_20,past,1024,1979,0.5174
snapshot_sym6_date27_am.csv,label_40,future,1959,1959,1.0
snapshot_sym6_date27_am.csv,label_40,past,762,1959,0.389
snapshot_sym6_date27_am.csv,label_60,future,1939,1939,1.0
snapshot_sym6_date27_am.csv,label_60,past,735,1939,0.3791
snapshot_sym6_date27_pm.csv,label_5,future,1994,1994,1.0
snapshot_sym6_date27_pm.csv,label_5,past,705,1994,0.3536
snapshot_sym6_date27_pm.csv,label_10,future,1989,1989,1.0
snapshot_sym6_date27_pm.csv,label_10,past,676,1989,0.3399
snapshot_sym6_date27_pm.csv,label_20,future,1979,1979,1.0
snapshot_sym6_date27_pm.csv,label_20,past,1113,1979,0.5624
snapshot_sym6_date27_pm.csv,label_40,future,1959,1959,1.0
snapshot_sym6_date27_pm.csv,label_40,past,764,1959,0.39
snapshot_sym6_date27_pm.csv,label_60,future,1939,1939,1.0
snapshot_sym6_date27_pm.csv,label_60,past,626,1939,0.3228
snapshot_sym6_date28_am.csv,label_5,future,1994,1994,1.0
snapshot_sym6_date28_am.csv,label_5,past,739,1994,0.3706
snapshot_sym6_date28_am.csv,label_10,future,1989,1989,1.0
snapshot_sym6_date28_am.csv,label_10,past,766,1989,0.3851
snapshot_sym6_date28_am.csv,label_20,future,1979,1979,1.0
snapshot_sym6_date28_am.csv,label_20,past,1100,1979,0.5558
snapshot_sym6_date28_am.csv,label_40,future,1959,1959,1.0
snapshot_sym6_date28_am.csv,label_40,past,663,1959,0.3384
snapshot_sym6_date28_am.csv,label_60,future,1939,1939,1.0
snapshot_sym6_date28_am.csv,label_60,past,522,1939,0.2692
snapshot_sym6_date28_pm.csv,label_5,future,1994,1994,1.0
snapshot_sym6_date28_pm.csv,label_5,past,788,1994,0.3952
snapshot_sym6_date28_pm.csv,label_10,future,1989,1989,1.0
snapshot_sym6_date28_pm.csv,label_10,past,824,1989,0.4143
snapshot_sym6_date28_pm.csv,label_20,future,1979,1979,1.0
snapshot_sym6_date28_pm.csv,label_20,past,991,1979,0.5008
snapshot_sym6_date28_pm.csv,label_40,future,1959,1959,1.0
snapshot_sym6_date28_pm.csv,label_40,past,761,1959,0.3885
snapshot_sym6_date28_pm.csv,label_60,future,1939,1939,1.0
snapshot_sym6_date28_pm.csv,label_60,past,607,1939,0.313
snapshot_sym6_date29_am.csv,label_5,future,1994,1994,1.0
snapshot_sym6_date29_am.csv,label_5,past,757,1994,0.3796
snapshot_sym6_date29_am.csv,label_10,future,1989,1989,1.0
snapshot_sym6_date29_am.csv,label_10,past,834,1989,0.4193
snapshot_sym6_date29_am.csv,label_20,future,1979,1979,1.0
snapshot_sym6_date29_am.csv,label_20,past,789,1979,0.3987
snapshot_sym6_date29_am.csv,label_40,future,1959,1959,1.0
snapshot_sym6_date29_am.csv,label_40,past,825,1959,0.4211
snapshot_sym6_date29_am.csv,label_60,future,1939,1939,1.0
snapshot_sym6_date29_am.csv,label_60,past,798,1939,0.4116
snapshot_sym6_date29_pm.csv,label_5,future,1994,1994,1.0
snapshot_sym6_date29_pm.csv,label_5,past,695,1994,0.3485
snapshot_sym6_date29_pm.csv,label_10,future,1989,1989,1.0
snapshot_sym6_date29_pm.csv,label_10,past,828,1989,0.4163
snapshot_sym6_date29_pm.csv,label_20,future,1979,1979,1.0
snapshot_sym6_date29_pm.csv,label_20,past,938,1979,0.474
snapshot_sym6_date29_pm.csv,label_40,future,1959,1959,1.0
snapshot_sym6_date29_pm.csv,label_40,past,603,1959,0.3078
snapshot_sym6_date29_pm.csv,label_60,future,1939,1939,1.0
snapshot_sym6_date29_pm.csv,label_60,past,505,1939,0.2604
snapshot_sym6_date30_am.csv,label_5,future,1994,1994,1.0
snapshot_sym6_date30_am.csv,label_5,past,684,1994,0.343
snapshot_sym6_date30_am.csv,label_10,future,1989,1989,1.0
snapshot_sym6_date30_am.csv,label_10,past,780,1989,0.3922
snapshot_sym6_date30_am.csv,label_20,future,1979,1979,1.0
snapshot_sym6_date30_am.csv,label_20,past,850,1979,0.4295
snapshot_sym6_date30_am.csv,label_40,future,1959,1959,1.0
snapshot_sym6_date30_am.csv,label_40,past,685,1959,0.3497
snapshot_sym6_date30_am.csv,label_60,future,1939,1939,1.0
snapshot_sym6_date30_am.csv,label_60,past,696,1939,0.3589
snapshot_sym6_date30_pm.csv,label_5,future,1994,1994,1.0
snapshot_sym6_date30_pm.csv,label_5,past,797,1994,0.3997
snapshot_sym6_date30_pm.csv,label_10,future,1989,1989,1.0
snapshot_sym6_date30_pm.csv,label_10,past,780,1989,0.3922
snapshot_sym6_date30_pm.csv,label_20,future,1979,1979,1.0
snapshot_sym6_date30_pm.csv,label_20,past,1010,1979,0.5104
snapshot_sym6_date30_pm.csv,label_40,future,1959,1959,1.0
snapshot_sym6_date30_pm.csv,label_40,past,643,1959,0.3282
snapshot_sym6_date30_pm.csv,label_60,future,1939,1939,1.0
snapshot_sym6_date30_pm.csv,label_60,past,549,1939,0.2831
snapshot_sym6_date31_am.csv,label_5,future,1994,1994,1.0
snapshot_sym6_date31_am.csv,label_5,past,1539,1994,0.7718
snapshot_sym6_date31_am.csv,label_10,future,1989,1989,1.0
snapshot_sym6_date31_am.csv,label_10,past,1223,1989,0.6149
snapshot_sym6_date31_am.csv,label_20,future,1979,1979,1.0
snapshot_sym6_date31_am.csv,label_20,past,1265,1979,0.6392
snapshot_sym6_date31_am.csv,label_40,future,1959,1959,1.0
snapshot_sym6_date31_am.csv,label_40,past,762,1959,0.389
snapshot_sym6_date31_am.csv,label_60,future,1939,1939,1.0
snapshot_sym6_date31_am.csv,label_60,past,625,1939,0.3223
snapshot_sym6_date31_pm.csv,label_5,future,1994,1994,1.0
snapshot_sym6_date31_pm.csv,label_5,past,1173,1994,0.5883
snapshot_sym6_date31_pm.csv,label_10,future,1989,1989,1.0
snapshot_sym6_date31_pm.csv,label_10,past,987,1989,0.4962
snapshot_sym6_date31_pm.csv,label_20,future,1979,1979,1.0
snapshot_sym6_date31_pm.csv,label_20,past,920,1979,0.4649
snapshot_sym6_date31_pm.csv,label_40,future,1959,1959,1.0
snapshot_sym6_date31_pm.csv,label_40,past,803,1959,0.4099
snapshot_sym6_date31_pm.csv,label_60,future,1939,1939,1.0
snapshot_sym6_date31_pm.csv,label_60,past,786,1939,0.4054
snapshot_sym6_date32_am.csv,label_5,future,1994,1994,1.0
snapshot_sym6_date32_am.csv,label_5,past,1219,1994,0.6113
snapshot_sym6_date32_am.csv,label_10,future,1989,1989,1.0
snapshot_sym6_date32_am.csv,label_10,past,994,1989,0.4997
snapshot_sym6_date32_am.csv,label_20,future,1979,1979,1.0
snapshot_sym6_date32_am.csv,label_20,past,873,1979,0.4411
snapshot_sym6_date32_am.csv,label_40,future,1959,1959,1.0
snapshot_sym6_date32_am.csv,label_40,past,676,1959,0.3451
snapshot_sym6_date32_am.csv,label_60,future,1939,1939,1.0
snapshot_sym6_date32_am.csv,label_60,past,572,1939,0.295
snapshot_sym6_date32_pm.csv,label_5,future,1994,1994,1.0
snapshot_sym6_date32_pm.csv,label_5,past,1154,1994,0.5787
snapshot_sym6_date32_pm.csv,label_10,future,1989,1989,1.0
snapshot_sym6_date32_pm.csv,label_10,past,1084,1989,0.545
snapshot_sym6_date32_pm.csv,label_20,future,1979,1979,1.0
snapshot_sym6_date32_pm.csv,label_20,past,893,1979,0.4512
snapshot_sym6_date32_pm.csv,label_40,future,1959,1959,1.0
snapshot_sym6_date32_pm.csv,label_40,past,653,1959,0.3333
snapshot_sym6_date32_pm.csv,label_60,future,1939,1939,1.0
snapshot_sym6_date32_pm.csv,label_60,past,641,1939,0.3306
snapshot_sym6_date33_am.csv,label_5,future,1994,1994,1.0
snapshot_sym6_date33_am.csv,label_5,past,1109,1994,0.5562
snapshot_sym6_date33_am.csv,label_10,future,1989,1989,1.0
snapshot_sym6_date33_am.csv,label_10,past,1150,1989,0.5782
snapshot_sym6_date33_am.csv,label_20,future,1979,1979,1.0
snapshot_sym6_date33_am.csv,label_20,past,1062,1979,0.5366
snapshot_sym6_date33_am.csv,label_40,future,1959,1959,1.0
snapshot_sym6_date33_am.csv,label_40,past,740,1959,0.3777
snapshot_sym6_date33_am.csv,label_60,future,1939,1939,1.0
snapshot_sym6_date33_am.csv,label_60,past,675,1939,0.3481
snapshot_sym6_date33_pm.csv,label_5,future,1994,1994,1.0
snapshot_sym6_date33_pm.csv,label_5,past,1994,1994,1.0
snapshot_sym6_date33_pm.csv,label_10,future,1989,1989,1.0
snapshot_sym6_date33_pm.csv,label_10,past,1989,1989,1.0
snapshot_sym6_date33_pm.csv,label_20,future,1979,1979,1.0
snapshot_sym6_date33_pm.csv,label_20,past,1979,1979,1.0
snapshot_sym6_date33_pm.csv,label_40,future,1959,1959,1.0
snapshot_sym6_date33_pm.csv,label_40,past,1959,1959,1.0
snapshot_sym6_date33_pm.csv,label_60,future,1939,1939,1.0
snapshot_sym6_date33_pm.csv,label_60,past,1939,1939,1.0
snapshot_sym6_date34_am.csv,label_5,future,1994,1994,1.0
snapshot_sym6_date34_am.csv,label_5,past,1026,1994,0.5145
snapshot_sym6_date34_am.csv,label_10,future,1989,1989,1.0
snapshot_sym6_date34_am.csv,label_10,past,1082,1989,0.544
snapshot_sym6_date34_am.csv,label_20,future,1979,1979,1.0
snapshot_sym6_date34_am.csv,label_20,past,991,1979,0.5008
snapshot_sym6_date34_am.csv,label_40,future,1959,1959,1.0
snapshot_sym6_date34_am.csv,label_40,past,808,1959,0.4125
snapshot_sym6_date34_am.csv,label_60,future,1939,1939,1.0
snapshot_sym6_date34_am.csv,label_60,past,674,1939,0.3476
snapshot_sym6_date34_pm.csv,label_5,future,1994,1994,1.0
snapshot_sym6_date34_pm.csv,label_5,past,944,1994,0.4734
snapshot_sym6_date34_pm.csv,label_10,future,1989,1989,1.0
snapshot_sym6_date34_pm.csv,label_10,past,1041,1989,0.5234
snapshot_sym6_date34_pm.csv,label_20,future,1979,1979,1.0
snapshot_sym6_date34_pm.csv,label_20,past,944,1979,0.477
snapshot_sym6_date34_pm.csv,label_40,future,1959,1959,1.0
snapshot_sym6_date34_pm.csv,label_40,past,919,1959,0.4691
snapshot_sym6_date34_pm.csv,label_60,future,1939,1939,1.0
snapshot_sym6_date34_pm.csv,label_60,past,938,1939,0.4838
snapshot_sym6_date35_am.csv,label_5,future,1994,1994,1.0
snapshot_sym6_date35_am.csv,label_5,past,937,1994,0.4699
snapshot_sym6_date35_am.csv,label_10,future,1989,1989,1.0
snapshot_sym6_date35_am.csv,label_10,past,871,1989,0.4379
snapshot_sym6_date35_am.csv,label_20,future,1979,1979,1.0
snapshot_sym6_date35_am.csv,label_20,past,862,1979,0.4356
snapshot_sym6_date35_am.csv,label_40,future,1959,1959,1.0
snapshot_sym6_date35_am.csv,label_40,past,762,1959,0.389
snapshot_sym6_date35_am.csv,label_60,future,1939,1939,1.0
snapshot_sym6_date35_am.csv,label_60,past,829,1939,0.4275
snapshot_sym6_date35_pm.csv,label_5,future,1994,1994,1.0
snapshot_sym6_date35_pm.csv,label_5,past,928,1994,0.4654
snapshot_sym6_date35_pm.csv,label_10,future,1989,1989,1.0
snapshot_sym6_date35_pm.csv,label_10,past,874,1989,0.4394
snapshot_sym6_date35_pm.csv,label_20,future,1979,1979,1.0
snapshot_sym6_date35_pm.csv,label_20,past,816,1979,0.4123
snapshot_sym6_date35_pm.csv,label_40,future,1959,1959,1.0
snapshot_sym6_date35_pm.csv,label_40,past,800,1959,0.4084
snapshot_sym6_date35_pm.csv,label_60,future,1939,1939,1.0
snapshot_sym6_date35_pm.csv,label_60,past,910,1939,0.4693
snapshot_sym6_date36_am.csv,label_5,future,1994,1994,1.0
snapshot_sym6_date36_am.csv,label_5,past,892,1994,0.4473
snapshot_sym6_date36_am.csv,label_10,future,1989,1989,1.0
snapshot_sym6_date36_am.csv,label_10,past,814,1989,0.4093
snapshot_sym6_date36_am.csv,label_20,future,1979,1979,1.0
snapshot_sym6_date36_am.csv,label_20,past,774,1979,0.3911
snapshot_sym6_date36_am.csv,label_40,future,1959,1959,1.0
snapshot_sym6_date36_am.csv,label_40,past,589,1959,0.3007
snapshot_sym6_date36_am.csv,label_60,future,1939,1939,1.0
snapshot_sym6_date36_am.csv,label_60,past,625,1939,0.3223
snapshot_sym6_date36_pm.csv,label_5,future,1994,1994,1.0
snapshot_sym6_date36_pm.csv,label_5,past,988,1994,0.4955
snapshot_sym6_date36_pm.csv,label_10,future,1989,1989,1.0
snapshot_sym6_date36_pm.csv,label_10,past,859,1989,0.4319
snapshot_sym6_date36_pm.csv,label_20,future,1979,1979,1.0
snapshot_sym6_date36_pm.csv,label_20,past,800,1979,0.4042
snapshot_sym6_date36_pm.csv,label_40,future,1959,1959,1.0
snapshot_sym6_date36_pm.csv,label_40,past,639,1959,0.3262
snapshot_sym6_date36_pm.csv,label_60,future,1939,1939,1.0
snapshot_sym6_date36_pm.csv,label_60,past,667,1939,0.344
snapshot_sym6_date37_am.csv,label_5,future,1994,1994,1.0
snapshot_sym6_date37_am.csv,label_5,past,911,1994,0.4569
snapshot_sym6_date37_am.csv,label_10,future,1989,1989,1.0
snapshot_sym6_date37_am.csv,label_10,past,840,1989,0.4223
snapshot_sym6_date37_am.csv,label_20,future,1979,1979,1.0
snapshot_sym6_date37_am.csv,label_20,past,630,1979,0.3183
snapshot_sym6_date37_am.csv,label_40,future,1959,1959,1.0
snapshot_sym6_date37_am.csv,label_40,past,679,1959,0.3466
snapshot_sym6_date37_am.csv,label_60,future,1939,1939,1.0
snapshot_sym6_date37_am.csv,label_60,past,804,1939,0.4146
snapshot_sym6_date37_pm.csv,label_5,future,1994,1994,1.0
snapshot_sym6_date37_pm.csv,label_5,past,1131,1994,0.5672
snapshot_sym6_date37_pm.csv,label_10,future,1989,1989,1.0
snapshot_sym6_date37_pm.csv,label_10,past,1003,1989,0.5043
snapshot_sym6_date37_pm.csv,label_20,future,1979,1979,1.0
snapshot_sym6_date37_pm.csv,label_20,past,910,1979,0.4598
snapshot_sym6_date37_pm.csv,label_40,future,1959,1959,1.0
snapshot_sym6_date37_pm.csv,label_40,past,708,1959,0.3614
snapshot_sym6_date37_pm.csv,label_60,future,1939,1939,1.0
snapshot_sym6_date37_pm.csv,label_60,past,543,1939,0.28
snapshot_sym6_date38_am.csv,label_5,future,1994,1994,1.0
snapshot_sym6_date38_am.csv,label_5,past,958,1994,0.4804
snapshot_sym6_date38_am.csv,label_10,future,1989,1989,1.0
snapshot_sym6_date38_am.csv,label_10,past,941,1989,0.4731
snapshot_sym6_date38_am.csv,label_20,future,1979,1979,1.0
snapshot_sym6_date38_am.csv,label_20,past,886,1979,0.4477
snapshot_sym6_date38_am.csv,label_40,future,1959,1959,1.0
snapshot_sym6_date38_am.csv,label_40,past,709,1959,0.3619
snapshot_sym6_date38_am.csv,label_60,future,1939,1939,1.0
snapshot_sym6_date38_am.csv,label_60,past,632,1939,0.3259
snapshot_sym6_date38_pm.csv,label_5,future,1994,1994,1.0
snapshot_sym6_date38_pm.csv,label_5,past,999,1994,0.501
snapshot_sym6_date38_pm.csv,label_10,future,1989,1989,1.0
snapshot_sym6_date38_pm.csv,label_10,past,1136,1989,0.5711
snapshot_sym6_date38_pm.csv,label_20,future,1979,1979,1.0
snapshot_sym6_date38_pm.csv,label_20,past,906,1979,0.4578
snapshot_sym6_date38_pm.csv,label_40,future,1959,1959,1.0
snapshot_sym6_date38_pm.csv,label_40,past,648,1959,0.3308
snapshot_sym6_date38_pm.csv,label_60,future,1939,1939,1.0
snapshot_sym6_date38_pm.csv,label_60,past,594,1939,0.3063
snapshot_sym6_date39_am.csv,label_5,future,1994,1994,1.0
snapshot_sym6_date39_am.csv,label_5,past,831,1994,0.4168
snapshot_sym6_date39_am.csv,label_10,future,1989,1989,1.0
snapshot_sym6_date39_am.csv,label_10,past,859,1989,0.4319
snapshot_sym6_date39_am.csv,label_20,future,1979,1979,1.0
snapshot_sym6_date39_am.csv,label_20,past,777,1979,0.3926
snapshot_sym6_date39_am.csv,label_40,future,1959,1959,1.0
snapshot_sym6_date39_am.csv,label_40,past,716,1959,0.3655
snapshot_sym6_date39_am.csv,label_60,future,1939,1939,1.0
snapshot_sym6_date39_am.csv,label_60,past,777,1939,0.4007
snapshot_sym6_date39_pm.csv,label_5,future,1994,1994,1.0
snapshot_sym6_date39_pm.csv,label_5,past,1170,1994,0.5868
snapshot_sym6_date39_pm.csv,label_10,future,1989,1989,1.0
snapshot_sym6_date39_pm.csv,label_10,past,879,1989,0.4419
snapshot_sym6_date39_pm.csv,label_20,future,1979,1979,1.0
snapshot_sym6_date39_pm.csv,label_20,past,776,1979,0.3921
snapshot_sym6_date39_pm.csv,label_40,future,1959,1959,1.0
snapshot_sym6_date39_pm.csv,label_40,past,530,1959,0.2705
snapshot_sym6_date39_pm.csv,label_60,future,1939,1939,1.0
snapshot_sym6_date39_pm.csv,label_60,past,567,1939,0.2924
snapshot_sym6_date40_am.csv,label_5,future,1994,1994,1.0
snapshot_sym6_date40_am.csv,label_5,past,975,1994,0.489
snapshot_sym6_date40_am.csv,label_10,future,1989,1989,1.0
snapshot_sym6_date40_am.csv,label_10,past,965,1989,0.4852
snapshot_sym6_date40_am.csv,label_20,future,1979,1979,1.0
snapshot_sym6_date40_am.csv,label_20,past,703,1979,0.3552
snapshot_sym6_date40_am.csv,label_40,future,1959,1959,1.0
snapshot_sym6_date40_am.csv,label_40,past,632,1959,0.3226
snapshot_sym6_date40_am.csv,label_60,future,1939,1939,1.0
snapshot_sym6_date40_am.csv,label_60,past,713,1939,0.3677
snapshot_sym6_date40_pm.csv,label_5,future,1994,1994,1.0
snapshot_sym6_date40_pm.csv,label_5,past,998,1994,0.5005
snapshot_sym6_date40_pm.csv,label_10,future,1989,1989,1.0
snapshot_sym6_date40_pm.csv,label_10,past,883,1989,0.4439
snapshot_sym6_date40_pm.csv,label_20,future,1979,1979,1.0
snapshot_sym6_date40_pm.csv,label_20,past,774,1979,0.3911
snapshot_sym6_date40_pm.csv,label_40,future,1959,1959,1.0
snapshot_sym6_date40_pm.csv,label_40,past,623,1959,0.318
snapshot_sym6_date40_pm.csv,label_60,future,1939,1939,1.0
snapshot_sym6_date40_pm.csv,label_60,past,612,1939,0.3156
snapshot_sym6_date41_am.csv,label_5,future,1994,1994,1.0
snapshot_sym6_date41_am.csv,label_5,past,927,1994,0.4649
snapshot_sym6_date41_am.csv,label_10,future,1989,1989,1.0
snapshot_sym6_date41_am.csv,label_10,past,1052,1989,0.5289
snapshot_sym6_date41_am.csv,label_20,future,1979,1979,1.0
snapshot_sym6_date41_am.csv,label_20,past,967,1979,0.4886
snapshot_sym6_date41_am.csv,label_40,future,1959,1959,1.0
snapshot_sym6_date41_am.csv,label_40,past,783,1959,0.3997
snapshot_sym6_date41_am.csv,label_60,future,1939,1939,1.0
snapshot_sym6_date41_am.csv,label_60,past,844,1939,0.4353
snapshot_sym6_date41_pm.csv,label_5,future,1994,1994,1.0
snapshot_sym6_date41_pm.csv,label_5,past,1002,1994,0.5025
snapshot_sym6_date41_pm.csv,label_10,future,1989,1989,1.0
snapshot_sym6_date41_pm.csv,label_10,past,1123,1989,0.5646
snapshot_sym6_date41_pm.csv,label_20,future,1979,1979,1.0
snapshot_sym6_date41_pm.csv,label_20,past,930,1979,0.4699
snapshot_sym6_date41_pm.csv,label_40,future,1959,1959,1.0
snapshot_sym6_date41_pm.csv,label_40,past,692,1959,0.3532
snapshot_sym6_date41_pm.csv,label_60,future,1939,1939,1.0
snapshot_sym6_date41_pm.csv,label_60,past,826,1939,0.426
snapshot_sym6_date42_am.csv,label_5,future,1994,1994,1.0
snapshot_sym6_date42_am.csv,label_5,past,1039,1994,0.5211
snapshot_sym6_date42_am.csv,label_10,future,1989,1989,1.0
snapshot_sym6_date42_am.csv,label_10,past,1007,1989,0.5063
snapshot_sym6_date42_am.csv,label_20,future,1979,1979,1.0
snapshot_sym6_date42_am.csv,label_20,past,939,1979,0.4745
snapshot_sym6_date42_am.csv,label_40,future,1959,1959,1.0
snapshot_sym6_date42_am.csv,label_40,past,738,1959,0.3767
snapshot_sym6_date42_am.csv,label_60,future,1939,1939,1.0
snapshot_sym6_date42_am.csv,label_60,past,702,1939,0.362
snapshot_sym6_date42_pm.csv,label_5,future,1994,1994,1.0
snapshot_sym6_date42_pm.csv,label_5,past,1008,1994,0.5055
snapshot_sym6_date42_pm.csv,label_10,future,1989,1989,1.0
snapshot_sym6_date42_pm.csv,label_10,past,947,1989,0.4761
snapshot_sym6_date42_pm.csv,label_20,future,1979,1979,1.0
snapshot_sym6_date42_pm.csv,label_20,past,972,1979,0.4912
snapshot_sym6_date42_pm.csv,label_40,future,1959,1959,1.0
snapshot_sym6_date42_pm.csv,label_40,past,747,1959,0.3813
snapshot_sym6_date42_pm.csv,label_60,future,1939,1939,1.0
snapshot_sym6_date42_pm.csv,label_60,past,766,1939,0.395
snapshot_sym6_date43_am.csv,label_5,future,1994,1994,1.0
snapshot_sym6_date43_am.csv,label_5,past,992,1994,0.4975
snapshot_sym6_date43_am.csv,label_10,future,1989,1989,1.0
snapshot_sym6_date43_am.csv,label_10,past,945,1989,0.4751
snapshot_sym6_date43_am.csv,label_20,future,1979,1979,1.0
snapshot_sym6_date43_am.csv,label_20,past,834,1979,0.4214
snapshot_sym6_date43_am.csv,label_40,future,1959,1959,1.0
snapshot_sym6_date43_am.csv,label_40,past,720,1959,0.3675
snapshot_sym6_date43_am.csv,label_60,future,1939,1939,1.0
snapshot_sym6_date43_am.csv,label_60,past,628,1939,0.3239
snapshot_sym6_date43_pm.csv,label_5,future,1994,1994,1.0
snapshot_sym6_date43_pm.csv,label_5,past,1123,1994,0.5632
snapshot_sym6_date43_pm.csv,label_10,future,1989,1989,1.0
snapshot_sym6_date43_pm.csv,label_10,past,925,1989,0.4651
snapshot_sym6_date43_pm.csv,label_20,future,1979,1979,1.0
snapshot_sym6_date43_pm.csv,label_20,past,925,1979,0.4674
snapshot_sym6_date43_pm.csv,label_40,future,1959,1959,1.0
snapshot_sym6_date43_pm.csv,label_40,past,637,1959,0.3252
snapshot_sym6_date43_pm.csv,label_60,future,1939,1939,1.0
snapshot_sym6_date43_pm.csv,label_60,past,567,1939,0.2924
snapshot_sym6_date44_am.csv,label_5,future,1994,1994,1.0
snapshot_sym6_date44_am.csv,label_5,past,1130,1994,0.5667
snapshot_sym6_date44_am.csv,label_10,future,1989,1989,1.0
snapshot_sym6_date44_am.csv,label_10,past,912,1989,0.4585
snapshot_sym6_date44_am.csv,label_20,future,1979,1979,1.0
snapshot_sym6_date44_am.csv,label_20,past,828,1979,0.4184
snapshot_sym6_date44_am.csv,label_40,future,1959,1959,1.0
snapshot_sym6_date44_am.csv,label_40,past,556,1959,0.2838
snapshot_sym6_date44_am.csv,label_60,future,1939,1939,1.0
snapshot_sym6_date44_am.csv,label_60,past,550,1939,0.2837
snapshot_sym6_date44_pm.csv,label_5,future,1994,1994,1.0
snapshot_sym6_date44_pm.csv,label_5,past,1014,1994,0.5085
snapshot_sym6_date44_pm.csv,label_10,future,1989,1989,1.0
snapshot_sym6_date44_pm.csv,label_10,past,840,1989,0.4223
snapshot_sym6_date44_pm.csv,label_20,future,1979,1979,1.0
snapshot_sym6_date44_pm.csv,label_20,past,753,1979,0.3805
snapshot_sym6_date44_pm.csv,label_40,future,1959,1959,1.0
snapshot_sym6_date44_pm.csv,label_40,past,678,1959,0.3461
snapshot_sym6_date44_pm.csv,label_60,future,1939,1939,1.0
snapshot_sym6_date44_pm.csv,label_60,past,656,1939,0.3383
snapshot_sym6_date45_am.csv,label_5,future,1994,1994,1.0
snapshot_sym6_date45_am.csv,label_5,past,946,1994,0.4744
snapshot_sym6_date45_am.csv,label_10,future,1989,1989,1.0
snapshot_sym6_date45_am.csv,label_10,past,885,1989,0.4449
snapshot_sym6_date45_am.csv,label_20,future,1979,1979,1.0
snapshot_sym6_date45_am.csv,label_20,past,644,1979,0.3254
snapshot_sym6_date45_am.csv,label_40,future,1959,1959,1.0
snapshot_sym6_date45_am.csv,label_40,past,599,1959,0.3058
snapshot_sym6_date45_am.csv,label_60,future,1939,1939,1.0
snapshot_sym6_date45_am.csv,label_60,past,695,1939,0.3584
snapshot_sym6_date45_pm.csv,label_5,future,1994,1994,1.0
snapshot_sym6_date45_pm.csv,label_5,past,990,1994,0.4965
snapshot_sym6_date45_pm.csv,label_10,future,1989,1989,1.0
snapshot_sym6_date45_pm.csv,label_10,past,831,1989,0.4178
snapshot_sym6_date45_pm.csv,label_20,future,1979,1979,1.0
snapshot_sym6_date45_pm.csv,label_20,past,756,1979,0.382
snapshot_sym6_date45_pm.csv,label_40,future,1959,1959,1.0
snapshot_sym6_date45_pm.csv,label_40,past,624,1959,0.3185
snapshot_sym6_date45_pm.csv,label_60,future,1939,1939,1.0
snapshot_sym6_date45_pm.csv,label_60,past,587,1939,0.3027
snapshot_sym6_date46_am.csv,label_5,future,1994,1994,1.0
snapshot_sym6_date46_am.csv,label_5,past,1018,1994,0.5105
snapshot_sym6_date46_am.csv,label_10,future,1989,1989,1.0
snapshot_sym6_date46_am.csv,label_10,past,855,1989,0.4299
snapshot_sym6_date46_am.csv,label_20,future,1979,1979,1.0
snapshot_sym6_date46_am.csv,label_20,past,709,1979,0.3583
snapshot_sym6_date46_am.csv,label_40,future,1959,1959,1.0
snapshot_sym6_date46_am.csv,label_40,past,591,1959,0.3017
snapshot_sym6_date46_am.csv,label_60,future,1939,1939,1.0
snapshot_sym6_date46_am.csv,label_60,past,474,1939,0.2445
snapshot_sym6_date46_pm.csv,label_5,future,1994,1994,1.0
snapshot_sym6_date46_pm.csv,label_5,past,1137,1994,0.5702
snapshot_sym6_date46_pm.csv,label_10,future,1989,1989,1.0
snapshot_sym6_date46_pm.csv,label_10,past,906,1989,0.4555
snapshot_sym6_date46_pm.csv,label_20,future,1979,1979,1.0
snapshot_sym6_date46_pm.csv,label_20,past,900,1979,0.4548
snapshot_sym6_date46_pm.csv,label_40,future,1959,1959,1.0
snapshot_sym6_date46_pm.csv,label_40,past,560,1959,0.2859
snapshot_sym6_date46_pm.csv,label_60,future,1939,1939,1.0
snapshot_sym6_date46_pm.csv,label_60,past,396,1939,0.2042
snapshot_sym6_date47_am.csv,label_5,future,1994,1994,1.0
snapshot_sym6_date47_am.csv,label_5,past,1169,1994,0.5863
snapshot_sym6_date47_am.csv,label_10,future,1989,1989,1.0
snapshot_sym6_date47_am.csv,label_10,past,930,1989,0.4676
snapshot_sym6_date47_am.csv,label_20,future,1979,1979,1.0
snapshot_sym6_date47_am.csv,label_20,past,888,1979,0.4487
snapshot_sym6_date47_am.csv,label_40,future,1959,1959,1.0
snapshot_sym6_date47_am.csv,label_40,past,602,1959,0.3073
snapshot_sym6_date47_am.csv,label_60,future,1939,1939,1.0
snapshot_sym6_date47_am.csv,label_60,past,571,1939,0.2945
snapshot_sym6_date47_pm.csv,label_5,future,1994,1994,1.0
snapshot_sym6_date47_pm.csv,label_5,past,1324,1994,0.664
snapshot_sym6_date47_pm.csv,label_10,future,1989,1989,1.0
snapshot_sym6_date47_pm.csv,label_10,past,983,1989,0.4942
snapshot_sym6_date47_pm.csv,label_20,future,1979,1979,1.0
snapshot_sym6_date47_pm.csv,label_20,past,878,1979,0.4437
snapshot_sym6_date47_pm.csv,label_40,future,1959,1959,1.0
snapshot_sym6_date47_pm.csv,label_40,past,637,1959,0.3252
snapshot_sym6_date47_pm.csv,label_60,future,1939,1939,1.0
snapshot_sym6_date47_pm.csv,label_60,past,553,1939,0.2852
snapshot_sym6_date48_am.csv,label_5,future,1994,1994,1.0
snapshot_sym6_date48_am.csv,label_5,past,1091,1994,0.5471
snapshot_sym6_date48_am.csv,label_10,future,1989,1989,1.0
snapshot_sym6_date48_am.csv,label_10,past,934,1989,0.4696
snapshot_sym6_date48_am.csv,label_20,future,1979,1979,1.0
snapshot_sym6_date48_am.csv,label_20,past,734,1979,0.3709
snapshot_sym6_date48_am.csv,label_40,future,1959,1959,1.0
snapshot_sym6_date48_am.csv,label_40,past,718,1959,0.3665
snapshot_sym6_date48_am.csv,label_60,future,1939,1939,1.0
snapshot_sym6_date48_am.csv,label_60,past,684,1939,0.3528
snapshot_sym6_date48_pm.csv,label_5,future,1994,1994,1.0
snapshot_sym6_date48_pm.csv,label_5,past,1226,1994,0.6148
snapshot_sym6_date48_pm.csv,label_10,future,1989,1989,1.0
snapshot_sym6_date48_pm.csv,label_10,past,929,1989,0.4671
snapshot_sym6_date48_pm.csv,label_20,future,1979,1979,1.0
snapshot_sym6_date48_pm.csv,label_20,past,873,1979,0.4411
snapshot_sym6_date48_pm.csv,label_40,future,1959,1959,1.0
snapshot_sym6_date48_pm.csv,label_40,past,692,1959,0.3532
snapshot_sym6_date48_pm.csv,label_60,future,1939,1939,1.0
snapshot_sym6_date48_pm.csv,label_60,past,648,1939,0.3342
snapshot_sym6_date49_am.csv,label_5,future,1994,1994,1.0
snapshot_sym6_date49_am.csv,label_5,past,1182,1994,0.5928
snapshot_sym6_date49_am.csv,label_10,future,1989,1989,1.0
snapshot_sym6_date49_am.csv,label_10,past,922,1989,0.4635
snapshot_sym6_date49_am.csv,label_20,future,1979,1979,1.0
snapshot_sym6_date49_am.csv,label_20,past,845,1979,0.427
snapshot_sym6_date49_am.csv,label_40,future,1959,1959,1.0
snapshot_sym6_date49_am.csv,label_40,past,510,1959,0.2603
snapshot_sym6_date49_am.csv,label_60,future,1939,1939,1.0
snapshot_sym6_date49_am.csv,label_60,past,513,1939,0.2646
snapshot_sym6_date49_pm.csv,label_5,future,1994,1994,1.0
snapshot_sym6_date49_pm.csv,label_5,past,1430,1994,0.7172
snapshot_sym6_date49_pm.csv,label_10,future,1989,1989,1.0
snapshot_sym6_date49_pm.csv,label_10,past,1102,1989,0.554
snapshot_sym6_date49_pm.csv,label_20,future,1979,1979,1.0
snapshot_sym6_date49_pm.csv,label_20,past,1150,1979,0.5811
snapshot_sym6_date49_pm.csv,label_40,future,1959,1959,1.0
snapshot_sym6_date49_pm.csv,label_40,past,832,1959,0.4247
snapshot_sym6_date49_pm.csv,label_60,future,1939,1939,1.0
snapshot_sym6_date49_pm.csv,label_60,past,651,1939,0.3357
snapshot_sym6_date50_am.csv,label_5,future,1994,1994,1.0
snapshot_sym6_date50_am.csv,label_5,past,1176,1994,0.5898
snapshot_sym6_date50_am.csv,label_10,future,1989,1989,1.0
snapshot_sym6_date50_am.csv,label_10,past,925,1989,0.4651
snapshot_sym6_date50_am.csv,label_20,future,1979,1979,1.0
snapshot_sym6_date50_am.csv,label_20,past,772,1979,0.3901
snapshot_sym6_date50_am.csv,label_40,future,1959,1959,1.0
snapshot_sym6_date50_am.csv,label_40,past,644,1959,0.3287
snapshot_sym6_date50_am.csv,label_60,future,1939,1939,1.0
snapshot_sym6_date50_am.csv,label_60,past,678,1939,0.3497
snapshot_sym6_date50_pm.csv,label_5,future,1994,1994,1.0
snapshot_sym6_date50_pm.csv,label_5,past,1305,1994,0.6545
snapshot_sym6_date50_pm.csv,label_10,future,1989,1989,1.0
snapshot_sym6_date50_pm.csv,label_10,past,999,1989,0.5023
snapshot_sym6_date50_pm.csv,label_20,future,1979,1979,1.0
snapshot_sym6_date50_pm.csv,label_20,past,904,1979,0.4568
snapshot_sym6_date50_pm.csv,label_40,future,1959,1959,1.0
snapshot_sym6_date50_pm.csv,label_40,past,640,1959,0.3267
snapshot_sym6_date50_pm.csv,label_60,future,1939,1939,1.0
snapshot_sym6_date50_pm.csv,label_60,past,412,1939,0.2125
snapshot_sym6_date51_am.csv,label_5,future,1994,1994,1.0
snapshot_sym6_date51_am.csv,label_5,past,1166,1994,0.5848
snapshot_sym6_date51_am.csv,label_10,future,1989,1989,1.0
snapshot_sym6_date51_am.csv,label_10,past,959,1989,0.4822
snapshot_sym6_date51_am.csv,label_20,future,1979,1979,1.0
snapshot_sym6_date51_am.csv,label_20,past,866,1979,0.4376
snapshot_sym6_date51_am.csv,label_40,future,1959,1959,1.0
snapshot_sym6_date51_am.csv,label_40,past,645,1959,0.3292
snapshot_sym6_date51_am.csv,label_60,future,1939,1939,1.0
snapshot_sym6_date51_am.csv,label_60,past,600,1939,0.3094
snapshot_sym6_date51_pm.csv,label_5,future,1994,1994,1.0
snapshot_sym6_date51_pm.csv,label_5,past,1289,1994,0.6464
snapshot_sym6_date51_pm.csv,label_10,future,1989,1989,1.0
snapshot_sym6_date51_pm.csv,label_10,past,1009,1989,0.5073
snapshot_sym6_date51_pm.csv,label_20,future,1979,1979,1.0
snapshot_sym6_date51_pm.csv,label_20,past,980,1979,0.4952
snapshot_sym6_date51_pm.csv,label_40,future,1959,1959,1.0
snapshot_sym6_date51_pm.csv,label_40,past,639,1959,0.3262
snapshot_sym6_date51_pm.csv,label_60,future,1939,1939,1.0
snapshot_sym6_date51_pm.csv,label_60,past,629,1939,0.3244
snapshot_sym6_date52_am.csv,label_5,future,1994,1994,1.0
snapshot_sym6_date52_am.csv,label_5,past,1339,1994,0.6715
snapshot_sym6_date52_am.csv,label_10,future,1989,1989,1.0
snapshot_sym6_date52_am.csv,label_10,past,1010,1989,0.5078
snapshot_sym6_date52_am.csv,label_20,future,1979,1979,1.0
snapshot_sym6_date52_am.csv,label_20,past,923,1979,0.4664
snapshot_sym6_date52_am.csv,label_40,future,1959,1959,1.0
snapshot_sym6_date52_am.csv,label_40,past,690,1959,0.3522
snapshot_sym6_date52_am.csv,label_60,future,1939,1939,1.0
snapshot_sym6_date52_am.csv,label_60,past,493,1939,0.2543
snapshot_sym6_date52_pm.csv,label_5,future,1994,1994,1.0
snapshot_sym6_date52_pm.csv,label_5,past,1204,1994,0.6038
snapshot_sym6_date52_pm.csv,label_10,future,1989,1989,1.0
snapshot_sym6_date52_pm.csv,label_10,past,940,1989,0.4726
snapshot_sym6_date52_pm.csv,label_20,future,1979,1979,1.0
snapshot_sym6_date52_pm.csv,label_20,past,881,1979,0.4452
snapshot_sym6_date52_pm.csv,label_40,future,1959,1959,1.0
snapshot_sym6_date52_pm.csv,label_40,past,523,1959,0.267
snapshot_sym6_date52_pm.csv,label_60,future,1939,1939,1.0
snapshot_sym6_date52_pm.csv,label_60,past,450,1939,0.2321
snapshot_sym6_date53_am.csv,label_5,future,1994,1994,1.0
snapshot_sym6_date53_am.csv,label_5,past,1368,1994,0.6861
snapshot_sym6_date53_am.csv,label_10,future,1989,1989,1.0
snapshot_sym6_date53_am.csv,label_10,past,1152,1989,0.5792
snapshot_sym6_date53_am.csv,label_20,future,1979,1979,1.0
snapshot_sym6_date53_am.csv,label_20,past,1081,1979,0.5462
snapshot_sym6_date53_am.csv,label_40,future,1959,1959,1.0
snapshot_sym6_date53_am.csv,label_40,past,646,1959,0.3298
snapshot_sym6_date53_am.csv,label_60,future,1939,1939,1.0
snapshot_sym6_date53_am.csv,label_60,past,616,1939,0.3177
snapshot_sym6_date53_pm.csv,label_5,future,1994,1994,1.0
snapshot_sym6_date53_pm.csv,label_5,past,1410,1994,0.7071
snapshot_sym6_date53_pm.csv,label_10,future,1989,1989,1.0
snapshot_sym6_date53_pm.csv,label_10,past,991,1989,0.4982
snapshot_sym6_date53_pm.csv,label_20,future,1979,1979,1.0
snapshot_sym6_date53_pm.csv,label_20,past,951,1979,0.4805
snapshot_sym6_date53_pm.csv,label_40,future,1959,1959,1.0
snapshot_sym6_date53_pm.csv,label_40,past,701,1959,0.3578
snapshot_sym6_date53_pm.csv,label_60,future,1939,1939,1.0
snapshot_sym6_date53_pm.csv,label_60,past,583,1939,0.3007
snapshot_sym6_date54_am.csv,label_5,future,1994,1994,1.0
snapshot_sym6_date54_am.csv,label_5,past,1099,1994,0.5512
snapshot_sym6_date54_am.csv,label_10,future,1989,1989,1.0
snapshot_sym6_date54_am.csv,label_10,past,890,1989,0.4475
snapshot_sym6_date54_am.csv,label_20,future,1979,1979,1.0
snapshot_sym6_date54_am.csv,label_20,past,858,1979,0.4336
snapshot_sym6_date54_am.csv,label_40,future,1959,1959,1.0
snapshot_sym6_date54_am.csv,label_40,past,729,1959,0.3721
snapshot_sym6_date54_am.csv,label_60,future,1939,1939,1.0
snapshot_sym6_date54_am.csv,label_60,past,635,1939,0.3275
snapshot_sym6_date54_pm.csv,label_5,future,1994,1994,1.0
snapshot_sym6_date54_pm.csv,label_5,past,1294,1994,0.6489
snapshot_sym6_date54_pm.csv,label_10,future,1989,1989,1.0
snapshot_sym6_date54_pm.csv,label_10,past,928,1989,0.4666
snapshot_sym6_date54_pm.csv,label_20,future,1979,1979,1.0
snapshot_sym6_date54_pm.csv,label_20,past,950,1979,0.48
snapshot_sym6_date54_pm.csv,label_40,future,1959,1959,1.0
snapshot_sym6_date54_pm.csv,label_40,past,658,1959,0.3359
snapshot_sym6_date54_pm.csv,label_60,future,1939,1939,1.0
snapshot_sym6_date54_pm.csv,label_60,past,725,1939,0.3739
snapshot_sym6_date55_am.csv,label_5,future,1994,1994,1.0
snapshot_sym6_date55_am.csv,label_5,past,1296,1994,0.6499
snapshot_sym6_date55_am.csv,label_10,future,1989,1989,1.0
snapshot_sym6_date55_am.csv,label_10,past,939,1989,0.4721
snapshot_sym6_date55_am.csv,label_20,future,1979,1979,1.0
snapshot_sym6_date55_am.csv,label_20,past,812,1979,0.4103
snapshot_sym6_date55_am.csv,label_40,future,1959,1959,1.0
snapshot_sym6_date55_am.csv,label_40,past,535,1959,0.2731
snapshot_sym6_date55_am.csv,label_60,future,1939,1939,1.0
snapshot_sym6_date55_am.csv,label_60,past,486,1939,0.2506
snapshot_sym6_date55_pm.csv,label_5,future,1994,1994,1.0
snapshot_sym6_date55_pm.csv,label_5,past,1426,1994,0.7151
snapshot_sym6_date55_pm.csv,label_10,future,1989,1989,1.0
snapshot_sym6_date55_pm.csv,label_10,past,1095,1989,0.5505
snapshot_sym6_date55_pm.csv,label_20,future,1979,1979,1.0
snapshot_sym6_date55_pm.csv,label_20,past,1018,1979,0.5144
snapshot_sym6_date55_pm.csv,label_40,future,1959,1959,1.0
snapshot_sym6_date55_pm.csv,label_40,past,631,1959,0.3221
snapshot_sym6_date55_pm.csv,label_60,future,1939,1939,1.0
snapshot_sym6_date55_pm.csv,label_60,past,484,1939,0.2496
snapshot_sym6_date56_am.csv,label_5,future,1994,1994,1.0
snapshot_sym6_date56_am.csv,label_5,past,1101,1994,0.5522
snapshot_sym6_date56_am.csv,label_10,future,1989,1989,1.0
snapshot_sym6_date56_am.csv,label_10,past,849,1989,0.4268
snapshot_sym6_date56_am.csv,label_20,future,1979,1979,1.0
snapshot_sym6_date56_am.csv,label_20,past,792,1979,0.4002
snapshot_sym6_date56_am.csv,label_40,future,1959,1959,1.0
snapshot_sym6_date56_am.csv,label_40,past,658,1959,0.3359
snapshot_sym6_date56_am.csv,label_60,future,1939,1939,1.0
snapshot_sym6_date56_am.csv,label_60,past,588,1939,0.3032
snapshot_sym6_date56_pm.csv,label_5,future,1994,1994,1.0
snapshot_sym6_date56_pm.csv,label_5,past,1323,1994,0.6635
snapshot_sym6_date56_pm.csv,label_10,future,1989,1989,1.0
snapshot_sym6_date56_pm.csv,label_10,past,1021,1989,0.5133
snapshot_sym6_date56_pm.csv,label_20,future,1979,1979,1.0
snapshot_sym6_date56_pm.csv,label_20,past,943,1979,0.4765
snapshot_sym6_date56_pm.csv,label_40,future,1959,1959,1.0
snapshot_sym6_date56_pm.csv,label_40,past,707,1959,0.3609
snapshot_sym6_date56_pm.csv,label_60,future,1939,1939,1.0
snapshot_sym6_date56_pm.csv,label_60,past,473,1939,0.2439
snapshot_sym6_date57_am.csv,label_5,future,1994,1994,1.0
snapshot_sym6_date57_am.csv,label_5,past,1029,1994,0.516
snapshot_sym6_date57_am.csv,label_10,future,1989,1989,1.0
snapshot_sym6_date57_am.csv,label_10,past,918,1989,0.4615
snapshot_sym6_date57_am.csv,label_20,future,1979,1979,1.0
snapshot_sym6_date57_am.csv,label_20,past,700,1979,0.3537
snapshot_sym6_date57_am.csv,label_40,future,1959,1959,1.0
snapshot_sym6_date57_am.csv,label_40,past,577,1959,0.2945
snapshot_sym6_date57_am.csv,label_60,future,1939,1939,1.0
snapshot_sym6_date57_am.csv,label_60,past,624,1939,0.3218
snapshot_sym6_date57_pm.csv,label_5,future,1994,1994,1.0
snapshot_sym6_date57_pm.csv,label_5,past,1325,1994,0.6645
snapshot_sym6_date57_pm.csv,label_10,future,1989,1989,1.0
snapshot_sym6_date57_pm.csv,label_10,past,1107,1989,0.5566
snapshot_sym6_date57_pm.csv,label_20,future,1979,1979,1.0
snapshot_sym6_date57_pm.csv,label_20,past,943,1979,0.4765
snapshot_sym6_date57_pm.csv,label_40,future,1959,1959,1.0
snapshot_sym6_date57_pm.csv,label_40,past,644,1959,0.3287
snapshot_sym6_date57_pm.csv,label_60,future,1939,1939,1.0
snapshot_sym6_date57_pm.csv,label_60,past,490,1939,0.2527
snapshot_sym6_date58_am.csv,label_5,future,1994,1994,1.0
snapshot_sym6_date58_am.csv,label_5,past,1023,1994,0.513
snapshot_sym6_date58_am.csv,label_10,future,1989,1989,1.0
snapshot_sym6_date58_am.csv,label_10,past,852,1989,0.4284
snapshot_sym6_date58_am.csv,label_20,future,1979,1979,1.0
snapshot_sym6_date58_am.csv,label_20,past,832,1979,0.4204
snapshot_sym6_date58_am.csv,label_40,future,1959,1959,1.0
snapshot_sym6_date58_am.csv,label_40,past,633,1959,0.3231
snapshot_sym6_date58_am.csv,label_60,future,1939,1939,1.0
snapshot_sym6_date58_am.csv,label_60,past,678,1939,0.3497
snapshot_sym6_date58_pm.csv,label_5,future,1994,1994,1.0
snapshot_sym6_date58_pm.csv,label_5,past,1205,1994,0.6043
snapshot_sym6_date58_pm.csv,label_10,future,1989,1989,1.0
snapshot_sym6_date58_pm.csv,label_10,past,1075,1989,0.5405
snapshot_sym6_date58_pm.csv,label_20,future,1979,1979,1.0
snapshot_sym6_date58_pm.csv,label_20,past,1034,1979,0.5225
snapshot_sym6_date58_pm.csv,label_40,future,1959,1959,1.0
snapshot_sym6_date58_pm.csv,label_40,past,854,1959,0.4359
snapshot_sym6_date58_pm.csv,label_60,future,1939,1939,1.0
snapshot_sym6_date58_pm.csv,label_60,past,692,1939,0.3569
snapshot_sym6_date59_am.csv,label_5,future,1994,1994,1.0
snapshot_sym6_date59_am.csv,label_5,past,1351,1994,0.6775
snapshot_sym6_date59_am.csv,label_10,future,1989,1989,1.0
snapshot_sym6_date59_am.csv,label_10,past,1127,1989,0.5666
snapshot_sym6_date59_am.csv,label_20,future,1979,1979,1.0
snapshot_sym6_date59_am.csv,label_20,past,969,1979,0.4896
snapshot_sym6_date59_am.csv,label_40,future,1959,1959,1.0
snapshot_sym6_date59_am.csv,label_40,past,720,1959,0.3675
snapshot_sym6_date59_am.csv,label_60,future,1939,1939,1.0
snapshot_sym6_date59_am.csv,label_60,past,588,1939,0.3032
snapshot_sym6_date59_pm.csv,label_5,future,1994,1994,1.0
snapshot_sym6_date59_pm.csv,label_5,past,1461,1994,0.7327
snapshot_sym6_date59_pm.csv,label_10,future,1989,1989,1.0
snapshot_sym6_date59_pm.csv,label_10,past,1100,1989,0.553
snapshot_sym6_date59_pm.csv,label_20,future,1979,1979,1.0
snapshot_sym6_date59_pm.csv,label_20,past,1038,1979,0.5245
snapshot_sym6_date59_pm.csv,label_40,future,1959,1959,1.0
snapshot_sym6_date59_pm.csv,label_40,past,723,1959,0.3691
snapshot_sym6_date59_pm.csv,label_60,future,1939,1939,1.0
snapshot_sym6_date59_pm.csv,label_60,past,496,1939,0.2558
snapshot_sym6_date60_am.csv,label_5,future,1994,1994,1.0
snapshot_sym6_date60_am.csv,label_5,past,1432,1994,0.7182
snapshot_sym6_date60_am.csv,label_10,future,1989,1989,1.0
snapshot_sym6_date60_am.csv,label_10,past,1108,1989,0.5571
snapshot_sym6_date60_am.csv,label_20,future,1979,1979,1.0
snapshot_sym6_date60_am.csv,label_20,past,1031,1979,0.521
snapshot_sym6_date60_am.csv,label_40,future,1959,1959,1.0
snapshot_sym6_date60_am.csv,label_40,past,670,1959,0.342
snapshot_sym6_date60_am.csv,label_60,future,1939,1939,1.0
snapshot_sym6_date60_am.csv,label_60,past,609,1939,0.3141
snapshot_sym6_date60_pm.csv,label_5,future,1994,1994,1.0
snapshot_sym6_date60_pm.csv,label_5,past,1162,1994,0.5827
snapshot_sym6_date60_pm.csv,label_10,future,1989,1989,1.0
snapshot_sym6_date60_pm.csv,label_10,past,933,1989,0.4691
snapshot_sym6_date60_pm.csv,label_20,future,1979,1979,1.0
snapshot_sym6_date60_pm.csv,label_20,past,733,1979,0.3704
snapshot_sym6_date60_pm.csv,label_40,future,1959,1959,1.0
snapshot_sym6_date60_pm.csv,label_40,past,582,1959,0.2971
snapshot_sym6_date60_pm.csv,label_60,future,1939,1939,1.0
snapshot_sym6_date60_pm.csv,label_60,past,516,1939,0.2661
snapshot_sym6_date61_am.csv,label_5,future,1994,1994,1.0
snapshot_sym6_date61_am.csv,label_5,past,988,1994,0.4955
snapshot_sym6_date61_am.csv,label_10,future,1989,1989,1.0
snapshot_sym6_date61_am.csv,label_10,past,871,1989,0.4379
snapshot_sym6_date61_am.csv,label_20,future,1979,1979,1.0
snapshot_sym6_date61_am.csv,label_20,past,746,1979,0.377
snapshot_sym6_date61_am.csv,label_40,future,1959,1959,1.0
snapshot_sym6_date61_am.csv,label_40,past,654,1959,0.3338
snapshot_sym6_date61_am.csv,label_60,future,1939,1939,1.0
snapshot_sym6_date61_am.csv,label_60,past,616,1939,0.3177
snapshot_sym6_date61_pm.csv,label_5,future,1994,1994,1.0
snapshot_sym6_date61_pm.csv,label_5,past,1090,1994,0.5466
snapshot_sym6_date61_pm.csv,label_10,future,1989,1989,1.0
snapshot_sym6_date61_pm.csv,label_10,past,955,1989,0.4801
snapshot_sym6_date61_pm.csv,label_20,future,1979,1979,1.0
snapshot_sym6_date61_pm.csv,label_20,past,880,1979,0.4447
snapshot_sym6_date61_pm.csv,label_40,future,1959,1959,1.0
snapshot_sym6_date61_pm.csv,label_40,past,594,1959,0.3032
snapshot_sym6_date61_pm.csv,label_60,future,1939,1939,1.0
snapshot_sym6_date61_pm.csv,label_60,past,457,1939,0.2357
snapshot_sym6_date62_am.csv,label_5,future,1994,1994,1.0
snapshot_sym6_date62_am.csv,label_5,past,1220,1994,0.6118
snapshot_sym6_date62_am.csv,label_10,future,1989,1989,1.0
snapshot_sym6_date62_am.csv,label_10,past,1031,1989,0.5184
snapshot_sym6_date62_am.csv,label_20,future,1979,1979,1.0
snapshot_sym6_date62_am.csv,label_20,past,1022,1979,0.5164
snapshot_sym6_date62_am.csv,label_40,future,1959,1959,1.0
snapshot_sym6_date62_am.csv,label_40,past,745,1959,0.3803
snapshot_sym6_date62_am.csv,label_60,future,1939,1939,1.0
snapshot_sym6_date62_am.csv,label_60,past,563,1939,0.2904
snapshot_sym6_date62_pm.csv,label_5,future,1994,1994,1.0
snapshot_sym6_date62_pm.csv,label_5,past,1072,1994,0.5376
snapshot_sym6_date62_pm.csv,label_10,future,1989,1989,1.0
snapshot_sym6_date62_pm.csv,label_10,past,927,1989,0.4661
snapshot_sym6_date62_pm.csv,label_20,future,1979,1979,1.0
snapshot_sym6_date62_pm.csv,label_20,past,869,1979,0.4391
snapshot_sym6_date62_pm.csv,label_40,future,1959,1959,1.0
snapshot_sym6_date62_pm.csv,label_40,past,551,1959,0.2813
snapshot_sym6_date62_pm.csv,label_60,future,1939,1939,1.0
snapshot_sym6_date62_pm.csv,label_60,past,561,1939,0.2893
snapshot_sym6_date63_am.csv,label_5,future,1994,1994,1.0
snapshot_sym6_date63_am.csv,label_5,past,1175,1994,0.5893
snapshot_sym6_date63_am.csv,label_10,future,1989,1989,1.0
snapshot_sym6_date63_am.csv,label_10,past,915,1989,0.46
snapshot_sym6_date63_am.csv,label_20,future,1979,1979,1.0
snapshot_sym6_date63_am.csv,label_20,past,843,1979,0.426
snapshot_sym6_date63_am.csv,label_40,future,1959,1959,1.0
snapshot_sym6_date63_am.csv,label_40,past,576,1959,0.294
snapshot_sym6_date63_am.csv,label_60,future,1939,1939,1.0
snapshot_sym6_date63_am.csv,label_60,past,547,1939,0.2821
snapshot_sym6_date63_pm.csv,label_5,future,1994,1994,1.0
snapshot_sym6_date63_pm.csv,label_5,past,1430,1994,0.7172
snapshot_sym6_date63_pm.csv,label_10,future,1989,1989,1.0
snapshot_sym6_date63_pm.csv,label_10,past,1147,1989,0.5767
snapshot_sym6_date63_pm.csv,label_20,future,1979,1979,1.0
snapshot_sym6_date63_pm.csv,label_20,past,1177,1979,0.5947
snapshot_sym6_date63_pm.csv,label_40,future,1959,1959,1.0
snapshot_sym6_date63_pm.csv,label_40,past,748,1959,0.3818
snapshot_sym6_date63_pm.csv,label_60,future,1939,1939,1.0
snapshot_sym6_date63_pm.csv,label_60,past,644,1939,0.3321
snapshot_sym6_date64_am.csv,label_5,future,1994,1994,1.0
snapshot_sym6_date64_am.csv,label_5,past,1218,1994,0.6108
snapshot_sym6_date64_am.csv,label_10,future,1989,1989,1.0
snapshot_sym6_date64_am.csv,label_10,past,969,1989,0.4872
snapshot_sym6_date64_am.csv,label_20,future,1979,1979,1.0
snapshot_sym6_date64_am.csv,label_20,past,921,1979,0.4654
snapshot_sym6_date64_am.csv,label_40,future,1959,1959,1.0
snapshot_sym6_date64_am.csv,label_40,past,619,1959,0.316
snapshot_sym6_date64_am.csv,label_60,future,1939,1939,1.0
snapshot_sym6_date64_am.csv,label_60,past,609,1939,0.3141
snapshot_sym6_date64_pm.csv,label_5,future,1994,1994,1.0
snapshot_sym6_date64_pm.csv,label_5,past,1382,1994,0.6931
snapshot_sym6_date64_pm.csv,label_10,future,1989,1989,1.0
snapshot_sym6_date64_pm.csv,label_10,past,1145,1989,0.5757
snapshot_sym6_date64_pm.csv,label_20,future,1979,1979,1.0
snapshot_sym6_date64_pm.csv,label_20,past,1140,1979,0.576
snapshot_sym6_date64_pm.csv,label_40,future,1959,1959,1.0
snapshot_sym6_date64_pm.csv,label_40,past,794,1959,0.4053
snapshot_sym6_date64_pm.csv,label_60,future,1939,1939,1.0
snapshot_sym6_date64_pm.csv,label_60,past,741,1939,0.3822
snapshot_sym6_date65_am.csv,label_5,future,1994,1994,1.0
snapshot_sym6_date65_am.csv,label_5,past,1349,1994,0.6765
snapshot_sym6_date65_am.csv,label_10,future,1989,1989,1.0
snapshot_sym6_date65_am.csv,label_10,past,973,1989,0.4892
snapshot_sym6_date65_am.csv,label_20,future,1979,1979,1.0
snapshot_sym6_date65_am.csv,label_20,past,859,1979,0.4341
snapshot_sym6_date65_am.csv,label_40,future,1959,1959,1.0
snapshot_sym6_date65_am.csv,label_40,past,481,1959,0.2455
snapshot_sym6_date65_am.csv,label_60,future,1939,1939,1.0
snapshot_sym6_date65_am.csv,label_60,past,559,1939,0.2883
snapshot_sym6_date65_pm.csv,label_5,future,1994,1994,1.0
snapshot_sym6_date65_pm.csv,label_5,past,1216,1994,0.6098
snapshot_sym6_date65_pm.csv,label_10,future,1989,1989,1.0
snapshot_sym6_date65_pm.csv,label_10,past,886,1989,0.4454
snapshot_sym6_date65_pm.csv,label_20,future,1979,1979,1.0
snapshot_sym6_date65_pm.csv,label_20,past,815,1979,0.4118
snapshot_sym6_date65_pm.csv,label_40,future,1959,1959,1.0
snapshot_sym6_date65_pm.csv,label_40,past,592,1959,0.3022
snapshot_sym6_date65_pm.csv,label_60,future,1939,1939,1.0
snapshot_sym6_date65_pm.csv,label_60,past,616,1939,0.3177
snapshot_sym6_date66_am.csv,label_5,future,1994,1994,1.0
snapshot_sym6_date66_am.csv,label_5,past,1240,1994,0.6219
snapshot_sym6_date66_am.csv,label_10,future,1989,1989,1.0
snapshot_sym6_date66_am.csv,label_10,past,891,1989,0.448
snapshot_sym6_date66_am.csv,label_20,future,1979,1979,1.0
snapshot_sym6_date66_am.csv,label_20,past,811,1979,0.4098
snapshot_sym6_date66_am.csv,label_40,future,1959,1959,1.0
snapshot_sym6_date66_am.csv,label_40,past,592,1959,0.3022
snapshot_sym6_date66_am.csv,label_60,future,1939,1939,1.0
snapshot_sym6_date66_am.csv,label_60,past,548,1939,0.2826
snapshot_sym6_date66_pm.csv,label_5,future,1994,1994,1.0
snapshot_sym6_date66_pm.csv,label_5,past,1429,1994,0.7166
snapshot_sym6_date66_pm.csv,label_10,future,1989,1989,1.0
snapshot_sym6_date66_pm.csv,label_10,past,1107,1989,0.5566
snapshot_sym6_date66_pm.csv,label_20,future,1979,1979,1.0
snapshot_sym6_date66_pm.csv,label_20,past,1202,1979,0.6074
snapshot_sym6_date66_pm.csv,label_40,future,1959,1959,1.0
snapshot_sym6_date66_pm.csv,label_40,past,859,1959,0.4385
snapshot_sym6_date66_pm.csv,label_60,future,1939,1939,1.0
snapshot_sym6_date66_pm.csv,label_60,past,795,1939,0.41
snapshot_sym6_date67_am.csv,label_5,future,1994,1994,1.0
snapshot_sym6_date67_am.csv,label_5,past,1409,1994,0.7066
snapshot_sym6_date67_am.csv,label_10,future,1989,1989,1.0
snapshot_sym6_date67_am.csv,label_10,past,1040,1989,0.5229
snapshot_sym6_date67_am.csv,label_20,future,1979,1979,1.0
snapshot_sym6_date67_am.csv,label_20,past,983,1979,0.4967
snapshot_sym6_date67_am.csv,label_40,future,1959,1959,1.0
snapshot_sym6_date67_am.csv,label_40,past,562,1959,0.2869
snapshot_sym6_date67_am.csv,label_60,future,1939,1939,1.0
snapshot_sym6_date67_am.csv,label_60,past,483,1939,0.2491
snapshot_sym6_date67_pm.csv,label_5,future,1994,1994,1.0
snapshot_sym6_date67_pm.csv,label_5,past,1387,1994,0.6956
snapshot_sym6_date67_pm.csv,label_10,future,1989,1989,1.0
snapshot_sym6_date67_pm.csv,label_10,past,1045,1989,0.5254
snapshot_sym6_date67_pm.csv,label_20,future,1979,1979,1.0
snapshot_sym6_date67_pm.csv,label_20,past,1041,1979,0.526
snapshot_sym6_date67_pm.csv,label_40,future,1959,1959,1.0
snapshot_sym6_date67_pm.csv,label_40,past,678,1959,0.3461
snapshot_sym6_date67_pm.csv,label_60,future,1939,1939,1.0
snapshot_sym6_date67_pm.csv,label_60,past,552,1939,0.2847
snapshot_sym6_date68_am.csv,label_5,future,1994,1994,1.0
snapshot_sym6_date68_am.csv,label_5,past,1166,1994,0.5848
snapshot_sym6_date68_am.csv,label_10,future,1989,1989,1.0
snapshot_sym6_date68_am.csv,label_10,past,939,1989,0.4721
snapshot_sym6_date68_am.csv,label_20,future,1979,1979,1.0
snapshot_sym6_date68_am.csv,label_20,past,830,1979,0.4194
snapshot_sym6_date68_am.csv,label_40,future,1959,1959,1.0
snapshot_sym6_date68_am.csv,label_40,past,553,1959,0.2823
snapshot_sym6_date68_am.csv,label_60,future,1939,1939,1.0
snapshot_sym6_date68_am.csv,label_60,past,549,1939,0.2831
snapshot_sym6_date68_pm.csv,label_5,future,1994,1994,1.0
snapshot_sym6_date68_pm.csv,label_5,past,1287,1994,0.6454
snapshot_sym6_date68_pm.csv,label_10,future,1989,1989,1.0
snapshot_sym6_date68_pm.csv,label_10,past,1027,1989,0.5163
snapshot_sym6_date68_pm.csv,label_20,future,1979,1979,1.0
snapshot_sym6_date68_pm.csv,label_20,past,897,1979,0.4533
snapshot_sym6_date68_pm.csv,label_40,future,1959,1959,1.0
snapshot_sym6_date68_pm.csv,label_40,past,639,1959,0.3262
snapshot_sym6_date68_pm.csv,label_60,future,1939,1939,1.0
snapshot_sym6_date68_pm.csv,label_60,past,618,1939,0.3187
snapshot_sym6_date69_am.csv,label_5,future,1994,1994,1.0
snapshot_sym6_date69_am.csv,label_5,past,1382,1994,0.6931
snapshot_sym6_date69_am.csv,label_10,future,1989,1989,1.0
snapshot_sym6_date69_am.csv,label_10,past,1036,1989,0.5209
snapshot_sym6_date69_am.csv,label_20,future,1979,1979,1.0
snapshot_sym6_date69_am.csv,label_20,past,1055,1979,0.5331
snapshot_sym6_date69_am.csv,label_40,future,1959,1959,1.0
snapshot_sym6_date69_am.csv,label_40,past,663,1959,0.3384
snapshot_sym6_date69_am.csv,label_60,future,1939,1939,1.0
snapshot_sym6_date69_am.csv,label_60,past,716,1939,0.3693
snapshot_sym6_date69_pm.csv,label_5,future,1994,1994,1.0
snapshot_sym6_date69_pm.csv,label_5,past,1611,1994,0.8079
snapshot_sym6_date69_pm.csv,label_10,future,1989,1989,1.0
snapshot_sym6_date69_pm.csv,label_10,past,1242,1989,0.6244
snapshot_sym6_date69_pm.csv,label_20,future,1979,1979,1.0
snapshot_sym6_date69_pm.csv,label_20,past,1313,1979,0.6635
snapshot_sym6_date69_pm.csv,label_40,future,1959,1959,1.0
snapshot_sym6_date69_pm.csv,label_40,past,993,1959,0.5069
snapshot_sym6_date69_pm.csv,label_60,future,1939,1939,1.0
snapshot_sym6_date69_pm.csv,label_60,past,826,1939,0.426
snapshot_sym6_date6_am.csv,label_5,future,1994,1994,1.0
snapshot_sym6_date6_am.csv,label_5,past,745,1994,0.3736
snapshot_sym6_date6_am.csv,label_10,future,1989,1989,1.0
snapshot_sym6_date6_am.csv,label_10,past,792,1989,0.3982
snapshot_sym6_date6_am.csv,label_20,future,1979,1979,1.0
snapshot_sym6_date6_am.csv,label_20,past,1006,1979,0.5083
snapshot_sym6_date6_am.csv,label_40,future,1959,1959,1.0
snapshot_sym6_date6_am.csv,label_40,past,837,1959,0.4273
snapshot_sym6_date6_am.csv,label_60,future,1939,1939,1.0
snapshot_sym6_date6_am.csv,label_60,past,663,1939,0.3419
snapshot_sym6_date6_pm.csv,label_5,future,1994,1994,1.0
snapshot_sym6_date6_pm.csv,label_5,past,942,1994,0.4724
snapshot_sym6_date6_pm.csv,label_10,future,1989,1989,1.0
snapshot_sym6_date6_pm.csv,label_10,past,812,1989,0.4082
snapshot_sym6_date6_pm.csv,label_20,future,1979,1979,1.0
snapshot_sym6_date6_pm.csv,label_20,past,1467,1979,0.7413
snapshot_sym6_date6_pm.csv,label_40,future,1959,1959,1.0
snapshot_sym6_date6_pm.csv,label_40,past,1093,1959,0.5579
snapshot_sym6_date6_pm.csv,label_60,future,1939,1939,1.0
snapshot_sym6_date6_pm.csv,label_60,past,782,1939,0.4033
snapshot_sym6_date70_am.csv,label_5,future,1994,1994,1.0
snapshot_sym6_date70_am.csv,label_5,past,1520,1994,0.7623
snapshot_sym6_date70_am.csv,label_10,future,1989,1989,1.0
snapshot_sym6_date70_am.csv,label_10,past,1083,1989,0.5445
snapshot_sym6_date70_am.csv,label_20,future,1979,1979,1.0
snapshot_sym6_date70_am.csv,label_20,past,1145,1979,0.5786
snapshot_sym6_date70_am.csv,label_40,future,1959,1959,1.0
snapshot_sym6_date70_am.csv,label_40,past,678,1959,0.3461
snapshot_sym6_date70_am.csv,label_60,future,1939,1939,1.0
snapshot_sym6_date70_am.csv,label_60,past,570,1939,0.294
snapshot_sym6_date70_pm.csv,label_5,future,1994,1994,1.0
snapshot_sym6_date70_pm.csv,label_5,past,1671,1994,0.838
snapshot_sym6_date70_pm.csv,label_10,future,1989,1989,1.0
snapshot_sym6_date70_pm.csv,label_10,past,1392,1989,0.6998
snapshot_sym6_date70_pm.csv,label_20,future,1979,1979,1.0
snapshot_sym6_date70_pm.csv,label_20,past,1470,1979,0.7428
snapshot_sym6_date70_pm.csv,label_40,future,1959,1959,1.0
snapshot_sym6_date70_pm.csv,label_40,past,1051,1959,0.5365
snapshot_sym6_date70_pm.csv,label_60,future,1939,1939,1.0
snapshot_sym6_date70_pm.csv,label_60,past,851,1939,0.4389
snapshot_sym6_date71_am.csv,label_5,future,1994,1994,1.0
snapshot_sym6_date71_am.csv,label_5,past,1421,1994,0.7126
snapshot_sym6_date71_am.csv,label_10,future,1989,1989,1.0
snapshot_sym6_date71_am.csv,label_10,past,1154,1989,0.5802
snapshot_sym6_date71_am.csv,label_20,future,1979,1979,1.0
snapshot_sym6_date71_am.csv,label_20,past,1173,1979,0.5927
snapshot_sym6_date71_am.csv,label_40,future,1959,1959,1.0
snapshot_sym6_date71_am.csv,label_40,past,702,1959,0.3583
snapshot_sym6_date71_am.csv,label_60,future,1939,1939,1.0
snapshot_sym6_date71_am.csv,label_60,past,697,1939,0.3595
snapshot_sym6_date71_pm.csv,label_5,future,1994,1994,1.0
snapshot_sym6_date71_pm.csv,label_5,past,1617,1994,0.8109
snapshot_sym6_date71_pm.csv,label_10,future,1989,1989,1.0
snapshot_sym6_date71_pm.csv,label_10,past,1277,1989,0.642
snapshot_sym6_date71_pm.csv,label_20,future,1979,1979,1.0
snapshot_sym6_date71_pm.csv,label_20,past,1284,1979,0.6488
snapshot_sym6_date71_pm.csv,label_40,future,1959,1959,1.0
snapshot_sym6_date71_pm.csv,label_40,past,792,1959,0.4043
snapshot_sym6_date71_pm.csv,label_60,future,1939,1939,1.0
snapshot_sym6_date71_pm.csv,label_60,past,579,1939,0.2986
snapshot_sym6_date72_am.csv,label_5,future,1994,1994,1.0
snapshot_sym6_date72_am.csv,label_5,past,1426,1994,0.7151
snapshot_sym6_date72_am.csv,label_10,future,1989,1989,1.0
snapshot_sym6_date72_am.csv,label_10,past,1162,1989,0.5842
snapshot_sym6_date72_am.csv,label_20,future,1979,1979,1.0
snapshot_sym6_date72_am.csv,label_20,past,1210,1979,0.6114
snapshot_sym6_date72_am.csv,label_40,future,1959,1959,1.0
snapshot_sym6_date72_am.csv,label_40,past,817,1959,0.417
snapshot_sym6_date72_am.csv,label_60,future,1939,1939,1.0
snapshot_sym6_date72_am.csv,label_60,past,650,1939,0.3352
snapshot_sym6_date72_pm.csv,label_5,future,1994,1994,1.0
snapshot_sym6_date72_pm.csv,label_5,past,1432,1994,0.7182
snapshot_sym6_date72_pm.csv,label_10,future,1989,1989,1.0
snapshot_sym6_date72_pm.csv,label_10,past,1119,1989,0.5626
snapshot_sym6_date72_pm.csv,label_20,future,1979,1979,1.0
snapshot_sym6_date72_pm.csv,label_20,past,1162,1979,0.5872
snapshot_sym6_date72_pm.csv,label_40,future,1959,1959,1.0
snapshot_sym6_date72_pm.csv,label_40,past,722,1959,0.3686
snapshot_sym6_date72_pm.csv,label_60,future,1939,1939,1.0
snapshot_sym6_date72_pm.csv,label_60,past,556,1939,0.2867
snapshot_sym6_date73_am.csv,label_5,future,1994,1994,1.0
snapshot_sym6_date73_am.csv,label_5,past,1245,1994,0.6244
snapshot_sym6_date73_am.csv,label_10,future,1989,1989,1.0
snapshot_sym6_date73_am.csv,label_10,past,949,1989,0.4771
snapshot_sym6_date73_am.csv,label_20,future,1979,1979,1.0
snapshot_sym6_date73_am.csv,label_20,past,889,1979,0.4492
snapshot_sym6_date73_am.csv,label_40,future,1959,1959,1.0
snapshot_sym6_date73_am.csv,label_40,past,589,1959,0.3007
snapshot_sym6_date73_am.csv,label_60,future,1939,1939,1.0
snapshot_sym6_date73_am.csv,label_60,past,623,1939,0.3213
snapshot_sym6_date73_pm.csv,label_5,future,1994,1994,1.0
snapshot_sym6_date73_pm.csv,label_5,past,1346,1994,0.675
snapshot_sym6_date73_pm.csv,label_10,future,1989,1989,1.0
snapshot_sym6_date73_pm.csv,label_10,past,1067,1989,0.5365
snapshot_sym6_date73_pm.csv,label_20,future,1979,1979,1.0
snapshot_sym6_date73_pm.csv,label_20,past,968,1979,0.4891
snapshot_sym6_date73_pm.csv,label_40,future,1959,1959,1.0
snapshot_sym6_date73_pm.csv,label_40,past,793,1959,0.4048
snapshot_sym6_date73_pm.csv,label_60,future,1939,1939,1.0
snapshot_sym6_date73_pm.csv,label_60,past,748,1939,0.3858
snapshot_sym6_date74_am.csv,label_5,future,1994,1994,1.0
snapshot_sym6_date74_am.csv,label_5,past,1175,1994,0.5893
snapshot_sym6_date74_am.csv,label_10,future,1989,1989,1.0
snapshot_sym6_date74_am.csv,label_10,past,930,1989,0.4676
snapshot_sym6_date74_am.csv,label_20,future,1979,1979,1.0
snapshot_sym6_date74_am.csv,label_20,past,876,1979,0.4426
snapshot_sym6_date74_am.csv,label_40,future,1959,1959,1.0
snapshot_sym6_date74_am.csv,label_40,past,588,1959,0.3002
snapshot_sym6_date74_am.csv,label_60,future,1939,1939,1.0
snapshot_sym6_date74_am.csv,label_60,past,487,1939,0.2512
snapshot_sym6_date74_pm.csv,label_5,future,1994,1994,1.0
snapshot_sym6_date74_pm.csv,label_5,past,1548,1994,0.7763
snapshot_sym6_date74_pm.csv,label_10,future,1989,1989,1.0
snapshot_sym6_date74_pm.csv,label_10,past,1158,1989,0.5822
snapshot_sym6_date74_pm.csv,label_20,future,1979,1979,1.0
snapshot_sym6_date74_pm.csv,label_20,past,1140,1979,0.576
snapshot_sym6_date74_pm.csv,label_40,future,1959,1959,1.0
snapshot_sym6_date74_pm.csv,label_40,past,693,1959,0.3538
snapshot_sym6_date74_pm.csv,label_60,future,1939,1939,1.0
snapshot_sym6_date74_pm.csv,label_60,past,449,1939,0.2316
snapshot_sym6_date75_am.csv,label_5,future,1994,1994,1.0
snapshot_sym6_date75_am.csv,label_5,past,1346,1994,0.675
snapshot_sym6_date75_am.csv,label_10,future,1989,1989,1.0
snapshot_sym6_date75_am.csv,label_10,past,1040,1989,0.5229
snapshot_sym6_date75_am.csv,label_20,future,1979,1979,1.0
snapshot_sym6_date75_am.csv,label_20,past,1130,1979,0.571
snapshot_sym6_date75_am.csv,label_40,future,1959,1959,1.0
snapshot_sym6_date75_am.csv,label_40,past,820,1959,0.4186
snapshot_sym6_date75_am.csv,label_60,future,1939,1939,1.0
snapshot_sym6_date75_am.csv,label_60,past,658,1939,0.3394
snapshot_sym6_date75_pm.csv,label_5,future,1994,1994,1.0
snapshot_sym6_date75_pm.csv,label_5,past,1360,1994,0.682
snapshot_sym6_date75_pm.csv,label_10,future,1989,1989,1.0
snapshot_sym6_date75_pm.csv,label_10,past,1124,1989,0.5651
snapshot_sym6_date75_pm.csv,label_20,future,1979,1979,1.0
snapshot_sym6_date75_pm.csv,label_20,past,1216,1979,0.6145
snapshot_sym6_date75_pm.csv,label_40,future,1959,1959,1.0
snapshot_sym6_date75_pm.csv,label_40,past,1043,1959,0.5324
snapshot_sym6_date75_pm.csv,label_60,future,1939,1939,1.0
snapshot_sym6_date75_pm.csv,label_60,past,866,1939,0.4466
snapshot_sym6_date76_am.csv,label_5,future,1994,1994,1.0
snapshot_sym6_date76_am.csv,label_5,past,1268,1994,0.6359
snapshot_sym6_date76_am.csv,label_10,future,1989,1989,1.0
snapshot_sym6_date76_am.csv,label_10,past,924,1989,0.4646
snapshot_sym6_date76_am.csv,label_20,future,1979,1979,1.0
snapshot_sym6_date76_am.csv,label_20,past,879,1979,0.4442
snapshot_sym6_date76_am.csv,label_40,future,1959,1959,1.0
snapshot_sym6_date76_am.csv,label_40,past,457,1959,0.2333
snapshot_sym6_date76_am.csv,label_60,future,1939,1939,1.0
snapshot_sym6_date76_am.csv,label_60,past,583,1939,0.3007
snapshot_sym6_date76_pm.csv,label_5,future,1994,1994,1.0
snapshot_sym6_date76_pm.csv,label_5,past,1351,1994,0.6775
snapshot_sym6_date76_pm.csv,label_10,future,1989,1989,1.0
snapshot_sym6_date76_pm.csv,label_10,past,978,1989,0.4917
snapshot_sym6_date76_pm.csv,label_20,future,1979,1979,1.0
snapshot_sym6_date76_pm.csv,label_20,past,987,1979,0.4987
snapshot_sym6_date76_pm.csv,label_40,future,1959,1959,1.0
snapshot_sym6_date76_pm.csv,label_40,past,581,1959,0.2966
snapshot_sym6_date76_pm.csv,label_60,future,1939,1939,1.0
snapshot_sym6_date76_pm.csv,label_60,past,628,1939,0.3239
snapshot_sym6_date77_am.csv,label_5,future,1994,1994,1.0
snapshot_sym6_date77_am.csv,label_5,past,1116,1994,0.5597
snapshot_sym6_date77_am.csv,label_10,future,1989,1989,1.0
snapshot_sym6_date77_am.csv,label_10,past,866,1989,0.4354
snapshot_sym6_date77_am.csv,label_20,future,1979,1979,1.0
snapshot_sym6_date77_am.csv,label_20,past,664,1979,0.3355
snapshot_sym6_date77_am.csv,label_40,future,1959,1959,1.0
snapshot_sym6_date77_am.csv,label_40,past,570,1959,0.291
snapshot_sym6_date77_am.csv,label_60,future,1939,1939,1.0
snapshot_sym6_date77_am.csv,label_60,past,628,1939,0.3239
snapshot_sym6_date77_pm.csv,label_5,future,1994,1994,1.0
snapshot_sym6_date77_pm.csv,label_5,past,1406,1994,0.7051
snapshot_sym6_date77_pm.csv,label_10,future,1989,1989,1.0
snapshot_sym6_date77_pm.csv,label_10,past,1139,1989,0.5726
snapshot_sym6_date77_pm.csv,label_20,future,1979,1979,1.0
snapshot_sym6_date77_pm.csv,label_20,past,1199,1979,0.6059
snapshot_sym6_date77_pm.csv,label_40,future,1959,1959,1.0
snapshot_sym6_date77_pm.csv,label_40,past,877,1959,0.4477
snapshot_sym6_date77_pm.csv,label_60,future,1939,1939,1.0
snapshot_sym6_date77_pm.csv,label_60,past,792,1939,0.4085
snapshot_sym6_date78_am.csv,label_5,future,1994,1994,1.0
snapshot_sym6_date78_am.csv,label_5,past,1311,1994,0.6575
snapshot_sym6_date78_am.csv,label_10,future,1989,1989,1.0
snapshot_sym6_date78_am.csv,label_10,past,1097,1989,0.5515
snapshot_sym6_date78_am.csv,label_20,future,1979,1979,1.0
snapshot_sym6_date78_am.csv,label_20,past,1127,1979,0.5695
snapshot_sym6_date78_am.csv,label_40,future,1959,1959,1.0
snapshot_sym6_date78_am.csv,label_40,past,691,1959,0.3527
snapshot_sym6_date78_am.csv,label_60,future,1939,1939,1.0
snapshot_sym6_date78_am.csv,label_60,past,640,1939,0.3301
snapshot_sym6_date78_pm.csv,label_5,future,1994,1994,1.0
snapshot_sym6_date78_pm.csv,label_5,past,1657,1994,0.831
snapshot_sym6_date78_pm.csv,label_10,future,1989,1989,1.0
snapshot_sym6_date78_pm.csv,label_10,past,1338,1989,0.6727
snapshot_sym6_date78_pm.csv,label_20,future,1979,1979,1.0
snapshot_sym6_date78_pm.csv,label_20,past,1325,1979,0.6695
snapshot_sym6_date78_pm.csv,label_40,future,1959,1959,1.0
snapshot_sym6_date78_pm.csv,label_40,past,875,1959,0.4467
snapshot_sym6_date78_pm.csv,label_60,future,1939,1939,1.0
snapshot_sym6_date78_pm.csv,label_60,past,731,1939,0.377
snapshot_sym6_date7_am.csv,label_5,future,1994,1994,1.0
snapshot_sym6_date7_am.csv,label_5,past,925,1994,0.4639
snapshot_sym6_date7_am.csv,label_10,future,1989,1989,1.0
snapshot_sym6_date7_am.csv,label_10,past,786,1989,0.3952
snapshot_sym6_date7_am.csv,label_20,future,1979,1979,1.0
snapshot_sym6_date7_am.csv,label_20,past,1230,1979,0.6215
snapshot_sym6_date7_am.csv,label_40,future,1959,1959,1.0
snapshot_sym6_date7_am.csv,label_40,past,837,1959,0.4273
snapshot_sym6_date7_am.csv,label_60,future,1939,1939,1.0
snapshot_sym6_date7_am.csv,label_60,past,796,1939,0.4105
snapshot_sym6_date7_pm.csv,label_5,future,1994,1994,1.0
snapshot_sym6_date7_pm.csv,label_5,past,1071,1994,0.5371
snapshot_sym6_date7_pm.csv,label_10,future,1989,1989,1.0
snapshot_sym6_date7_pm.csv,label_10,past,908,1989,0.4565
snapshot_sym6_date7_pm.csv,label_20,future,1979,1979,1.0
snapshot_sym6_date7_pm.csv,label_20,past,1378,1979,0.6963
snapshot_sym6_date7_pm.csv,label_40,future,1959,1959,1.0
snapshot_sym6_date7_pm.csv,label_40,past,1022,1959,0.5217
snapshot_sym6_date7_pm.csv,label_60,future,1939,1939,1.0
snapshot_sym6_date7_pm.csv,label_60,past,874,1939,0.4507
snapshot_sym6_date8_am.csv,label_5,future,1994,1994,1.0
snapshot_sym6_date8_am.csv,label_5,past,713,1994,0.3576
snapshot_sym6_date8_am.csv,label_10,future,1989,1989,1.0
snapshot_sym6_date8_am.csv,label_10,past,690,1989,0.3469
snapshot_sym6_date8_am.csv,label_20,future,1979,1979,1.0
snapshot_sym6_date8_am.csv,label_20,past,1207,1979,0.6099
snapshot_sym6_date8_am.csv,label_40,future,1959,1959,1.0
snapshot_sym6_date8_am.csv,label_40,past,774,1959,0.3951
snapshot_sym6_date8_am.csv,label_60,future,1939,1939,1.0
snapshot_sym6_date8_am.csv,label_60,past,603,1939,0.311
snapshot_sym6_date8_pm.csv,label_5,future,1994,1994,1.0
snapshot_sym6_date8_pm.csv,label_5,past,1162,1994,0.5827
snapshot_sym6_date8_pm.csv,label_10,future,1989,1989,1.0
snapshot_sym6_date8_pm.csv,label_10,past,886,1989,0.4454
snapshot_sym6_date8_pm.csv,label_20,future,1979,1979,1.0
snapshot_sym6_date8_pm.csv,label_20,past,1759,1979,0.8888
snapshot_sym6_date8_pm.csv,label_40,future,1959,1959,1.0
snapshot_sym6_date8_pm.csv,label_40,past,1465,1959,0.7478
snapshot_sym6_date8_pm.csv,label_60,future,1939,1939,1.0
snapshot_sym6_date8_pm.csv,label_60,past,1313,1939,0.6772
snapshot_sym6_date9_am.csv,label_5,future,1994,1994,1.0
snapshot_sym6_date9_am.csv,label_5,past,744,1994,0.3731
snapshot_sym6_date9_am.csv,label_10,future,1989,1989,1.0
snapshot_sym6_date9_am.csv,label_10,past,808,1989,0.4062
snapshot_sym6_date9_am.csv,label_20,future,1979,1979,1.0
snapshot_sym6_date9_am.csv,label_20,past,984,1979,0.4972
snapshot_sym6_date9_am.csv,label_40,future,1959,1959,1.0
snapshot_sym6_date9_am.csv,label_40,past,630,1959,0.3216
snapshot_sym6_date9_am.csv,label_60,future,1939,1939,1.0
snapshot_sym6_date9_am.csv,label_60,past,615,1939,0.3172
snapshot_sym6_date9_pm.csv,label_5,future,1994,1994,1.0
snapshot_sym6_date9_pm.csv,label_5,past,872,1994,0.4373
snapshot_sym6_date9_pm.csv,label_10,future,1989,1989,1.0
snapshot_sym6_date9_pm.csv,label_10,past,728,1989,0.366
snapshot_sym6_date9_pm.csv,label_20,future,1979,1979,1.0
snapshot_sym6_date9_pm.csv,label_20,past,1330,1979,0.6721
snapshot_sym6_date9_pm.csv,label_40,future,1959,1959,1.0
snapshot_sym6_date9_pm.csv,label_40,past,880,1959,0.4492
snapshot_sym6_date9_pm.csv,label_60,future,1939,1939,1.0
snapshot_sym6_date9_pm.csv,label_60,past,704,1939,0.3631
snapshot_sym7_date0_am.csv,label_5,future,1994,1994,1.0
snapshot_sym7_date0_am.csv,label_5,past,815,1994,0.4087
snapshot_sym7_date0_am.csv,label_10,future,1989,1989,1.0
snapshot_sym7_date0_am.csv,label_10,past,677,1989,0.3404
snapshot_sym7_date0_am.csv,label_20,future,1979,1979,1.0
snapshot_sym7_date0_am.csv,label_20,past,908,1979,0.4588
snapshot_sym7_date0_am.csv,label_40,future,1959,1959,1.0
snapshot_sym7_date0_am.csv,label_40,past,727,1959,0.3711
snapshot_sym7_date0_am.csv,label_60,future,1939,1939,1.0
snapshot_sym7_date0_am.csv,label_60,past,715,1939,0.3687
snapshot_sym7_date0_pm.csv,label_5,future,1994,1994,1.0
snapshot_sym7_date0_pm.csv,label_5,past,938,1994,0.4704
snapshot_sym7_date0_pm.csv,label_10,future,1989,1989,1.0
snapshot_sym7_date0_pm.csv,label_10,past,851,1989,0.4279
snapshot_sym7_date0_pm.csv,label_20,future,1979,1979,1.0
snapshot_sym7_date0_pm.csv,label_20,past,1250,1979,0.6316
snapshot_sym7_date0_pm.csv,label_40,future,1959,1959,1.0
snapshot_sym7_date0_pm.csv,label_40,past,904,1959,0.4615
snapshot_sym7_date0_pm.csv,label_60,future,1939,1939,1.0
snapshot_sym7_date0_pm.csv,label_60,past,829,1939,0.4275
snapshot_sym7_date10_am.csv,label_5,future,1994,1994,1.0
snapshot_sym7_date10_am.csv,label_5,past,1514,1994,0.7593
snapshot_sym7_date10_am.csv,label_10,future,1989,1989,1.0
snapshot_sym7_date10_am.csv,label_10,past,1457,1989,0.7325
snapshot_sym7_date10_am.csv,label_20,future,1979,1979,1.0
snapshot_sym7_date10_am.csv,label_20,past,1582,1979,0.7994
snapshot_sym7_date10_am.csv,label_40,future,1959,1959,1.0
snapshot_sym7_date10_am.csv,label_40,past,1430,1959,0.73
snapshot_sym7_date10_am.csv,label_60,future,1939,1939,1.0
snapshot_sym7_date10_am.csv,label_60,past,1327,1939,0.6844
snapshot_sym7_date10_pm.csv,label_5,future,1994,1994,1.0
snapshot_sym7_date10_pm.csv,label_5,past,1994,1994,1.0
snapshot_sym7_date10_pm.csv,label_10,future,1989,1989,1.0
snapshot_sym7_date10_pm.csv,label_10,past,1989,1989,1.0
snapshot_sym7_date10_pm.csv,label_20,future,1979,1979,1.0
snapshot_sym7_date10_pm.csv,label_20,past,1979,1979,1.0
snapshot_sym7_date10_pm.csv,label_40,future,1959,1959,1.0
snapshot_sym7_date10_pm.csv,label_40,past,1959,1959,1.0
snapshot_sym7_date10_pm.csv,label_60,future,1939,1939,1.0
snapshot_sym7_date10_pm.csv,label_60,past,1939,1939,1.0
snapshot_sym7_date11_am.csv,label_5,future,1994,1994,1.0
snapshot_sym7_date11_am.csv,label_5,past,980,1994,0.4915
snapshot_sym7_date11_am.csv,label_10,future,1989,1989,1.0
snapshot_sym7_date11_am.csv,label_10,past,842,1989,0.4233
snapshot_sym7_date11_am.csv,label_20,future,1979,1979,1.0
snapshot_sym7_date11_am.csv,label_20,past,1440,1979,0.7276
snapshot_sym7_date11_am.csv,label_40,future,1959,1959,1.0
snapshot_sym7_date11_am.csv,label_40,past,997,1959,0.5089
snapshot_sym7_date11_am.csv,label_60,future,1939,1939,1.0
snapshot_sym7_date11_am.csv,label_60,past,769,1939,0.3966
snapshot_sym7_date11_pm.csv,label_5,future,1994,1994,1.0
snapshot_sym7_date11_pm.csv,label_5,past,774,1994,0.3882
snapshot_sym7_date11_pm.csv,label_10,future,1989,1989,1.0
snapshot_sym7_date11_pm.csv,label_10,past,785,1989,0.3947
snapshot_sym7_date11_pm.csv,label_20,future,1979,1979,1.0
snapshot_sym7_date11_pm.csv,label_20,past,1068,1979,0.5397
snapshot_sym7_date11_pm.csv,label_40,future,1959,1959,1.0
snapshot_sym7_date11_pm.csv,label_40,past,883,1959,0.4507
snapshot_sym7_date11_pm.csv,label_60,future,1939,1939,1.0
snapshot_sym7_date11_pm.csv,label_60,past,736,1939,0.3796
snapshot_sym7_date12_am.csv,label_5,future,1994,1994,1.0
snapshot_sym7_date12_am.csv,label_5,past,909,1994,0.4559
snapshot_sym7_date12_am.csv,label_10,future,1989,1989,1.0
snapshot_sym7_date12_am.csv,label_10,past,797,1989,0.4007
snapshot_sym7_date12_am.csv,label_20,future,1979,1979,1.0
snapshot_sym7_date12_am.csv,label_20,past,1344,1979,0.6791
snapshot_sym7_date12_am.csv,label_40,future,1959,1959,1.0
snapshot_sym7_date12_am.csv,label_40,past,811,1959,0.414
snapshot_sym7_date12_am.csv,label_60,future,1939,1939,1.0
snapshot_sym7_date12_am.csv,label_60,past,625,1939,0.3223
snapshot_sym7_date12_pm.csv,label_5,future,1994,1994,1.0
snapshot_sym7_date12_pm.csv,label_5,past,1106,1994,0.5547
snapshot_sym7_date12_pm.csv,label_10,future,1989,1989,1.0
snapshot_sym7_date12_pm.csv,label_10,past,878,1989,0.4414
snapshot_sym7_date12_pm.csv,label_20,future,1979,1979,1.0
snapshot_sym7_date12_pm.csv,label_20,past,1625,1979,0.8211
snapshot_sym7_date12_pm.csv,label_40,future,1959,1959,1.0
snapshot_sym7_date12_pm.csv,label_40,past,1270,1959,0.6483
snapshot_sym7_date12_pm.csv,label_60,future,1939,1939,1.0
snapshot_sym7_date12_pm.csv,label_60,past,1041,1939,0.5369
snapshot_sym7_date13_am.csv,label_5,future,1994,1994,1.0
snapshot_sym7_date13_am.csv,label_5,past,843,1994,0.4228
snapshot_sym7_date13_am.csv,label_10,future,1989,1989,1.0
snapshot_sym7_date13_am.csv,label_10,past,789,1989,0.3967
snapshot_sym7_date13_am.csv,label_20,future,1979,1979,1.0
snapshot_sym7_date13_am.csv,label_20,past,748,1979,0.378
snapshot_sym7_date13_am.csv,label_40,future,1959,1959,1.0
snapshot_sym7_date13_am.csv,label_40,past,701,1959,0.3578
snapshot_sym7_date13_am.csv,label_60,future,1939,1939,1.0
snapshot_sym7_date13_am.csv,label_60,past,721,1939,0.3718
snapshot_sym7_date13_pm.csv,label_5,future,1994,1994,1.0
snapshot_sym7_date13_pm.csv,label_5,past,748,1994,0.3751
snapshot_sym7_date13_pm.csv,label_10,future,1989,1989,1.0
snapshot_sym7_date13_pm.csv,label_10,past,883,1989,0.4439
snapshot_sym7_date13_pm.csv,label_20,future,1979,1979,1.0
snapshot_sym7_date13_pm.csv,label_20,past,843,1979,0.426
snapshot_sym7_date13_pm.csv,label_40,future,1959,1959,1.0
snapshot_sym7_date13_pm.csv,label_40,past,778,1959,0.3971
snapshot_sym7_date13_pm.csv,label_60,future,1939,1939,1.0
snapshot_sym7_date13_pm.csv,label_60,past,688,1939,0.3548
snapshot_sym7_date14_am.csv,label_5,future,1994,1994,1.0
snapshot_sym7_date14_am.csv,label_5,past,764,1994,0.3831
snapshot_sym7_date14_am.csv,label_10,future,1989,1989,1.0
snapshot_sym7_date14_am.csv,label_10,past,821,1989,0.4128
snapshot_sym7_date14_am.csv,label_20,future,1979,1979,1.0
snapshot_sym7_date14_am.csv,label_20,past,969,1979,0.4896
snapshot_sym7_date14_am.csv,label_40,future,1959,1959,1.0
snapshot_sym7_date14_am.csv,label_40,past,653,1959,0.3333
snapshot_sym7_date14_am.csv,label_60,future,1939,1939,1.0
snapshot_sym7_date14_am.csv,label_60,past,641,1939,0.3306
snapshot_sym7_date14_pm.csv,label_5,future,1994,1994,1.0
snapshot_sym7_date14_pm.csv,label_5,past,855,1994,0.4288
snapshot_sym7_date14_pm.csv,label_10,future,1989,1989,1.0
snapshot_sym7_date14_pm.csv,label_10,past,750,1989,0.3771
snapshot_sym7_date14_pm.csv,label_20,future,1979,1979,1.0
snapshot_sym7_date14_pm.csv,label_20,past,1336,1979,0.6751
snapshot_sym7_date14_pm.csv,label_40,future,1959,1959,1.0
snapshot_sym7_date14_pm.csv,label_40,past,868,1959,0.4431
snapshot_sym7_date14_pm.csv,label_60,future,1939,1939,1.0
snapshot_sym7_date14_pm.csv,label_60,past,704,1939,0.3631
snapshot_sym7_date15_am.csv,label_5,future,1994,1994,1.0
snapshot_sym7_date15_am.csv,label_5,past,874,1994,0.4383
snapshot_sym7_date15_am.csv,label_10,future,1989,1989,1.0
snapshot_sym7_date15_am.csv,label_10,past,788,1989,0.3962
snapshot_sym7_date15_am.csv,label_20,future,1979,1979,1.0
snapshot_sym7_date15_am.csv,label_20,past,1005,1979,0.5078
snapshot_sym7_date15_am.csv,label_40,future,1959,1959,1.0
snapshot_sym7_date15_am.csv,label_40,past,661,1959,0.3374
snapshot_sym7_date15_am.csv,label_60,future,1939,1939,1.0
snapshot_sym7_date15_am.csv,label_60,past,586,1939,0.3022
snapshot_sym7_date15_pm.csv,label_5,future,1994,1994,1.0
snapshot_sym7_date15_pm.csv,label_5,past,1113,1994,0.5582
snapshot_sym7_date15_pm.csv,label_10,future,1989,1989,1.0
snapshot_sym7_date15_pm.csv,label_10,past,950,1989,0.4776
snapshot_sym7_date15_pm.csv,label_20,future,1979,1979,1.0
snapshot_sym7_date15_pm.csv,label_20,past,1530,1979,0.7731
snapshot_sym7_date15_pm.csv,label_40,future,1959,1959,1.0
snapshot_sym7_date15_pm.csv,label_40,past,1141,1959,0.5824
snapshot_sym7_date15_pm.csv,label_60,future,1939,1939,1.0
snapshot_sym7_date15_pm.csv,label_60,past,964,1939,0.4972
snapshot_sym7_date16_am.csv,label_5,future,1994,1994,1.0
snapshot_sym7_date16_am.csv,label_5,past,826,1994,0.4142
snapshot_sym7_date16_am.csv,label_10,future,1989,1989,1.0
snapshot_sym7_date16_am.csv,label_10,past,774,1989,0.3891
snapshot_sym7_date16_am.csv,label_20,future,1979,1979,1.0
snapshot_sym7_date16_am.csv,label_20,past,1007,1979,0.5088
snapshot_sym7_date16_am.csv,label_40,future,1959,1959,1.0
snapshot_sym7_date16_am.csv,label_40,past,717,1959,0.366
snapshot_sym7_date16_am.csv,label_60,future,1939,1939,1.0
snapshot_sym7_date16_am.csv,label_60,past,648,1939,0.3342
snapshot_sym7_date16_pm.csv,label_5,future,1994,1994,1.0
snapshot_sym7_date16_pm.csv,label_5,past,928,1994,0.4654
snapshot_sym7_date16_pm.csv,label_10,future,1989,1989,1.0
snapshot_sym7_date16_pm.csv,label_10,past,797,1989,0.4007
snapshot_sym7_date16_pm.csv,label_20,future,1979,1979,1.0
snapshot_sym7_date16_pm.csv,label_20,past,1271,1979,0.6422
snapshot_sym7_date16_pm.csv,label_40,future,1959,1959,1.0
snapshot_sym7_date16_pm.csv,label_40,past,958,1959,0.489
snapshot_sym7_date16_pm.csv,label_60,future,1939,1939,1.0
snapshot_sym7_date16_pm.csv,label_60,past,766,1939,0.395
snapshot_sym7_date17_am.csv,label_5,future,1994,1994,1.0
snapshot_sym7_date17_am.csv,label_5,past,824,1994,0.4132
snapshot_sym7_date17_am.csv,label_10,future,1989,1989,1.0
snapshot_sym7_date17_am.csv,label_10,past,722,1989,0.363
snapshot_sym7_date17_am.csv,label_20,future,1979,1979,1.0
snapshot_sym7_date17_am.csv,label_20,past,1263,1979,0.6382
snapshot_sym7_date17_am.csv,label_40,future,1959,1959,1.0
snapshot_sym7_date17_am.csv,label_40,past,967,1959,0.4936
snapshot_sym7_date17_am.csv,label_60,future,1939,1939,1.0
snapshot_sym7_date17_am.csv,label_60,past,783,1939,0.4038
snapshot_sym7_date17_pm.csv,label_5,future,1994,1994,1.0
snapshot_sym7_date17_pm.csv,label_5,past,1059,1994,0.5311
snapshot_sym7_date17_pm.csv,label_10,future,1989,1989,1.0
snapshot_sym7_date17_pm.csv,label_10,past,890,1989,0.4475
snapshot_sym7_date17_pm.csv,label_20,future,1979,1979,1.0
snapshot_sym7_date17_pm.csv,label_20,past,1444,1979,0.7297
snapshot_sym7_date17_pm.csv,label_40,future,1959,1959,1.0
snapshot_sym7_date17_pm.csv,label_40,past,1021,1959,0.5212
snapshot_sym7_date17_pm.csv,label_60,future,1939,1939,1.0
snapshot_sym7_date17_pm.csv,label_60,past,733,1939,0.378
snapshot_sym7_date18_am.csv,label_5,future,1994,1994,1.0
snapshot_sym7_date18_am.csv,label_5,past,956,1994,0.4794
snapshot_sym7_date18_am.csv,label_10,future,1989,1989,1.0
snapshot_sym7_date18_am.csv,label_10,past,795,1989,0.3997
snapshot_sym7_date18_am.csv,label_20,future,1979,1979,1.0
snapshot_sym7_date18_am.csv,label_20,past,1217,1979,0.615
snapshot_sym7_date18_am.csv,label_40,future,1959,1959,1.0
snapshot_sym7_date18_am.csv,label_40,past,906,1959,0.4625
snapshot_sym7_date18_am.csv,label_60,future,1939,1939,1.0
snapshot_sym7_date18_am.csv,label_60,past,949,1939,0.4894
snapshot_sym7_date18_pm.csv,label_5,future,1994,1994,1.0
snapshot_sym7_date18_pm.csv,label_5,past,828,1994,0.4152
snapshot_sym7_date18_pm.csv,label_10,future,1989,1989,1.0
snapshot_sym7_date18_pm.csv,label_10,past,812,1989,0.4082
snapshot_sym7_date18_pm.csv,label_20,future,1979,1979,1.0
snapshot_sym7_date18_pm.csv,label_20,past,932,1979,0.4709
snapshot_sym7_date18_pm.csv,label_40,future,1959,1959,1.0
snapshot_sym7_date18_pm.csv,label_40,past,672,1959,0.343
snapshot_sym7_date18_pm.csv,label_60,future,1939,1939,1.0
snapshot_sym7_date18_pm.csv,label_60,past,615,1939,0.3172
snapshot_sym7_date19_am.csv,label_5,future,1994,1994,1.0
snapshot_sym7_date19_am.csv,label_5,past,733,1994,0.3676
snapshot_sym7_date19_am.csv,label_10,future,1989,1989,1.0
snapshot_sym7_date19_am.csv,label_10,past,737,1989,0.3705
snapshot_sym7_date19_am.csv,label_20,future,1979,1979,1.0
snapshot_sym7_date19_am.csv,label_20,past,744,1979,0.3759
snapshot_sym7_date19_am.csv,label_40,future,1959,1959,1.0
snapshot_sym7_date19_am.csv,label_40,past,839,1959,0.4283
snapshot_sym7_date19_am.csv,label_60,future,1939,1939,1.0
snapshot_sym7_date19_am.csv,label_60,past,853,1939,0.4399
snapshot_sym7_date19_pm.csv,label_5,future,1994,1994,1.0
snapshot_sym7_date19_pm.csv,label_5,past,873,1994,0.4378
snapshot_sym7_date19_pm.csv,label_10,future,1989,1989,1.0
snapshot_sym7_date19_pm.csv,label_10,past,704,1989,0.3539
snapshot_sym7_date19_pm.csv,label_20,future,1979,1979,1.0
snapshot_sym7_date19_pm.csv,label_20,past,608,1979,0.3072
snapshot_sym7_date19_pm.csv,label_40,future,1959,1959,1.0
snapshot_sym7_date19_pm.csv,label_40,past,725,1959,0.3701
snapshot_sym7_date19_pm.csv,label_60,future,1939,1939,1.0
snapshot_sym7_date19_pm.csv,label_60,past,689,1939,0.3553
snapshot_sym7_date1_am.csv,label_5,future,1994,1994,1.0
snapshot_sym7_date1_am.csv,label_5,past,759,1994,0.3806
snapshot_sym7_date1_am.csv,label_10,future,1989,1989,1.0
snapshot_sym7_date1_am.csv,label_10,past,694,1989,0.3489
snapshot_sym7_date1_am.csv,label_20,future,1979,1979,1.0
snapshot_sym7_date1_am.csv,label_20,past,994,1979,0.5023
snapshot_sym7_date1_am.csv,label_40,future,1959,1959,1.0
snapshot_sym7_date1_am.csv,label_40,past,799,1959,0.4079
snapshot_sym7_date1_am.csv,label_60,future,1939,1939,1.0
snapshot_sym7_date1_am.csv,label_60,past,791,1939,0.4079
snapshot_sym7_date1_pm.csv,label_5,future,1994,1994,1.0
snapshot_sym7_date1_pm.csv,label_5,past,925,1994,0.4639
snapshot_sym7_date1_pm.csv,label_10,future,1989,1989,1.0
snapshot_sym7_date1_pm.csv,label_10,past,728,1989,0.366
snapshot_sym7_date1_pm.csv,label_20,future,1979,1979,1.0
snapshot_sym7_date1_pm.csv,label_20,past,1135,1979,0.5735
snapshot_sym7_date1_pm.csv,label_40,future,1959,1959,1.0
snapshot_sym7_date1_pm.csv,label_40,past,881,1959,0.4497
snapshot_sym7_date1_pm.csv,label_60,future,1939,1939,1.0
snapshot_sym7_date1_pm.csv,label_60,past,687,1939,0.3543
snapshot_sym7_date20_am.csv,label_5,future,1994,1994,1.0
snapshot_sym7_date20_am.csv,label_5,past,859,1994,0.4308
snapshot_sym7_date20_am.csv,label_10,future,1989,1989,1.0
snapshot_sym7_date20_am.csv,label_10,past,747,1989,0.3756
snapshot_sym7_date20_am.csv,label_20,future,1979,1979,1.0
snapshot_sym7_date20_am.csv,label_20,past,734,1979,0.3709
snapshot_sym7_date20_am.csv,label_40,future,1959,1959,1.0
snapshot_sym7_date20_am.csv,label_40,past,776,1959,0.3961
snapshot_sym7_date20_am.csv,label_60,future,1939,1939,1.0
snapshot_sym7_date20_am.csv,label_60,past,703,1939,0.3626
snapshot_sym7_date20_pm.csv,label_5,future,1994,1994,1.0
snapshot_sym7_date20_pm.csv,label_5,past,1348,1994,0.676
snapshot_sym7_date20_pm.csv,label_10,future,1989,1989,1.0
snapshot_sym7_date20_pm.csv,label_10,past,1060,1989,0.5329
snapshot_sym7_date20_pm.csv,label_20,future,1979,1979,1.0
snapshot_sym7_date20_pm.csv,label_20,past,880,1979,0.4447
snapshot_sym7_date20_pm.csv,label_40,future,1959,1959,1.0
snapshot_sym7_date20_pm.csv,label_40,past,733,1959,0.3742
snapshot_sym7_date20_pm.csv,label_60,future,1939,1939,1.0
snapshot_sym7_date20_pm.csv,label_60,past,719,1939,0.3708
snapshot_sym7_date21_am.csv,label_5,future,1994,1994,1.0
snapshot_sym7_date21_am.csv,label_5,past,787,1994,0.3947
snapshot_sym7_date21_am.csv,label_10,future,1989,1989,1.0
snapshot_sym7_date21_am.csv,label_10,past,739,1989,0.3715
snapshot_sym7_date21_am.csv,label_20,future,1979,1979,1.0
snapshot_sym7_date21_am.csv,label_20,past,672,1979,0.3396
snapshot_sym7_date21_am.csv,label_40,future,1959,1959,1.0
snapshot_sym7_date21_am.csv,label_40,past,803,1959,0.4099
snapshot_sym7_date21_am.csv,label_60,future,1939,1939,1.0
snapshot_sym7_date21_am.csv,label_60,past,699,1939,0.3605
snapshot_sym7_date21_pm.csv,label_5,future,1994,1994,1.0
snapshot_sym7_date21_pm.csv,label_5,past,925,1994,0.4639
snapshot_sym7_date21_pm.csv,label_10,future,1989,1989,1.0
snapshot_sym7_date21_pm.csv,label_10,past,841,1989,0.4228
snapshot_sym7_date21_pm.csv,label_20,future,1979,1979,1.0
snapshot_sym7_date21_pm.csv,label_20,past,796,1979,0.4022
snapshot_sym7_date21_pm.csv,label_40,future,1959,1959,1.0
snapshot_sym7_date21_pm.csv,label_40,past,713,1959,0.364
snapshot_sym7_date21_pm.csv,label_60,future,1939,1939,1.0
snapshot_sym7_date21_pm.csv,label_60,past,731,1939,0.377
snapshot_sym7_date22_am.csv,label_5,future,1994,1994,1.0
snapshot_sym7_date22_am.csv,label_5,past,616,1994,0.3089
snapshot_sym7_date22_am.csv,label_10,future,1989,1989,1.0
snapshot_sym7_date22_am.csv,label_10,past,630,1989,0.3167
snapshot_sym7_date22_am.csv,label_20,future,1979,1979,1.0
snapshot_sym7_date22_am.csv,label_20,past,642,1979,0.3244
snapshot_sym7_date22_am.csv,label_40,future,1959,1959,1.0
snapshot_sym7_date22_am.csv,label_40,past,674,1959,0.3441
snapshot_sym7_date22_am.csv,label_60,future,1939,1939,1.0
snapshot_sym7_date22_am.csv,label_60,past,710,1939,0.3662
snapshot_sym7_date22_pm.csv,label_5,future,1994,1994,1.0
snapshot_sym7_date22_pm.csv,label_5,past,700,1994,0.3511
snapshot_sym7_date22_pm.csv,label_10,future,1989,1989,1.0
snapshot_sym7_date22_pm.csv,label_10,past,644,1989,0.3238
snapshot_sym7_date22_pm.csv,label_20,future,1979,1979,1.0
snapshot_sym7_date22_pm.csv,label_20,past,746,1979,0.377
snapshot_sym7_date22_pm.csv,label_40,future,1959,1959,1.0
snapshot_sym7_date22_pm.csv,label_40,past,710,1959,0.3624
snapshot_sym7_date22_pm.csv,label_60,future,1939,1939,1.0
snapshot_sym7_date22_pm.csv,label_60,past,732,1939,0.3775
snapshot_sym7_date23_am.csv,label_5,future,1994,1994,1.0
snapshot_sym7_date23_am.csv,label_5,past,808,1994,0.4052
snapshot_sym7_date23_am.csv,label_10,future,1989,1989,1.0
snapshot_sym7_date23_am.csv,label_10,past,772,1989,0.3881
snapshot_sym7_date23_am.csv,label_20,future,1979,1979,1.0
snapshot_sym7_date23_am.csv,label_20,past,1029,1979,0.52
snapshot_sym7_date23_am.csv,label_40,future,1959,1959,1.0
snapshot_sym7_date23_am.csv,label_40,past,784,1959,0.4002
snapshot_sym7_date23_am.csv,label_60,future,1939,1939,1.0
snapshot_sym7_date23_am.csv,label_60,past,682,1939,0.3517
snapshot_sym7_date23_pm.csv,label_5,future,1994,1994,1.0
snapshot_sym7_date23_pm.csv,label_5,past,1090,1994,0.5466
snapshot_sym7_date23_pm.csv,label_10,future,1989,1989,1.0
snapshot_sym7_date23_pm.csv,label_10,past,833,1989,0.4188
snapshot_sym7_date23_pm.csv,label_20,future,1979,1979,1.0
snapshot_sym7_date23_pm.csv,label_20,past,1553,1979,0.7847
snapshot_sym7_date23_pm.csv,label_40,future,1959,1959,1.0
snapshot_sym7_date23_pm.csv,label_40,past,1051,1959,0.5365
snapshot_sym7_date23_pm.csv,label_60,future,1939,1939,1.0
snapshot_sym7_date23_pm.csv,label_60,past,742,1939,0.3827
snapshot_sym7_date24_am.csv,label_5,future,1994,1994,1.0
snapshot_sym7_date24_am.csv,label_5,past,819,1994,0.4107
snapshot_sym7_date24_am.csv,label_10,future,1989,1989,1.0
snapshot_sym7_date24_am.csv,label_10,past,736,1989,0.37
snapshot_sym7_date24_am.csv,label_20,future,1979,1979,1.0
snapshot_sym7_date24_am.csv,label_20,past,1059,1979,0.5351
snapshot_sym7_date24_am.csv,label_40,future,1959,1959,1.0
snapshot_sym7_date24_am.csv,label_40,past,661,1959,0.3374
snapshot_sym7_date24_am.csv,label_60,future,1939,1939,1.0
snapshot_sym7_date24_am.csv,label_60,past,644,1939,0.3321
snapshot_sym7_date24_pm.csv,label_5,future,1994,1994,1.0
snapshot_sym7_date24_pm.csv,label_5,past,838,1994,0.4203
snapshot_sym7_date24_pm.csv,label_10,future,1989,1989,1.0
snapshot_sym7_date24_pm.csv,label_10,past,861,1989,0.4329
snapshot_sym7_date24_pm.csv,label_20,future,1979,1979,1.0
snapshot_sym7_date24_pm.csv,label_20,past,1105,1979,0.5584
snapshot_sym7_date24_pm.csv,label_40,future,1959,1959,1.0
snapshot_sym7_date24_pm.csv,label_40,past,835,1959,0.4262
snapshot_sym7_date24_pm.csv,label_60,future,1939,1939,1.0
snapshot_sym7_date24_pm.csv,label_60,past,776,1939,0.4002
snapshot_sym7_date25_am.csv,label_5,future,1994,1994,1.0
snapshot_sym7_date25_am.csv,label_5,past,670,1994,0.336
snapshot_sym7_date25_am.csv,label_10,future,1989,1989,1.0
snapshot_sym7_date25_am.csv,label_10,past,803,1989,0.4037
snapshot_sym7_date25_am.csv,label_20,future,1979,1979,1.0
snapshot_sym7_date25_am.csv,label_20,past,783,1979,0.3957
snapshot_sym7_date25_am.csv,label_40,future,1959,1959,1.0
snapshot_sym7_date25_am.csv,label_40,past,692,1959,0.3532
snapshot_sym7_date25_am.csv,label_60,future,1939,1939,1.0
snapshot_sym7_date25_am.csv,label_60,past,829,1939,0.4275
snapshot_sym7_date25_pm.csv,label_5,future,1994,1994,1.0
snapshot_sym7_date25_pm.csv,label_5,past,651,1994,0.3265
snapshot_sym7_date25_pm.csv,label_10,future,1989,1989,1.0
snapshot_sym7_date25_pm.csv,label_10,past,682,1989,0.3429
snapshot_sym7_date25_pm.csv,label_20,future,1979,1979,1.0
snapshot_sym7_date25_pm.csv,label_20,past,1082,1979,0.5467
snapshot_sym7_date25_pm.csv,label_40,future,1959,1959,1.0
snapshot_sym7_date25_pm.csv,label_40,past,930,1959,0.4747
snapshot_sym7_date25_pm.csv,label_60,future,1939,1939,1.0
snapshot_sym7_date25_pm.csv,label_60,past,794,1939,0.4095
snapshot_sym7_date26_am.csv,label_5,future,1994,1994,1.0
snapshot_sym7_date26_am.csv,label_5,past,788,1994,0.3952
snapshot_sym7_date26_am.csv,label_10,future,1989,1989,1.0
snapshot_sym7_date26_am.csv,label_10,past,728,1989,0.366
snapshot_sym7_date26_am.csv,label_20,future,1979,1979,1.0
snapshot_sym7_date26_am.csv,label_20,past,1040,1979,0.5255
snapshot_sym7_date26_am.csv,label_40,future,1959,1959,1.0
snapshot_sym7_date26_am.csv,label_40,past,808,1959,0.4125
snapshot_sym7_date26_am.csv,label_60,future,1939,1939,1.0
snapshot_sym7_date26_am.csv,label_60,past,690,1939,0.3559
snapshot_sym7_date26_pm.csv,label_5,future,1994,1994,1.0
snapshot_sym7_date26_pm.csv,label_5,past,1065,1994,0.5341
snapshot_sym7_date26_pm.csv,label_10,future,1989,1989,1.0
snapshot_sym7_date26_pm.csv,label_10,past,867,1989,0.4359
snapshot_sym7_date26_pm.csv,label_20,future,1979,1979,1.0
snapshot_sym7_date26_pm.csv,label_20,past,1463,1979,0.7393
snapshot_sym7_date26_pm.csv,label_40,future,1959,1959,1.0
snapshot_sym7_date26_pm.csv,label_40,past,1044,1959,0.5329
snapshot_sym7_date26_pm.csv,label_60,future,1939,1939,1.0
snapshot_sym7_date26_pm.csv,label_60,past,951,1939,0.4905
snapshot_sym7_date27_am.csv,label_5,future,1994,1994,1.0
snapshot_sym7_date27_am.csv,label_5,past,893,1994,0.4478
snapshot_sym7_date27_am.csv,label_10,future,1989,1989,1.0
snapshot_sym7_date27_am.csv,label_10,past,886,1989,0.4454
snapshot_sym7_date27_am.csv,label_20,future,1979,1979,1.0
snapshot_sym7_date27_am.csv,label_20,past,1059,1979,0.5351
snapshot_sym7_date27_am.csv,label_40,future,1959,1959,1.0
snapshot_sym7_date27_am.csv,label_40,past,729,1959,0.3721
snapshot_sym7_date27_am.csv,label_60,future,1939,1939,1.0
snapshot_sym7_date27_am.csv,label_60,past,593,1939,0.3058
snapshot_sym7_date27_pm.csv,label_5,future,1994,1994,1.0
snapshot_sym7_date27_pm.csv,label_5,past,816,1994,0.4092
snapshot_sym7_date27_pm.csv,label_10,future,1989,1989,1.0
snapshot_sym7_date27_pm.csv,label_10,past,826,1989,0.4153
snapshot_sym7_date27_pm.csv,label_20,future,1979,1979,1.0
snapshot_sym7_date27_pm.csv,label_20,past,1037,1979,0.524
snapshot_sym7_date27_pm.csv,label_40,future,1959,1959,1.0
snapshot_sym7_date27_pm.csv,label_40,past,790,1959,0.4033
snapshot_sym7_date27_pm.csv,label_60,future,1939,1939,1.0
snapshot_sym7_date27_pm.csv,label_60,past,692,1939,0.3569
snapshot_sym7_date28_am.csv,label_5,future,1994,1994,1.0
snapshot_sym7_date28_am.csv,label_5,past,711,1994,0.3566
snapshot_sym7_date28_am.csv,label_10,future,1989,1989,1.0
snapshot_sym7_date28_am.csv,label_10,past,787,1989,0.3957
snapshot_sym7_date28_am.csv,label_20,future,1979,1979,1.0
snapshot_sym7_date28_am.csv,label_20,past,919,1979,0.4644
snapshot_sym7_date28_am.csv,label_40,future,1959,1959,1.0
snapshot_sym7_date28_am.csv,label_40,past,613,1959,0.3129
snapshot_sym7_date28_am.csv,label_60,future,1939,1939,1.0
snapshot_sym7_date28_am.csv,label_60,past,644,1939,0.3321
snapshot_sym7_date28_pm.csv,label_5,future,1994,1994,1.0
snapshot_sym7_date28_pm.csv,label_5,past,953,1994,0.4779
snapshot_sym7_date28_pm.csv,label_10,future,1989,1989,1.0
snapshot_sym7_date28_pm.csv,label_10,past,922,1989,0.4635
snapshot_sym7_date28_pm.csv,label_20,future,1979,1979,1.0
snapshot_sym7_date28_pm.csv,label_20,past,1129,1979,0.5705
snapshot_sym7_date28_pm.csv,label_40,future,1959,1959,1.0
snapshot_sym7_date28_pm.csv,label_40,past,843,1959,0.4303
snapshot_sym7_date28_pm.csv,label_60,future,1939,1939,1.0
snapshot_sym7_date28_pm.csv,label_60,past,777,1939,0.4007
snapshot_sym7_date29_am.csv,label_5,future,1994,1994,1.0
snapshot_sym7_date29_am.csv,label_5,past,927,1994,0.4649
snapshot_sym7_date29_am.csv,label_10,future,1989,1989,1.0
snapshot_sym7_date29_am.csv,label_10,past,1073,1989,0.5395
snapshot_sym7_date29_am.csv,label_20,future,1979,1979,1.0
snapshot_sym7_date29_am.csv,label_20,past,1075,1979,0.5432
snapshot_sym7_date29_am.csv,label_40,future,1959,1959,1.0
snapshot_sym7_date29_am.csv,label_40,past,808,1959,0.4125
snapshot_sym7_date29_am.csv,label_60,future,1939,1939,1.0
snapshot_sym7_date29_am.csv,label_60,past,842,1939,0.4342
snapshot_sym7_date29_pm.csv,label_5,future,1994,1994,1.0
snapshot_sym7_date29_pm.csv,label_5,past,818,1994,0.4102
snapshot_sym7_date29_pm.csv,label_10,future,1989,1989,1.0
snapshot_sym7_date29_pm.csv,label_10,past,932,1989,0.4686
snapshot_sym7_date29_pm.csv,label_20,future,1979,1979,1.0
snapshot_sym7_date29_pm.csv,label_20,past,991,1979,0.5008
snapshot_sym7_date29_pm.csv,label_40,future,1959,1959,1.0
snapshot_sym7_date29_pm.csv,label_40,past,890,1959,0.4543
snapshot_sym7_date29_pm.csv,label_60,future,1939,1939,1.0
snapshot_sym7_date29_pm.csv,label_60,past,833,1939,0.4296
snapshot_sym7_date2_am.csv,label_5,future,1994,1994,1.0
snapshot_sym7_date2_am.csv,label_5,past,916,1994,0.4594
snapshot_sym7_date2_am.csv,label_10,future,1989,1989,1.0
snapshot_sym7_date2_am.csv,label_10,past,746,1989,0.3751
snapshot_sym7_date2_am.csv,label_20,future,1979,1979,1.0
snapshot_sym7_date2_am.csv,label_20,past,1097,1979,0.5543
snapshot_sym7_date2_am.csv,label_40,future,1959,1959,1.0
snapshot_sym7_date2_am.csv,label_40,past,736,1959,0.3757
snapshot_sym7_date2_am.csv,label_60,future,1939,1939,1.0
snapshot_sym7_date2_am.csv,label_60,past,549,1939,0.2831
snapshot_sym7_date2_pm.csv,label_5,future,1994,1994,1.0
snapshot_sym7_date2_pm.csv,label_5,past,1136,1994,0.5697
snapshot_sym7_date2_pm.csv,label_10,future,1989,1989,1.0
snapshot_sym7_date2_pm.csv,label_10,past,992,1989,0.4987
snapshot_sym7_date2_pm.csv,label_20,future,1979,1979,1.0
snapshot_sym7_date2_pm.csv,label_20,past,1407,1979,0.711
snapshot_sym7_date2_pm.csv,label_40,future,1959,1959,1.0
snapshot_sym7_date2_pm.csv,label_40,past,987,1959,0.5038
snapshot_sym7_date2_pm.csv,label_60,future,1939,1939,1.0
snapshot_sym7_date2_pm.csv,label_60,past,749,1939,0.3863
snapshot_sym7_date30_am.csv,label_5,future,1994,1994,1.0
snapshot_sym7_date30_am.csv,label_5,past,741,1994,0.3716
snapshot_sym7_date30_am.csv,label_10,future,1989,1989,1.0
snapshot_sym7_date30_am.csv,label_10,past,859,1989,0.4319
snapshot_sym7_date30_am.csv,label_20,future,1979,1979,1.0
snapshot_sym7_date30_am.csv,label_20,past,927,1979,0.4684
snapshot_sym7_date30_am.csv,label_40,future,1959,1959,1.0
snapshot_sym7_date30_am.csv,label_40,past,727,1959,0.3711
snapshot_sym7_date30_am.csv,label_60,future,1939,1939,1.0
snapshot_sym7_date30_am.csv,label_60,past,593,1939,0.3058
snapshot_sym7_date30_pm.csv,label_5,future,1994,1994,1.0
snapshot_sym7_date30_pm.csv,label_5,past,924,1994,0.4634
snapshot_sym7_date30_pm.csv,label_10,future,1989,1989,1.0
snapshot_sym7_date30_pm.csv,label_10,past,885,1989,0.4449
snapshot_sym7_date30_pm.csv,label_20,future,1979,1979,1.0
snapshot_sym7_date30_pm.csv,label_20,past,1113,1979,0.5624
snapshot_sym7_date30_pm.csv,label_40,future,1959,1959,1.0
snapshot_sym7_date30_pm.csv,label_40,past,763,1959,0.3895
snapshot_sym7_date30_pm.csv,label_60,future,1939,1939,1.0
snapshot_sym7_date30_pm.csv,label_60,past,568,1939,0.2929
snapshot_sym7_date31_am.csv,label_5,future,1994,1994,1.0
snapshot_sym7_date31_am.csv,label_5,past,733,1994,0.3676
snapshot_sym7_date31_am.csv,label_10,future,1989,1989,1.0
snapshot_sym7_date31_am.csv,label_10,past,799,1989,0.4017
snapshot_sym7_date31_am.csv,label_20,future,1979,1979,1.0
snapshot_sym7_date31_am.csv,label_20,past,729,1979,0.3684
snapshot_sym7_date31_am.csv,label_40,future,1959,1959,1.0
snapshot_sym7_date31_am.csv,label_40,past,730,1959,0.3726
snapshot_sym7_date31_am.csv,label_60,future,1939,1939,1.0
snapshot_sym7_date31_am.csv,label_60,past,606,1939,0.3125
snapshot_sym7_date31_pm.csv,label_5,future,1994,1994,1.0
snapshot_sym7_date31_pm.csv,label_5,past,878,1994,0.4403
snapshot_sym7_date31_pm.csv,label_10,future,1989,1989,1.0
snapshot_sym7_date31_pm.csv,label_10,past,1074,1989,0.54
snapshot_sym7_date31_pm.csv,label_20,future,1979,1979,1.0
snapshot_sym7_date31_pm.csv,label_20,past,930,1979,0.4699
snapshot_sym7_date31_pm.csv,label_40,future,1959,1959,1.0
snapshot_sym7_date31_pm.csv,label_40,past,676,1959,0.3451
snapshot_sym7_date31_pm.csv,label_60,future,1939,1939,1.0
snapshot_sym7_date31_pm.csv,label_60,past,682,1939,0.3517
snapshot_sym7_date32_am.csv,label_5,future,1994,1994,1.0
snapshot_sym7_date32_am.csv,label_5,past,870,1994,0.4363
snapshot_sym7_date32_am.csv,label_10,future,1989,1989,1.0
snapshot_sym7_date32_am.csv,label_10,past,860,1989,0.4324
snapshot_sym7_date32_am.csv,label_20,future,1979,1979,1.0
snapshot_sym7_date32_am.csv,label_20,past,747,1979,0.3775
snapshot_sym7_date32_am.csv,label_40,future,1959,1959,1.0
snapshot_sym7_date32_am.csv,label_40,past,638,1959,0.3257
snapshot_sym7_date32_am.csv,label_60,future,1939,1939,1.0
snapshot_sym7_date32_am.csv,label_60,past,698,1939,0.36
snapshot_sym7_date32_pm.csv,label_5,future,1994,1994,1.0
snapshot_sym7_date32_pm.csv,label_5,past,745,1994,0.3736
snapshot_sym7_date32_pm.csv,label_10,future,1989,1989,1.0
snapshot_sym7_date32_pm.csv,label_10,past,821,1989,0.4128
snapshot_sym7_date32_pm.csv,label_20,future,1979,1979,1.0
snapshot_sym7_date32_pm.csv,label_20,past,1002,1979,0.5063
snapshot_sym7_date32_pm.csv,label_40,future,1959,1959,1.0
snapshot_sym7_date32_pm.csv,label_40,past,805,1959,0.4109
snapshot_sym7_date32_pm.csv,label_60,future,1939,1939,1.0
snapshot_sym7_date32_pm.csv,label_60,past,676,1939,0.3486
snapshot_sym7_date33_am.csv,label_5,future,1994,1994,1.0
snapshot_sym7_date33_am.csv,label_5,past,810,1994,0.4062
snapshot_sym7_date33_am.csv,label_10,future,1989,1989,1.0
snapshot_sym7_date33_am.csv,label_10,past,936,1989,0.4706
snapshot_sym7_date33_am.csv,label_20,future,1979,1979,1.0
snapshot_sym7_date33_am.csv,label_20,past,922,1979,0.4659
snapshot_sym7_date33_am.csv,label_40,future,1959,1959,1.0
snapshot_sym7_date33_am.csv,label_40,past,688,1959,0.3512
snapshot_sym7_date33_am.csv,label_60,future,1939,1939,1.0
snapshot_sym7_date33_am.csv,label_60,past,621,1939,0.3203
snapshot_sym7_date33_pm.csv,label_5,future,1994,1994,1.0
snapshot_sym7_date33_pm.csv,label_5,past,846,1994,0.4243
snapshot_sym7_date33_pm.csv,label_10,future,1989,1989,1.0
snapshot_sym7_date33_pm.csv,label_10,past,920,1989,0.4625
snapshot_sym7_date33_pm.csv,label_20,future,1979,1979,1.0
snapshot_sym7_date33_pm.csv,label_20,past,1101,1979,0.5563
snapshot_sym7_date33_pm.csv,label_40,future,1959,1959,1.0
snapshot_sym7_date33_pm.csv,label_40,past,788,1959,0.4022
snapshot_sym7_date33_pm.csv,label_60,future,1939,1939,1.0
snapshot_sym7_date33_pm.csv,label_60,past,701,1939,0.3615
snapshot_sym7_date34_am.csv,label_5,future,1994,1994,1.0
snapshot_sym7_date34_am.csv,label_5,past,751,1994,0.3766
snapshot_sym7_date34_am.csv,label_10,future,1989,1989,1.0
snapshot_sym7_date34_am.csv,label_10,past,959,1989,0.4822
snapshot_sym7_date34_am.csv,label_20,future,1979,1979,1.0
snapshot_sym7_date34_am.csv,label_20,past,944,1979,0.477
snapshot_sym7_date34_am.csv,label_40,future,1959,1959,1.0
snapshot_sym7_date34_am.csv,label_40,past,685,1959,0.3497
snapshot_sym7_date34_am.csv,label_60,future,1939,1939,1.0
snapshot_sym7_date34_am.csv,label_60,past,669,1939,0.345
snapshot_sym7_date34_pm.csv,label_5,future,1994,1994,1.0
snapshot_sym7_date34_pm.csv,label_5,past,871,1994,0.4368
snapshot_sym7_date34_pm.csv,label_10,future,1989,1989,1.0
snapshot_sym7_date34_pm.csv,label_10,past,1000,1989,0.5028
snapshot_sym7_date34_pm.csv,label_20,future,1979,1979,1.0
snapshot_sym7_date34_pm.csv,label_20,past,911,1979,0.4603
snapshot_sym7_date34_pm.csv,label_40,future,1959,1959,1.0
snapshot_sym7_date34_pm.csv,label_40,past,898,1959,0.4584
snapshot_sym7_date34_pm.csv,label_60,future,1939,1939,1.0
snapshot_sym7_date34_pm.csv,label_60,past,950,1939,0.4899
snapshot_sym7_date35_am.csv,label_5,future,1994,1994,1.0
snapshot_sym7_date35_am.csv,label_5,past,787,1994,0.3947
snapshot_sym7_date35_am.csv,label_10,future,1989,1989,1.0
snapshot_sym7_date35_am.csv,label_10,past,864,1989,0.4344
snapshot_sym7_date35_am.csv,label_20,future,1979,1979,1.0
snapshot_sym7_date35_am.csv,label_20,past,922,1979,0.4659
snapshot_sym7_date35_am.csv,label_40,future,1959,1959,1.0
snapshot_sym7_date35_am.csv,label_40,past,649,1959,0.3313
snapshot_sym7_date35_am.csv,label_60,future,1939,1939,1.0
snapshot_sym7_date35_am.csv,label_60,past,686,1939,0.3538
snapshot_sym7_date35_pm.csv,label_5,future,1994,1994,1.0
snapshot_sym7_date35_pm.csv,label_5,past,796,1994,0.3992
snapshot_sym7_date35_pm.csv,label_10,future,1989,1989,1.0
snapshot_sym7_date35_pm.csv,label_10,past,936,1989,0.4706
snapshot_sym7_date35_pm.csv,label_20,future,1979,1979,1.0
snapshot_sym7_date35_pm.csv,label_20,past,909,1979,0.4593
snapshot_sym7_date35_pm.csv,label_40,future,1959,1959,1.0
snapshot_sym7_date35_pm.csv,label_40,past,898,1959,0.4584
snapshot_sym7_date35_pm.csv,label_60,future,1939,1939,1.0
snapshot_sym7_date35_pm.csv,label_60,past,731,1939,0.377
snapshot_sym7_date36_am.csv,label_5,future,1994,1994,1.0
snapshot_sym7_date36_am.csv,label_5,past,779,1994,0.3907
snapshot_sym7_date36_am.csv,label_10,future,1989,1989,1.0
snapshot_sym7_date36_am.csv,label_10,past,738,1989,0.371
snapshot_sym7_date36_am.csv,label_20,future,1979,1979,1.0
snapshot_sym7_date36_am.csv,label_20,past,699,1979,0.3532
snapshot_sym7_date36_am.csv,label_40,future,1959,1959,1.0
snapshot_sym7_date36_am.csv,label_40,past,578,1959,0.295
snapshot_sym7_date36_am.csv,label_60,future,1939,1939,1.0
snapshot_sym7_date36_am.csv,label_60,past,739,1939,0.3811
snapshot_sym7_date36_pm.csv,label_5,future,1994,1994,1.0
snapshot_sym7_date36_pm.csv,label_5,past,761,1994,0.3816
snapshot_sym7_date36_pm.csv,label_10,future,1989,1989,1.0
snapshot_sym7_date36_pm.csv,label_10,past,771,1989,0.3876
snapshot_sym7_date36_pm.csv,label_20,future,1979,1979,1.0
snapshot_sym7_date36_pm.csv,label_20,past,895,1979,0.4522
snapshot_sym7_date36_pm.csv,label_40,future,1959,1959,1.0
snapshot_sym7_date36_pm.csv,label_40,past,649,1959,0.3313
snapshot_sym7_date36_pm.csv,label_60,future,1939,1939,1.0
snapshot_sym7_date36_pm.csv,label_60,past,589,1939,0.3038
snapshot_sym7_date37_am.csv,label_5,future,1994,1994,1.0
snapshot_sym7_date37_am.csv,label_5,past,831,1994,0.4168
snapshot_sym7_date37_am.csv,label_10,future,1989,1989,1.0
snapshot_sym7_date37_am.csv,label_10,past,913,1989,0.459
snapshot_sym7_date37_am.csv,label_20,future,1979,1979,1.0
snapshot_sym7_date37_am.csv,label_20,past,788,1979,0.3982
snapshot_sym7_date37_am.csv,label_40,future,1959,1959,1.0
snapshot_sym7_date37_am.csv,label_40,past,612,1959,0.3124
snapshot_sym7_date37_am.csv,label_60,future,1939,1939,1.0
snapshot_sym7_date37_am.csv,label_60,past,590,1939,0.3043
snapshot_sym7_date37_pm.csv,label_5,future,1994,1994,1.0
snapshot_sym7_date37_pm.csv,label_5,past,844,1994,0.4233
snapshot_sym7_date37_pm.csv,label_10,future,1989,1989,1.0
snapshot_sym7_date37_pm.csv,label_10,past,822,1989,0.4133
snapshot_sym7_date37_pm.csv,label_20,future,1979,1979,1.0
snapshot_sym7_date37_pm.csv,label_20,past,945,1979,0.4775
snapshot_sym7_date37_pm.csv,label_40,future,1959,1959,1.0
snapshot_sym7_date37_pm.csv,label_40,past,815,1959,0.416
snapshot_sym7_date37_pm.csv,label_60,future,1939,1939,1.0
snapshot_sym7_date37_pm.csv,label_60,past,591,1939,0.3048
snapshot_sym7_date38_am.csv,label_5,future,1994,1994,1.0
snapshot_sym7_date38_am.csv,label_5,past,804,1994,0.4032
snapshot_sym7_date38_am.csv,label_10,future,1989,1989,1.0
snapshot_sym7_date38_am.csv,label_10,past,847,1989,0.4258
snapshot_sym7_date38_am.csv,label_20,future,1979,1979,1.0
snapshot_sym7_date38_am.csv,label_20,past,899,1979,0.4543
snapshot_sym7_date38_am.csv,label_40,future,1959,1959,1.0
snapshot_sym7_date38_am.csv,label_40,past,684,1959,0.3492
snapshot_sym7_date38_am.csv,label_60,future,1939,1939,1.0
snapshot_sym7_date38_am.csv,label_60,past,593,1939,0.3058
snapshot_sym7_date38_pm.csv,label_5,future,1994,1994,1.0
snapshot_sym7_date38_pm.csv,label_5,past,758,1994,0.3801
snapshot_sym7_date38_pm.csv,label_10,future,1989,1989,1.0
snapshot_sym7_date38_pm.csv,label_10,past,868,1989,0.4364
snapshot_sym7_date38_pm.csv,label_20,future,1979,1979,1.0
snapshot_sym7_date38_pm.csv,label_20,past,852,1979,0.4305
snapshot_sym7_date38_pm.csv,label_40,future,1959,1959,1.0
snapshot_sym7_date38_pm.csv,label_40,past,651,1959,0.3323
snapshot_sym7_date38_pm.csv,label_60,future,1939,1939,1.0
snapshot_sym7_date38_pm.csv,label_60,past,744,1939,0.3837
snapshot_sym7_date39_am.csv,label_5,future,1994,1994,1.0
snapshot_sym7_date39_am.csv,label_5,past,729,1994,0.3656
snapshot_sym7_date39_am.csv,label_10,future,1989,1989,1.0
snapshot_sym7_date39_am.csv,label_10,past,844,1989,0.4243
snapshot_sym7_date39_am.csv,label_20,future,1979,1979,1.0
snapshot_sym7_date39_am.csv,label_20,past,701,1979,0.3542
snapshot_sym7_date39_am.csv,label_40,future,1959,1959,1.0
snapshot_sym7_date39_am.csv,label_40,past,656,1959,0.3349
snapshot_sym7_date39_am.csv,label_60,future,1939,1939,1.0
snapshot_sym7_date39_am.csv,label_60,past,762,1939,0.393
snapshot_sym7_date39_pm.csv,label_5,future,1994,1994,1.0
snapshot_sym7_date39_pm.csv,label_5,past,860,1994,0.4313
snapshot_sym7_date39_pm.csv,label_10,future,1989,1989,1.0
snapshot_sym7_date39_pm.csv,label_10,past,995,1989,0.5003
snapshot_sym7_date39_pm.csv,label_20,future,1979,1979,1.0
snapshot_sym7_date39_pm.csv,label_20,past,1091,1979,0.5513
snapshot_sym7_date39_pm.csv,label_40,future,1959,1959,1.0
snapshot_sym7_date39_pm.csv,label_40,past,774,1959,0.3951
snapshot_sym7_date39_pm.csv,label_60,future,1939,1939,1.0
snapshot_sym7_date39_pm.csv,label_60,past,607,1939,0.313
snapshot_sym7_date3_am.csv,label_5,future,1994,1994,1.0
snapshot_sym7_date3_am.csv,label_5,past,829,1994,0.4157
snapshot_sym7_date3_am.csv,label_10,future,1989,1989,1.0
snapshot_sym7_date3_am.csv,label_10,past,808,1989,0.4062
snapshot_sym7_date3_am.csv,label_20,future,1979,1979,1.0
snapshot_sym7_date3_am.csv,label_20,past,1135,1979,0.5735
snapshot_sym7_date3_am.csv,label_40,future,1959,1959,1.0
snapshot_sym7_date3_am.csv,label_40,past,804,1959,0.4104
snapshot_sym7_date3_am.csv,label_60,future,1939,1939,1.0
snapshot_sym7_date3_am.csv,label_60,past,646,1939,0.3332
snapshot_sym7_date3_pm.csv,label_5,future,1994,1994,1.0
snapshot_sym7_date3_pm.csv,label_5,past,982,1994,0.4925
snapshot_sym7_date3_pm.csv,label_10,future,1989,1989,1.0
snapshot_sym7_date3_pm.csv,label_10,past,774,1989,0.3891
snapshot_sym7_date3_pm.csv,label_20,future,1979,1979,1.0
snapshot_sym7_date3_pm.csv,label_20,past,1377,1979,0.6958
snapshot_sym7_date3_pm.csv,label_40,future,1959,1959,1.0
snapshot_sym7_date3_pm.csv,label_40,past,1087,1959,0.5549
snapshot_sym7_date3_pm.csv,label_60,future,1939,1939,1.0
snapshot_sym7_date3_pm.csv,label_60,past,906,1939,0.4673
snapshot_sym7_date40_am.csv,label_5,future,1994,1994,1.0
snapshot_sym7_date40_am.csv,label_5,past,756,1994,0.3791
snapshot_sym7_date40_am.csv,label_10,future,1989,1989,1.0
snapshot_sym7_date40_am.csv,label_10,past,858,1989,0.4314
snapshot_sym7_date40_am.csv,label_20,future,1979,1979,1.0
snapshot_sym7_date40_am.csv,label_20,past,865,1979,0.4371
snapshot_sym7_date40_am.csv,label_40,future,1959,1959,1.0
snapshot_sym7_date40_am.csv,label_40,past,712,1959,0.3635
snapshot_sym7_date40_am.csv,label_60,future,1939,1939,1.0
snapshot_sym7_date40_am.csv,label_60,past,764,1939,0.394
snapshot_sym7_date40_pm.csv,label_5,future,1994,1994,1.0
snapshot_sym7_date40_pm.csv,label_5,past,788,1994,0.3952
snapshot_sym7_date40_pm.csv,label_10,future,1989,1989,1.0
snapshot_sym7_date40_pm.csv,label_10,past,893,1989,0.449
snapshot_sym7_date40_pm.csv,label_20,future,1979,1979,1.0
snapshot_sym7_date40_pm.csv,label_20,past,912,1979,0.4608
snapshot_sym7_date40_pm.csv,label_40,future,1959,1959,1.0
snapshot_sym7_date40_pm.csv,label_40,past,585,1959,0.2986
snapshot_sym7_date40_pm.csv,label_60,future,1939,1939,1.0
snapshot_sym7_date40_pm.csv,label_60,past,479,1939,0.247
snapshot_sym7_date41_am.csv,label_5,future,1994,1994,1.0
snapshot_sym7_date41_am.csv,label_5,past,784,1994,0.3932
snapshot_sym7_date41_am.csv,label_10,future,1989,1989,1.0
snapshot_sym7_date41_am.csv,label_10,past,939,1989,0.4721
snapshot_sym7_date41_am.csv,label_20,future,1979,1979,1.0
snapshot_sym7_date41_am.csv,label_20,past,975,1979,0.4927
snapshot_sym7_date41_am.csv,label_40,future,1959,1959,1.0
snapshot_sym7_date41_am.csv,label_40,past,743,1959,0.3793
snapshot_sym7_date41_am.csv,label_60,future,1939,1939,1.0
snapshot_sym7_date41_am.csv,label_60,past,629,1939,0.3244
snapshot_sym7_date41_pm.csv,label_5,future,1994,1994,1.0
snapshot_sym7_date41_pm.csv,label_5,past,857,1994,0.4298
snapshot_sym7_date41_pm.csv,label_10,future,1989,1989,1.0
snapshot_sym7_date41_pm.csv,label_10,past,933,1989,0.4691
snapshot_sym7_date41_pm.csv,label_20,future,1979,1979,1.0
snapshot_sym7_date41_pm.csv,label_20,past,1077,1979,0.5442
snapshot_sym7_date41_pm.csv,label_40,future,1959,1959,1.0
snapshot_sym7_date41_pm.csv,label_40,past,977,1959,0.4987
snapshot_sym7_date41_pm.csv,label_60,future,1939,1939,1.0
snapshot_sym7_date41_pm.csv,label_60,past,887,1939,0.4575
snapshot_sym7_date42_am.csv,label_5,future,1994,1994,1.0
snapshot_sym7_date42_am.csv,label_5,past,1446,1994,0.7252
snapshot_sym7_date42_am.csv,label_10,future,1989,1989,1.0
snapshot_sym7_date42_am.csv,label_10,past,1519,1989,0.7637
snapshot_sym7_date42_am.csv,label_20,future,1979,1979,1.0
snapshot_sym7_date42_am.csv,label_20,past,1344,1979,0.6791
snapshot_sym7_date42_am.csv,label_40,future,1959,1959,1.0
snapshot_sym7_date42_am.csv,label_40,past,1141,1959,0.5824
snapshot_sym7_date42_am.csv,label_60,future,1939,1939,1.0
snapshot_sym7_date42_am.csv,label_60,past,1081,1939,0.5575
snapshot_sym7_date42_pm.csv,label_5,future,1994,1994,1.0
snapshot_sym7_date42_pm.csv,label_5,past,907,1994,0.4549
snapshot_sym7_date42_pm.csv,label_10,future,1989,1989,1.0
snapshot_sym7_date42_pm.csv,label_10,past,1020,1989,0.5128
snapshot_sym7_date42_pm.csv,label_20,future,1979,1979,1.0
snapshot_sym7_date42_pm.csv,label_20,past,1009,1979,0.5099
snapshot_sym7_date42_pm.csv,label_40,future,1959,1959,1.0
snapshot_sym7_date42_pm.csv,label_40,past,841,1959,0.4293
snapshot_sym7_date42_pm.csv,label_60,future,1939,1939,1.0
snapshot_sym7_date42_pm.csv,label_60,past,686,1939,0.3538
snapshot_sym7_date43_am.csv,label_5,future,1994,1994,1.0
snapshot_sym7_date43_am.csv,label_5,past,960,1994,0.4814
snapshot_sym7_date43_am.csv,label_10,future,1989,1989,1.0
snapshot_sym7_date43_am.csv,label_10,past,1202,1989,0.6043
snapshot_sym7_date43_am.csv,label_20,future,1979,1979,1.0
snapshot_sym7_date43_am.csv,label_20,past,1028,1979,0.5195
snapshot_sym7_date43_am.csv,label_40,future,1959,1959,1.0
snapshot_sym7_date43_am.csv,label_40,past,729,1959,0.3721
snapshot_sym7_date43_am.csv,label_60,future,1939,1939,1.0
snapshot_sym7_date43_am.csv,label_60,past,585,1939,0.3017
snapshot_sym7_date43_pm.csv,label_5,future,1994,1994,1.0
snapshot_sym7_date43_pm.csv,label_5,past,857,1994,0.4298
snapshot_sym7_date43_pm.csv,label_10,future,1989,1989,1.0
snapshot_sym7_date43_pm.csv,label_10,past,967,1989,0.4862
snapshot_sym7_date43_pm.csv,label_20,future,1979,1979,1.0
snapshot_sym7_date43_pm.csv,label_20,past,928,1979,0.4689
snapshot_sym7_date43_pm.csv,label_40,future,1959,1959,1.0
snapshot_sym7_date43_pm.csv,label_40,past,688,1959,0.3512
snapshot_sym7_date43_pm.csv,label_60,future,1939,1939,1.0
snapshot_sym7_date43_pm.csv,label_60,past,545,1939,0.2811
snapshot_sym7_date44_am.csv,label_5,future,1994,1994,1.0
snapshot_sym7_date44_am.csv,label_5,past,943,1994,0.4729
snapshot_sym7_date44_am.csv,label_10,future,1989,1989,1.0
snapshot_sym7_date44_am.csv,label_10,past,1049,1989,0.5274
snapshot_sym7_date44_am.csv,label_20,future,1979,1979,1.0
snapshot_sym7_date44_am.csv,label_20,past,958,1979,0.4841
snapshot_sym7_date44_am.csv,label_40,future,1959,1959,1.0
snapshot_sym7_date44_am.csv,label_40,past,803,1959,0.4099
snapshot_sym7_date44_am.csv,label_60,future,1939,1939,1.0
snapshot_sym7_date44_am.csv,label_60,past,578,1939,0.2981
snapshot_sym7_date44_pm.csv,label_5,future,1994,1994,1.0
snapshot_sym7_date44_pm.csv,label_5,past,942,1994,0.4724
snapshot_sym7_date44_pm.csv,label_10,future,1989,1989,1.0
snapshot_sym7_date44_pm.csv,label_10,past,1139,1989,0.5726
snapshot_sym7_date44_pm.csv,label_20,future,1979,1979,1.0
snapshot_sym7_date44_pm.csv,label_20,past,1033,1979,0.522
snapshot_sym7_date44_pm.csv,label_40,future,1959,1959,1.0
snapshot_sym7_date44_pm.csv,label_40,past,772,1959,0.3941
snapshot_sym7_date44_pm.csv,label_60,future,1939,1939,1.0
snapshot_sym7_date44_pm.csv,label_60,past,589,1939,0.3038
snapshot_sym7_date45_am.csv,label_5,future,1994,1994,1.0
snapshot_sym7_date45_am.csv,label_5,past,774,1994,0.3882
snapshot_sym7_date45_am.csv,label_10,future,1989,1989,1.0
snapshot_sym7_date45_am.csv,label_10,past,932,1989,0.4686
snapshot_sym7_date45_am.csv,label_20,future,1979,1979,1.0
snapshot_sym7_date45_am.csv,label_20,past,881,1979,0.4452
snapshot_sym7_date45_am.csv,label_40,future,1959,1959,1.0
snapshot_sym7_date45_am.csv,label_40,past,664,1959,0.3389
snapshot_sym7_date45_am.csv,label_60,future,1939,1939,1.0
snapshot_sym7_date45_am.csv,label_60,past,658,1939,0.3394
snapshot_sym7_date45_pm.csv,label_5,future,1994,1994,1.0
snapshot_sym7_date45_pm.csv,label_5,past,798,1994,0.4002
snapshot_sym7_date45_pm.csv,label_10,future,1989,1989,1.0
snapshot_sym7_date45_pm.csv,label_10,past,949,1989,0.4771
snapshot_sym7_date45_pm.csv,label_20,future,1979,1979,1.0
snapshot_sym7_date45_pm.csv,label_20,past,946,1979,0.478
snapshot_sym7_date45_pm.csv,label_40,future,1959,1959,1.0
snapshot_sym7_date45_pm.csv,label_40,past,803,1959,0.4099
snapshot_sym7_date45_pm.csv,label_60,future,1939,1939,1.0
snapshot_sym7_date45_pm.csv,label_60,past,626,1939,0.3228
snapshot_sym7_date46_am.csv,label_5,future,1994,1994,1.0
snapshot_sym7_date46_am.csv,label_5,past,861,1994,0.4318
snapshot_sym7_date46_am.csv,label_10,future,1989,1989,1.0
snapshot_sym7_date46_am.csv,label_10,past,1027,1989,0.5163
snapshot_sym7_date46_am.csv,label_20,future,1979,1979,1.0
snapshot_sym7_date46_am.csv,label_20,past,873,1979,0.4411
snapshot_sym7_date46_am.csv,label_40,future,1959,1959,1.0
snapshot_sym7_date46_am.csv,label_40,past,643,1959,0.3282
snapshot_sym7_date46_am.csv,label_60,future,1939,1939,1.0
snapshot_sym7_date46_am.csv,label_60,past,542,1939,0.2795
snapshot_sym7_date46_pm.csv,label_5,future,1994,1994,1.0
snapshot_sym7_date46_pm.csv,label_5,past,717,1994,0.3596
snapshot_sym7_date46_pm.csv,label_10,future,1989,1989,1.0
snapshot_sym7_date46_pm.csv,label_10,past,784,1989,0.3942
snapshot_sym7_date46_pm.csv,label_20,future,1979,1979,1.0
snapshot_sym7_date46_pm.csv,label_20,past,907,1979,0.4583
snapshot_sym7_date46_pm.csv,label_40,future,1959,1959,1.0
snapshot_sym7_date46_pm.csv,label_40,past,689,1959,0.3517
snapshot_sym7_date46_pm.csv,label_60,future,1939,1939,1.0
snapshot_sym7_date46_pm.csv,label_60,past,583,1939,0.3007
snapshot_sym7_date47_am.csv,label_5,future,1994,1994,1.0
snapshot_sym7_date47_am.csv,label_5,past,742,1994,0.3721
snapshot_sym7_date47_am.csv,label_10,future,1989,1989,1.0
snapshot_sym7_date47_am.csv,label_10,past,788,1989,0.3962
snapshot_sym7_date47_am.csv,label_20,future,1979,1979,1.0
snapshot_sym7_date47_am.csv,label_20,past,805,1979,0.4068
snapshot_sym7_date47_am.csv,label_40,future,1959,1959,1.0
snapshot_sym7_date47_am.csv,label_40,past,635,1959,0.3241
snapshot_sym7_date47_am.csv,label_60,future,1939,1939,1.0
snapshot_sym7_date47_am.csv,label_60,past,615,1939,0.3172
snapshot_sym7_date47_pm.csv,label_5,future,1994,1994,1.0
snapshot_sym7_date47_pm.csv,label_5,past,850,1994,0.4263
snapshot_sym7_date47_pm.csv,label_10,future,1989,1989,1.0
snapshot_sym7_date47_pm.csv,label_10,past,853,1989,0.4289
snapshot_sym7_date47_pm.csv,label_20,future,1979,1979,1.0
snapshot_sym7_date47_pm.csv,label_20,past,999,1979,0.5048
snapshot_sym7_date47_pm.csv,label_40,future,1959,1959,1.0
snapshot_sym7_date47_pm.csv,label_40,past,781,1959,0.3987
snapshot_sym7_date47_pm.csv,label_60,future,1939,1939,1.0
snapshot_sym7_date47_pm.csv,label_60,past,666,1939,0.3435
snapshot_sym7_date48_am.csv,label_5,future,1994,1994,1.0
snapshot_sym7_date48_am.csv,label_5,past,820,1994,0.4112
snapshot_sym7_date48_am.csv,label_10,future,1989,1989,1.0
snapshot_sym7_date48_am.csv,label_10,past,859,1989,0.4319
snapshot_sym7_date48_am.csv,label_20,future,1979,1979,1.0
snapshot_sym7_date48_am.csv,label_20,past,812,1979,0.4103
snapshot_sym7_date48_am.csv,label_40,future,1959,1959,1.0
snapshot_sym7_date48_am.csv,label_40,past,668,1959,0.341
snapshot_sym7_date48_am.csv,label_60,future,1939,1939,1.0
snapshot_sym7_date48_am.csv,label_60,past,618,1939,0.3187
snapshot_sym7_date48_pm.csv,label_5,future,1994,1994,1.0
snapshot_sym7_date48_pm.csv,label_5,past,675,1994,0.3385
snapshot_sym7_date48_pm.csv,label_10,future,1989,1989,1.0
snapshot_sym7_date48_pm.csv,label_10,past,775,1989,0.3896
snapshot_sym7_date48_pm.csv,label_20,future,1979,1979,1.0
snapshot_sym7_date48_pm.csv,label_20,past,954,1979,0.4821
snapshot_sym7_date48_pm.csv,label_40,future,1959,1959,1.0
snapshot_sym7_date48_pm.csv,label_40,past,682,1959,0.3481
snapshot_sym7_date48_pm.csv,label_60,future,1939,1939,1.0
snapshot_sym7_date48_pm.csv,label_60,past,586,1939,0.3022
snapshot_sym7_date49_am.csv,label_5,future,1994,1994,1.0
snapshot_sym7_date49_am.csv,label_5,past,777,1994,0.3897
snapshot_sym7_date49_am.csv,label_10,future,1989,1989,1.0
snapshot_sym7_date49_am.csv,label_10,past,809,1989,0.4067
snapshot_sym7_date49_am.csv,label_20,future,1979,1979,1.0
snapshot_sym7_date49_am.csv,label_20,past,876,1979,0.4426
snapshot_sym7_date49_am.csv,label_40,future,1959,1959,1.0
snapshot_sym7_date49_am.csv,label_40,past,564,1959,0.2879
snapshot_sym7_date49_am.csv,label_60,future,1939,1939,1.0
snapshot_sym7_date49_am.csv,label_60,past,629,1939,0.3244
snapshot_sym7_date49_pm.csv,label_5,future,1994,1994,1.0
snapshot_sym7_date49_pm.csv,label_5,past,652,1994,0.327
snapshot_sym7_date49_pm.csv,label_10,future,1989,1989,1.0
snapshot_sym7_date49_pm.csv,label_10,past,659,1989,0.3313
snapshot_sym7_date49_pm.csv,label_20,future,1979,1979,1.0
snapshot_sym7_date49_pm.csv,label_20,past,965,1979,0.4876
snapshot_sym7_date49_pm.csv,label_40,future,1959,1959,1.0
snapshot_sym7_date49_pm.csv,label_40,past,714,1959,0.3645
snapshot_sym7_date49_pm.csv,label_60,future,1939,1939,1.0
snapshot_sym7_date49_pm.csv,label_60,past,625,1939,0.3223
snapshot_sym7_date4_am.csv,label_5,future,1994,1994,1.0
snapshot_sym7_date4_am.csv,label_5,past,1040,1994,0.5216
snapshot_sym7_date4_am.csv,label_10,future,1989,1989,1.0
snapshot_sym7_date4_am.csv,label_10,past,897,1989,0.451
snapshot_sym7_date4_am.csv,label_20,future,1979,1979,1.0
snapshot_sym7_date4_am.csv,label_20,past,1503,1979,0.7595
snapshot_sym7_date4_am.csv,label_40,future,1959,1959,1.0
snapshot_sym7_date4_am.csv,label_40,past,1183,1959,0.6039
snapshot_sym7_date4_am.csv,label_60,future,1939,1939,1.0
snapshot_sym7_date4_am.csv,label_60,past,968,1939,0.4992
snapshot_sym7_date4_pm.csv,label_5,future,1994,1994,1.0
snapshot_sym7_date4_pm.csv,label_5,past,1109,1994,0.5562
snapshot_sym7_date4_pm.csv,label_10,future,1989,1989,1.0
snapshot_sym7_date4_pm.csv,label_10,past,823,1989,0.4138
snapshot_sym7_date4_pm.csv,label_20,future,1979,1979,1.0
snapshot_sym7_date4_pm.csv,label_20,past,1579,1979,0.7979
snapshot_sym7_date4_pm.csv,label_40,future,1959,1959,1.0
snapshot_sym7_date4_pm.csv,label_40,past,1273,1959,0.6498
snapshot_sym7_date4_pm.csv,label_60,future,1939,1939,1.0
snapshot_sym7_date4_pm.csv,label_60,past,1073,1939,0.5534
snapshot_sym7_date50_am.csv,label_5,future,1994,1994,1.0
snapshot_sym7_date50_am.csv,label_5,past,686,1994,0.344
snapshot_sym7_date50_am.csv,label_10,future,1989,1989,1.0
snapshot_sym7_date50_am.csv,label_10,past,797,1989,0.4007
snapshot_sym7_date50_am.csv,label_20,future,1979,1979,1.0
snapshot_sym7_date50_am.csv,label_20,past,783,1979,0.3957
snapshot_sym7_date50_am.csv,label_40,future,1959,1959,1.0
snapshot_sym7_date50_am.csv,label_40,past,669,1959,0.3415
snapshot_sym7_date50_am.csv,label_60,future,1939,1939,1.0
snapshot_sym7_date50_am.csv,label_60,past,715,1939,0.3687
snapshot_sym7_date50_pm.csv,label_5,future,1994,1994,1.0
snapshot_sym7_date50_pm.csv,label_5,past,779,1994,0.3907
snapshot_sym7_date50_pm.csv,label_10,future,1989,1989,1.0
snapshot_sym7_date50_pm.csv,label_10,past,889,1989,0.447
snapshot_sym7_date50_pm.csv,label_20,future,1979,1979,1.0
snapshot_sym7_date50_pm.csv,label_20,past,932,1979,0.4709
snapshot_sym7_date50_pm.csv,label_40,future,1959,1959,1.0
snapshot_sym7_date50_pm.csv,label_40,past,645,1959,0.3292
snapshot_sym7_date50_pm.csv,label_60,future,1939,1939,1.0
snapshot_sym7_date50_pm.csv,label_60,past,689,1939,0.3553
snapshot_sym7_date51_am.csv,label_5,future,1994,1994,1.0
snapshot_sym7_date51_am.csv,label_5,past,766,1994,0.3842
snapshot_sym7_date51_am.csv,label_10,future,1989,1989,1.0
snapshot_sym7_date51_am.csv,label_10,past,878,1989,0.4414
snapshot_sym7_date51_am.csv,label_20,future,1979,1979,1.0
snapshot_sym7_date51_am.csv,label_20,past,816,1979,0.4123
snapshot_sym7_date51_am.csv,label_40,future,1959,1959,1.0
snapshot_sym7_date51_am.csv,label_40,past,594,1959,0.3032
snapshot_sym7_date51_am.csv,label_60,future,1939,1939,1.0
snapshot_sym7_date51_am.csv,label_60,past,496,1939,0.2558
snapshot_sym7_date51_pm.csv,label_5,future,1994,1994,1.0
snapshot_sym7_date51_pm.csv,label_5,past,735,1994,0.3686
snapshot_sym7_date51_pm.csv,label_10,future,1989,1989,1.0
snapshot_sym7_date51_pm.csv,label_10,past,759,1989,0.3816
snapshot_sym7_date51_pm.csv,label_20,future,1979,1979,1.0
snapshot_sym7_date51_pm.csv,label_20,past,1089,1979,0.5503
snapshot_sym7_date51_pm.csv,label_40,future,1959,1959,1.0
snapshot_sym7_date51_pm.csv,label_40,past,823,1959,0.4201
snapshot_sym7_date51_pm.csv,label_60,future,1939,1939,1.0
snapshot_sym7_date51_pm.csv,label_60,past,624,1939,0.3218
snapshot_sym7_date52_am.csv,label_5,future,1994,1994,1.0
snapshot_sym7_date52_am.csv,label_5,past,774,1994,0.3882
snapshot_sym7_date52_am.csv,label_10,future,1989,1989,1.0
snapshot_sym7_date52_am.csv,label_10,past,854,1989,0.4294
snapshot_sym7_date52_am.csv,label_20,future,1979,1979,1.0
snapshot_sym7_date52_am.csv,label_20,past,829,1979,0.4189
snapshot_sym7_date52_am.csv,label_40,future,1959,1959,1.0
snapshot_sym7_date52_am.csv,label_40,past,524,1959,0.2675
snapshot_sym7_date52_am.csv,label_60,future,1939,1939,1.0
snapshot_sym7_date52_am.csv,label_60,past,457,1939,0.2357
snapshot_sym7_date52_pm.csv,label_5,future,1994,1994,1.0
snapshot_sym7_date52_pm.csv,label_5,past,681,1994,0.3415
snapshot_sym7_date52_pm.csv,label_10,future,1989,1989,1.0
snapshot_sym7_date52_pm.csv,label_10,past,745,1989,0.3746
snapshot_sym7_date52_pm.csv,label_20,future,1979,1979,1.0
snapshot_sym7_date52_pm.csv,label_20,past,964,1979,0.4871
snapshot_sym7_date52_pm.csv,label_40,future,1959,1959,1.0
snapshot_sym7_date52_pm.csv,label_40,past,698,1959,0.3563
snapshot_sym7_date52_pm.csv,label_60,future,1939,1939,1.0
snapshot_sym7_date52_pm.csv,label_60,past,548,1939,0.2826
snapshot_sym7_date53_am.csv,label_5,future,1994,1994,1.0
snapshot_sym7_date53_am.csv,label_5,past,722,1994,0.3621
snapshot_sym7_date53_am.csv,label_10,future,1989,1989,1.0
snapshot_sym7_date53_am.csv,label_10,past,821,1989,0.4128
snapshot_sym7_date53_am.csv,label_20,future,1979,1979,1.0
snapshot_sym7_date53_am.csv,label_20,past,904,1979,0.4568
snapshot_sym7_date53_am.csv,label_40,future,1959,1959,1.0
snapshot_sym7_date53_am.csv,label_40,past,771,1959,0.3936
snapshot_sym7_date53_am.csv,label_60,future,1939,1939,1.0
snapshot_sym7_date53_am.csv,label_60,past,624,1939,0.3218
snapshot_sym7_date53_pm.csv,label_5,future,1994,1994,1.0
snapshot_sym7_date53_pm.csv,label_5,past,824,1994,0.4132
snapshot_sym7_date53_pm.csv,label_10,future,1989,1989,1.0
snapshot_sym7_date53_pm.csv,label_10,past,802,1989,0.4032
snapshot_sym7_date53_pm.csv,label_20,future,1979,1979,1.0
snapshot_sym7_date53_pm.csv,label_20,past,1091,1979,0.5513
snapshot_sym7_date53_pm.csv,label_40,future,1959,1959,1.0
snapshot_sym7_date53_pm.csv,label_40,past,725,1959,0.3701
snapshot_sym7_date53_pm.csv,label_60,future,1939,1939,1.0
snapshot_sym7_date53_pm.csv,label_60,past,602,1939,0.3105
snapshot_sym7_date54_am.csv,label_5,future,1994,1994,1.0
snapshot_sym7_date54_am.csv,label_5,past,817,1994,0.4097
snapshot_sym7_date54_am.csv,label_10,future,1989,1989,1.0
snapshot_sym7_date54_am.csv,label_10,past,802,1989,0.4032
snapshot_sym7_date54_am.csv,label_20,future,1979,1979,1.0
snapshot_sym7_date54_am.csv,label_20,past,850,1979,0.4295
snapshot_sym7_date54_am.csv,label_40,future,1959,1959,1.0
snapshot_sym7_date54_am.csv,label_40,past,612,1959,0.3124
snapshot_sym7_date54_am.csv,label_60,future,1939,1939,1.0
snapshot_sym7_date54_am.csv,label_60,past,543,1939,0.28
snapshot_sym7_date54_pm.csv,label_5,future,1994,1994,1.0
snapshot_sym7_date54_pm.csv,label_5,past,703,1994,0.3526
snapshot_sym7_date54_pm.csv,label_10,future,1989,1989,1.0
snapshot_sym7_date54_pm.csv,label_10,past,734,1989,0.369
snapshot_sym7_date54_pm.csv,label_20,future,1979,1979,1.0
snapshot_sym7_date54_pm.csv,label_20,past,889,1979,0.4492
snapshot_sym7_date54_pm.csv,label_40,future,1959,1959,1.0
snapshot_sym7_date54_pm.csv,label_40,past,792,1959,0.4043
snapshot_sym7_date54_pm.csv,label_60,future,1939,1939,1.0
snapshot_sym7_date54_pm.csv,label_60,past,764,1939,0.394
snapshot_sym7_date55_am.csv,label_5,future,1994,1994,1.0
snapshot_sym7_date55_am.csv,label_5,past,781,1994,0.3917
snapshot_sym7_date55_am.csv,label_10,future,1989,1989,1.0
snapshot_sym7_date55_am.csv,label_10,past,888,1989,0.4465
snapshot_sym7_date55_am.csv,label_20,future,1979,1979,1.0
snapshot_sym7_date55_am.csv,label_20,past,732,1979,0.3699
snapshot_sym7_date55_am.csv,label_40,future,1959,1959,1.0
snapshot_sym7_date55_am.csv,label_40,past,646,1959,0.3298
snapshot_sym7_date55_am.csv,label_60,future,1939,1939,1.0
snapshot_sym7_date55_am.csv,label_60,past,581,1939,0.2996
snapshot_sym7_date55_pm.csv,label_5,future,1994,1994,1.0
snapshot_sym7_date55_pm.csv,label_5,past,870,1994,0.4363
snapshot_sym7_date55_pm.csv,label_10,future,1989,1989,1.0
snapshot_sym7_date55_pm.csv,label_10,past,710,1989,0.357
snapshot_sym7_date55_pm.csv,label_20,future,1979,1979,1.0
snapshot_sym7_date55_pm.csv,label_20,past,1258,1979,0.6357
snapshot_sym7_date55_pm.csv,label_40,future,1959,1959,1.0
snapshot_sym7_date55_pm.csv,label_40,past,791,1959,0.4038
snapshot_sym7_date55_pm.csv,label_60,future,1939,1939,1.0
snapshot_sym7_date55_pm.csv,label_60,past,724,1939,0.3734
snapshot_sym7_date56_am.csv,label_5,future,1994,1994,1.0
snapshot_sym7_date56_am.csv,label_5,past,800,1994,0.4012
snapshot_sym7_date56_am.csv,label_10,future,1989,1989,1.0
snapshot_sym7_date56_am.csv,label_10,past,882,1989,0.4434
snapshot_sym7_date56_am.csv,label_20,future,1979,1979,1.0
snapshot_sym7_date56_am.csv,label_20,past,740,1979,0.3739
snapshot_sym7_date56_am.csv,label_40,future,1959,1959,1.0
snapshot_sym7_date56_am.csv,label_40,past,594,1959,0.3032
snapshot_sym7_date56_am.csv,label_60,future,1939,1939,1.0
snapshot_sym7_date56_am.csv,label_60,past,574,1939,0.296
snapshot_sym7_date56_pm.csv,label_5,future,1994,1994,1.0
snapshot_sym7_date56_pm.csv,label_5,past,843,1994,0.4228
snapshot_sym7_date56_pm.csv,label_10,future,1989,1989,1.0
snapshot_sym7_date56_pm.csv,label_10,past,808,1989,0.4062
snapshot_sym7_date56_pm.csv,label_20,future,1979,1979,1.0
snapshot_sym7_date56_pm.csv,label_20,past,972,1979,0.4912
snapshot_sym7_date56_pm.csv,label_40,future,1959,1959,1.0
snapshot_sym7_date56_pm.csv,label_40,past,610,1959,0.3114
snapshot_sym7_date56_pm.csv,label_60,future,1939,1939,1.0
snapshot_sym7_date56_pm.csv,label_60,past,446,1939,0.23
snapshot_sym7_date57_am.csv,label_5,future,1994,1994,1.0
snapshot_sym7_date57_am.csv,label_5,past,776,1994,0.3892
snapshot_sym7_date57_am.csv,label_10,future,1989,1989,1.0
snapshot_sym7_date57_am.csv,label_10,past,784,1989,0.3942
snapshot_sym7_date57_am.csv,label_20,future,1979,1979,1.0
snapshot_sym7_date57_am.csv,label_20,past,805,1979,0.4068
snapshot_sym7_date57_am.csv,label_40,future,1959,1959,1.0
snapshot_sym7_date57_am.csv,label_40,past,528,1959,0.2695
snapshot_sym7_date57_am.csv,label_60,future,1939,1939,1.0
snapshot_sym7_date57_am.csv,label_60,past,514,1939,0.2651
snapshot_sym7_date57_pm.csv,label_5,future,1994,1994,1.0
snapshot_sym7_date57_pm.csv,label_5,past,729,1994,0.3656
snapshot_sym7_date57_pm.csv,label_10,future,1989,1989,1.0
snapshot_sym7_date57_pm.csv,label_10,past,813,1989,0.4087
snapshot_sym7_date57_pm.csv,label_20,future,1979,1979,1.0
snapshot_sym7_date57_pm.csv,label_20,past,895,1979,0.4522
snapshot_sym7_date57_pm.csv,label_40,future,1959,1959,1.0
snapshot_sym7_date57_pm.csv,label_40,past,694,1959,0.3543
snapshot_sym7_date57_pm.csv,label_60,future,1939,1939,1.0
snapshot_sym7_date57_pm.csv,label_60,past,580,1939,0.2991
snapshot_sym7_date58_am.csv,label_5,future,1994,1994,1.0
snapshot_sym7_date58_am.csv,label_5,past,688,1994,0.345
snapshot_sym7_date58_am.csv,label_10,future,1989,1989,1.0
snapshot_sym7_date58_am.csv,label_10,past,761,1989,0.3826
snapshot_sym7_date58_am.csv,label_20,future,1979,1979,1.0
snapshot_sym7_date58_am.csv,label_20,past,834,1979,0.4214
snapshot_sym7_date58_am.csv,label_40,future,1959,1959,1.0
snapshot_sym7_date58_am.csv,label_40,past,686,1959,0.3502
snapshot_sym7_date58_am.csv,label_60,future,1939,1939,1.0
snapshot_sym7_date58_am.csv,label_60,past,675,1939,0.3481
snapshot_sym7_date58_pm.csv,label_5,future,1994,1994,1.0
snapshot_sym7_date58_pm.csv,label_5,past,701,1994,0.3516
snapshot_sym7_date58_pm.csv,label_10,future,1989,1989,1.0
snapshot_sym7_date58_pm.csv,label_10,past,667,1989,0.3353
snapshot_sym7_date58_pm.csv,label_20,future,1979,1979,1.0
snapshot_sym7_date58_pm.csv,label_20,past,1196,1979,0.6043
snapshot_sym7_date58_pm.csv,label_40,future,1959,1959,1.0
snapshot_sym7_date58_pm.csv,label_40,past,786,1959,0.4012
snapshot_sym7_date58_pm.csv,label_60,future,1939,1939,1.0
snapshot_sym7_date58_pm.csv,label_60,past,705,1939,0.3636
snapshot_sym7_date59_am.csv,label_5,future,1994,1994,1.0
snapshot_sym7_date59_am.csv,label_5,past,755,1994,0.3786
snapshot_sym7_date59_am.csv,label_10,future,1989,1989,1.0
snapshot_sym7_date59_am.csv,label_10,past,781,1989,0.3927
snapshot_sym7_date59_am.csv,label_20,future,1979,1979,1.0
snapshot_sym7_date59_am.csv,label_20,past,969,1979,0.4896
snapshot_sym7_date59_am.csv,label_40,future,1959,1959,1.0
snapshot_sym7_date59_am.csv,label_40,past,715,1959,0.365
snapshot_sym7_date59_am.csv,label_60,future,1939,1939,1.0
snapshot_sym7_date59_am.csv,label_60,past,676,1939,0.3486
snapshot_sym7_date59_pm.csv,label_5,future,1994,1994,1.0
snapshot_sym7_date59_pm.csv,label_5,past,711,1994,0.3566
snapshot_sym7_date59_pm.csv,label_10,future,1989,1989,1.0
snapshot_sym7_date59_pm.csv,label_10,past,672,1989,0.3379
snapshot_sym7_date59_pm.csv,label_20,future,1979,1979,1.0
snapshot_sym7_date59_pm.csv,label_20,past,969,1979,0.4896
snapshot_sym7_date59_pm.csv,label_40,future,1959,1959,1.0
snapshot_sym7_date59_pm.csv,label_40,past,705,1959,0.3599
snapshot_sym7_date59_pm.csv,label_60,future,1939,1939,1.0
snapshot_sym7_date59_pm.csv,label_60,past,608,1939,0.3136
snapshot_sym7_date5_am.csv,label_5,future,1994,1994,1.0
snapshot_sym7_date5_am.csv,label_5,past,812,1994,0.4072
snapshot_sym7_date5_am.csv,label_10,future,1989,1989,1.0
snapshot_sym7_date5_am.csv,label_10,past,737,1989,0.3705
snapshot_sym7_date5_am.csv,label_20,future,1979,1979,1.0
snapshot_sym7_date5_am.csv,label_20,past,1271,1979,0.6422
snapshot_sym7_date5_am.csv,label_40,future,1959,1959,1.0
snapshot_sym7_date5_am.csv,label_40,past,786,1959,0.4012
snapshot_sym7_date5_am.csv,label_60,future,1939,1939,1.0
snapshot_sym7_date5_am.csv,label_60,past,845,1939,0.4358
snapshot_sym7_date5_pm.csv,label_5,future,1994,1994,1.0
snapshot_sym7_date5_pm.csv,label_5,past,941,1994,0.4719
snapshot_sym7_date5_pm.csv,label_10,future,1989,1989,1.0
snapshot_sym7_date5_pm.csv,label_10,past,924,1989,0.4646
snapshot_sym7_date5_pm.csv,label_20,future,1979,1979,1.0
snapshot_sym7_date5_pm.csv,label_20,past,1114,1979,0.5629
snapshot_sym7_date5_pm.csv,label_40,future,1959,1959,1.0
snapshot_sym7_date5_pm.csv,label_40,past,956,1959,0.488
snapshot_sym7_date5_pm.csv,label_60,future,1939,1939,1.0
snapshot_sym7_date5_pm.csv,label_60,past,771,1939,0.3976
snapshot_sym7_date60_am.csv,label_5,future,1994,1994,1.0
snapshot_sym7_date60_am.csv,label_5,past,731,1994,0.3666
snapshot_sym7_date60_am.csv,label_10,future,1989,1989,1.0
snapshot_sym7_date60_am.csv,label_10,past,709,1989,0.3565
snapshot_sym7_date60_am.csv,label_20,future,1979,1979,1.0
snapshot_sym7_date60_am.csv,label_20,past,897,1979,0.4533
snapshot_sym7_date60_am.csv,label_40,future,1959,1959,1.0
snapshot_sym7_date60_am.csv,label_40,past,620,1959,0.3165
snapshot_sym7_date60_am.csv,label_60,future,1939,1939,1.0
snapshot_sym7_date60_am.csv,label_60,past,572,1939,0.295
snapshot_sym7_date60_pm.csv,label_5,future,1994,1994,1.0
snapshot_sym7_date60_pm.csv,label_5,past,830,1994,0.4162
snapshot_sym7_date60_pm.csv,label_10,future,1989,1989,1.0
snapshot_sym7_date60_pm.csv,label_10,past,751,1989,0.3776
snapshot_sym7_date60_pm.csv,label_20,future,1979,1979,1.0
snapshot_sym7_date60_pm.csv,label_20,past,1085,1979,0.5483
snapshot_sym7_date60_pm.csv,label_40,future,1959,1959,1.0
snapshot_sym7_date60_pm.csv,label_40,past,832,1959,0.4247
snapshot_sym7_date60_pm.csv,label_60,future,1939,1939,1.0
snapshot_sym7_date60_pm.csv,label_60,past,687,1939,0.3543
snapshot_sym7_date61_am.csv,label_5,future,1994,1994,1.0
snapshot_sym7_date61_am.csv,label_5,past,666,1994,0.334
snapshot_sym7_date61_am.csv,label_10,future,1989,1989,1.0
snapshot_sym7_date61_am.csv,label_10,past,746,1989,0.3751
snapshot_sym7_date61_am.csv,label_20,future,1979,1979,1.0
snapshot_sym7_date61_am.csv,label_20,past,842,1979,0.4255
snapshot_sym7_date61_am.csv,label_40,future,1959,1959,1.0
snapshot_sym7_date61_am.csv,label_40,past,638,1959,0.3257
snapshot_sym7_date61_am.csv,label_60,future,1939,1939,1.0
snapshot_sym7_date61_am.csv,label_60,past,601,1939,0.31
snapshot_sym7_date61_pm.csv,label_5,future,1994,1994,1.0
snapshot_sym7_date61_pm.csv,label_5,past,953,1994,0.4779
snapshot_sym7_date61_pm.csv,label_10,future,1989,1989,1.0
snapshot_sym7_date61_pm.csv,label_10,past,818,1989,0.4113
snapshot_sym7_date61_pm.csv,label_20,future,1979,1979,1.0
snapshot_sym7_date61_pm.csv,label_20,past,1499,1979,0.7575
snapshot_sym7_date61_pm.csv,label_40,future,1959,1959,1.0
snapshot_sym7_date61_pm.csv,label_40,past,1063,1959,0.5426
snapshot_sym7_date61_pm.csv,label_60,future,1939,1939,1.0
snapshot_sym7_date61_pm.csv,label_60,past,836,1939,0.4312
snapshot_sym7_date62_am.csv,label_5,future,1994,1994,1.0
snapshot_sym7_date62_am.csv,label_5,past,806,1994,0.4042
snapshot_sym7_date62_am.csv,label_10,future,1989,1989,1.0
snapshot_sym7_date62_am.csv,label_10,past,763,1989,0.3836
snapshot_sym7_date62_am.csv,label_20,future,1979,1979,1.0
snapshot_sym7_date62_am.csv,label_20,past,1097,1979,0.5543
snapshot_sym7_date62_am.csv,label_40,future,1959,1959,1.0
snapshot_sym7_date62_am.csv,label_40,past,738,1959,0.3767
snapshot_sym7_date62_am.csv,label_60,future,1939,1939,1.0
snapshot_sym7_date62_am.csv,label_60,past,620,1939,0.3198
snapshot_sym7_date62_pm.csv,label_5,future,1994,1994,1.0
snapshot_sym7_date62_pm.csv,label_5,past,768,1994,0.3852
snapshot_sym7_date62_pm.csv,label_10,future,1989,1989,1.0
snapshot_sym7_date62_pm.csv,label_10,past,811,1989,0.4077
snapshot_sym7_date62_pm.csv,label_20,future,1979,1979,1.0
snapshot_sym7_date62_pm.csv,label_20,past,921,1979,0.4654
snapshot_sym7_date62_pm.csv,label_40,future,1959,1959,1.0
snapshot_sym7_date62_pm.csv,label_40,past,605,1959,0.3088
snapshot_sym7_date62_pm.csv,label_60,future,1939,1939,1.0
snapshot_sym7_date62_pm.csv,label_60,past,589,1939,0.3038
snapshot_sym7_date63_am.csv,label_5,future,1994,1994,1.0
snapshot_sym7_date63_am.csv,label_5,past,749,1994,0.3756
snapshot_sym7_date63_am.csv,label_10,future,1989,1989,1.0
snapshot_sym7_date63_am.csv,label_10,past,767,1989,0.3856
snapshot_sym7_date63_am.csv,label_20,future,1979,1979,1.0
snapshot_sym7_date63_am.csv,label_20,past,893,1979,0.4512
snapshot_sym7_date63_am.csv,label_40,future,1959,1959,1.0
snapshot_sym7_date63_am.csv,label_40,past,743,1959,0.3793
snapshot_sym7_date63_am.csv,label_60,future,1939,1939,1.0
snapshot_sym7_date63_am.csv,label_60,past,658,1939,0.3394
snapshot_sym7_date63_pm.csv,label_5,future,1994,1994,1.0
snapshot_sym7_date63_pm.csv,label_5,past,777,1994,0.3897
snapshot_sym7_date63_pm.csv,label_10,future,1989,1989,1.0
snapshot_sym7_date63_pm.csv,label_10,past,759,1989,0.3816
snapshot_sym7_date63_pm.csv,label_20,future,1979,1979,1.0
snapshot_sym7_date63_pm.csv,label_20,past,1226,1979,0.6195
snapshot_sym7_date63_pm.csv,label_40,future,1959,1959,1.0
snapshot_sym7_date63_pm.csv,label_40,past,941,1959,0.4803
snapshot_sym7_date63_pm.csv,label_60,future,1939,1939,1.0
snapshot_sym7_date63_pm.csv,label_60,past,659,1939,0.3399
snapshot_sym7_date64_am.csv,label_5,future,1994,1994,1.0
snapshot_sym7_date64_am.csv,label_5,past,709,1994,0.3556
snapshot_sym7_date64_am.csv,label_10,future,1989,1989,1.0
snapshot_sym7_date64_am.csv,label_10,past,753,1989,0.3786
snapshot_sym7_date64_am.csv,label_20,future,1979,1979,1.0
snapshot_sym7_date64_am.csv,label_20,past,809,1979,0.4088
snapshot_sym7_date64_am.csv,label_40,future,1959,1959,1.0
snapshot_sym7_date64_am.csv,label_40,past,526,1959,0.2685
snapshot_sym7_date64_am.csv,label_60,future,1939,1939,1.0
snapshot_sym7_date64_am.csv,label_60,past,531,1939,0.2739
snapshot_sym7_date64_pm.csv,label_5,future,1994,1994,1.0
snapshot_sym7_date64_pm.csv,label_5,past,823,1994,0.4127
snapshot_sym7_date64_pm.csv,label_10,future,1989,1989,1.0
snapshot_sym7_date64_pm.csv,label_10,past,798,1989,0.4012
snapshot_sym7_date64_pm.csv,label_20,future,1979,1979,1.0
snapshot_sym7_date64_pm.csv,label_20,past,1030,1979,0.5205
snapshot_sym7_date64_pm.csv,label_40,future,1959,1959,1.0
snapshot_sym7_date64_pm.csv,label_40,past,655,1959,0.3344
snapshot_sym7_date64_pm.csv,label_60,future,1939,1939,1.0
snapshot_sym7_date64_pm.csv,label_60,past,679,1939,0.3502
snapshot_sym7_date65_am.csv,label_5,future,1994,1994,1.0
snapshot_sym7_date65_am.csv,label_5,past,845,1994,0.4238
snapshot_sym7_date65_am.csv,label_10,future,1989,1989,1.0
snapshot_sym7_date65_am.csv,label_10,past,715,1989,0.3595
snapshot_sym7_date65_am.csv,label_20,future,1979,1979,1.0
snapshot_sym7_date65_am.csv,label_20,past,1166,1979,0.5892
snapshot_sym7_date65_am.csv,label_40,future,1959,1959,1.0
snapshot_sym7_date65_am.csv,label_40,past,832,1959,0.4247
snapshot_sym7_date65_am.csv,label_60,future,1939,1939,1.0
snapshot_sym7_date65_am.csv,label_60,past,764,1939,0.394
snapshot_sym7_date65_pm.csv,label_5,future,1994,1994,1.0
snapshot_sym7_date65_pm.csv,label_5,past,1087,1994,0.5451
snapshot_sym7_date65_pm.csv,label_10,future,1989,1989,1.0
snapshot_sym7_date65_pm.csv,label_10,past,802,1989,0.4032
snapshot_sym7_date65_pm.csv,label_20,future,1979,1979,1.0
snapshot_sym7_date65_pm.csv,label_20,past,1237,1979,0.6251
snapshot_sym7_date65_pm.csv,label_40,future,1959,1959,1.0
snapshot_sym7_date65_pm.csv,label_40,past,951,1959,0.4855
snapshot_sym7_date65_pm.csv,label_60,future,1939,1939,1.0
snapshot_sym7_date65_pm.csv,label_60,past,722,1939,0.3724
snapshot_sym7_date66_am.csv,label_5,future,1994,1994,1.0
snapshot_sym7_date66_am.csv,label_5,past,913,1994,0.4579
snapshot_sym7_date66_am.csv,label_10,future,1989,1989,1.0
snapshot_sym7_date66_am.csv,label_10,past,787,1989,0.3957
snapshot_sym7_date66_am.csv,label_20,future,1979,1979,1.0
snapshot_sym7_date66_am.csv,label_20,past,1108,1979,0.5599
snapshot_sym7_date66_am.csv,label_40,future,1959,1959,1.0
snapshot_sym7_date66_am.csv,label_40,past,771,1959,0.3936
snapshot_sym7_date66_am.csv,label_60,future,1939,1939,1.0
snapshot_sym7_date66_am.csv,label_60,past,590,1939,0.3043
snapshot_sym7_date66_pm.csv,label_5,future,1994,1994,1.0
snapshot_sym7_date66_pm.csv,label_5,past,1129,1994,0.5662
snapshot_sym7_date66_pm.csv,label_10,future,1989,1989,1.0
snapshot_sym7_date66_pm.csv,label_10,past,796,1989,0.4002
snapshot_sym7_date66_pm.csv,label_20,future,1979,1979,1.0
snapshot_sym7_date66_pm.csv,label_20,past,1544,1979,0.7802
snapshot_sym7_date66_pm.csv,label_40,future,1959,1959,1.0
snapshot_sym7_date66_pm.csv,label_40,past,1152,1959,0.5881
snapshot_sym7_date66_pm.csv,label_60,future,1939,1939,1.0
snapshot_sym7_date66_pm.csv,label_60,past,881,1939,0.4544
snapshot_sym7_date67_am.csv,label_5,future,1994,1994,1.0
snapshot_sym7_date67_am.csv,label_5,past,956,1994,0.4794
snapshot_sym7_date67_am.csv,label_10,future,1989,1989,1.0
snapshot_sym7_date67_am.csv,label_10,past,1002,1989,0.5038
snapshot_sym7_date67_am.csv,label_20,future,1979,1979,1.0
snapshot_sym7_date67_am.csv,label_20,past,1044,1979,0.5275
snapshot_sym7_date67_am.csv,label_40,future,1959,1959,1.0
snapshot_sym7_date67_am.csv,label_40,past,890,1959,0.4543
snapshot_sym7_date67_am.csv,label_60,future,1939,1939,1.0
snapshot_sym7_date67_am.csv,label_60,past,695,1939,0.3584
snapshot_sym7_date67_pm.csv,label_5,future,1994,1994,1.0
snapshot_sym7_date67_pm.csv,label_5,past,878,1994,0.4403
snapshot_sym7_date67_pm.csv,label_10,future,1989,1989,1.0
snapshot_sym7_date67_pm.csv,label_10,past,997,1989,0.5013
snapshot_sym7_date67_pm.csv,label_20,future,1979,1979,1.0
snapshot_sym7_date67_pm.csv,label_20,past,1020,1979,0.5154
snapshot_sym7_date67_pm.csv,label_40,future,1959,1959,1.0
snapshot_sym7_date67_pm.csv,label_40,past,947,1959,0.4834
snapshot_sym7_date67_pm.csv,label_60,future,1939,1939,1.0
snapshot_sym7_date67_pm.csv,label_60,past,839,1939,0.4327
snapshot_sym7_date68_am.csv,label_5,future,1994,1994,1.0
snapshot_sym7_date68_am.csv,label_5,past,762,1994,0.3821
snapshot_sym7_date68_am.csv,label_10,future,1989,1989,1.0
snapshot_sym7_date68_am.csv,label_10,past,899,1989,0.452
snapshot_sym7_date68_am.csv,label_20,future,1979,1979,1.0
snapshot_sym7_date68_am.csv,label_20,past,930,1979,0.4699
snapshot_sym7_date68_am.csv,label_40,future,1959,1959,1.0
snapshot_sym7_date68_am.csv,label_40,past,719,1959,0.367
snapshot_sym7_date68_am.csv,label_60,future,1939,1939,1.0
snapshot_sym7_date68_am.csv,label_60,past,526,1939,0.2713
snapshot_sym7_date68_pm.csv,label_5,future,1994,1994,1.0
snapshot_sym7_date68_pm.csv,label_5,past,831,1994,0.4168
snapshot_sym7_date68_pm.csv,label_10,future,1989,1989,1.0
snapshot_sym7_date68_pm.csv,label_10,past,871,1989,0.4379
snapshot_sym7_date68_pm.csv,label_20,future,1979,1979,1.0
snapshot_sym7_date68_pm.csv,label_20,past,1109,1979,0.5604
snapshot_sym7_date68_pm.csv,label_40,future,1959,1959,1.0
snapshot_sym7_date68_pm.csv,label_40,past,837,1959,0.4273
snapshot_sym7_date68_pm.csv,label_60,future,1939,1939,1.0
snapshot_sym7_date68_pm.csv,label_60,past,664,1939,0.3424
snapshot_sym7_date69_am.csv,label_5,future,1994,1994,1.0
snapshot_sym7_date69_am.csv,label_5,past,799,1994,0.4007
snapshot_sym7_date69_am.csv,label_10,future,1989,1989,1.0
snapshot_sym7_date69_am.csv,label_10,past,817,1989,0.4108
snapshot_sym7_date69_am.csv,label_20,future,1979,1979,1.0
snapshot_sym7_date69_am.csv,label_20,past,960,1979,0.4851
snapshot_sym7_date69_am.csv,label_40,future,1959,1959,1.0
snapshot_sym7_date69_am.csv,label_40,past,675,1959,0.3446
snapshot_sym7_date69_am.csv,label_60,future,1939,1939,1.0
snapshot_sym7_date69_am.csv,label_60,past,656,1939,0.3383
snapshot_sym7_date69_pm.csv,label_5,future,1994,1994,1.0
snapshot_sym7_date69_pm.csv,label_5,past,907,1994,0.4549
snapshot_sym7_date69_pm.csv,label_10,future,1989,1989,1.0
snapshot_sym7_date69_pm.csv,label_10,past,729,1989,0.3665
snapshot_sym7_date69_pm.csv,label_20,future,1979,1979,1.0
snapshot_sym7_date69_pm.csv,label_20,past,1268,1979,0.6407
snapshot_sym7_date69_pm.csv,label_40,future,1959,1959,1.0
snapshot_sym7_date69_pm.csv,label_40,past,849,1959,0.4334
snapshot_sym7_date69_pm.csv,label_60,future,1939,1939,1.0
snapshot_sym7_date69_pm.csv,label_60,past,643,1939,0.3316
snapshot_sym7_date6_am.csv,label_5,future,1994,1994,1.0
snapshot_sym7_date6_am.csv,label_5,past,1039,1994,0.5211
snapshot_sym7_date6_am.csv,label_10,future,1989,1989,1.0
snapshot_sym7_date6_am.csv,label_10,past,882,1989,0.4434
snapshot_sym7_date6_am.csv,label_20,future,1979,1979,1.0
snapshot_sym7_date6_am.csv,label_20,past,1266,1979,0.6397
snapshot_sym7_date6_am.csv,label_40,future,1959,1959,1.0
snapshot_sym7_date6_am.csv,label_40,past,930,1959,0.4747
snapshot_sym7_date6_am.csv,label_60,future,1939,1939,1.0
snapshot_sym7_date6_am.csv,label_60,past,735,1939,0.3791
snapshot_sym7_date6_pm.csv,label_5,future,1994,1994,1.0
snapshot_sym7_date6_pm.csv,label_5,past,1090,1994,0.5466
snapshot_sym7_date6_pm.csv,label_10,future,1989,1989,1.0
snapshot_sym7_date6_pm.csv,label_10,past,877,1989,0.4409
snapshot_sym7_date6_pm.csv,label_20,future,1979,1979,1.0
snapshot_sym7_date6_pm.csv,label_20,past,1417,1979,0.716
snapshot_sym7_date6_pm.csv,label_40,future,1959,1959,1.0
snapshot_sym7_date6_pm.csv,label_40,past,1136,1959,0.5799
snapshot_sym7_date6_pm.csv,label_60,future,1939,1939,1.0
snapshot_sym7_date6_pm.csv,label_60,past,989,1939,0.5101
snapshot_sym7_date70_am.csv,label_5,future,1994,1994,1.0
snapshot_sym7_date70_am.csv,label_5,past,846,1994,0.4243
snapshot_sym7_date70_am.csv,label_10,future,1989,1989,1.0
snapshot_sym7_date70_am.csv,label_10,past,726,1989,0.365
snapshot_sym7_date70_am.csv,label_20,future,1979,1979,1.0
snapshot_sym7_date70_am.csv,label_20,past,1276,1979,0.6448
snapshot_sym7_date70_am.csv,label_40,future,1959,1959,1.0
snapshot_sym7_date70_am.csv,label_40,past,857,1959,0.4375
snapshot_sym7_date70_am.csv,label_60,future,1939,1939,1.0
snapshot_sym7_date70_am.csv,label_60,past,791,1939,0.4079
snapshot_sym7_date70_pm.csv,label_5,future,1994,1994,1.0
snapshot_sym7_date70_pm.csv,label_5,past,707,1994,0.3546
snapshot_sym7_date70_pm.csv,label_10,future,1989,1989,1.0
snapshot_sym7_date70_pm.csv,label_10,past,658,1989,0.3308
snapshot_sym7_date70_pm.csv,label_20,future,1979,1979,1.0
snapshot_sym7_date70_pm.csv,label_20,past,1256,1979,0.6347
snapshot_sym7_date70_pm.csv,label_40,future,1959,1959,1.0
snapshot_sym7_date70_pm.csv,label_40,past,1004,1959,0.5125
snapshot_sym7_date70_pm.csv,label_60,future,1939,1939,1.0
snapshot_sym7_date70_pm.csv,label_60,past,876,1939,0.4518
snapshot_sym7_date71_am.csv,label_5,future,1994,1994,1.0
snapshot_sym7_date71_am.csv,label_5,past,877,1994,0.4398
snapshot_sym7_date71_am.csv,label_10,future,1989,1989,1.0
snapshot_sym7_date71_am.csv,label_10,past,765,1989,0.3846
snapshot_sym7_date71_am.csv,label_20,future,1979,1979,1.0
snapshot_sym7_date71_am.csv,label_20,past,1108,1979,0.5599
snapshot_sym7_date71_am.csv,label_40,future,1959,1959,1.0
snapshot_sym7_date71_am.csv,label_40,past,791,1959,0.4038
snapshot_sym7_date71_am.csv,label_60,future,1939,1939,1.0
snapshot_sym7_date71_am.csv,label_60,past,680,1939,0.3507
snapshot_sym7_date71_pm.csv,label_5,future,1994,1994,1.0
snapshot_sym7_date71_pm.csv,label_5,past,1139,1994,0.5712
snapshot_sym7_date71_pm.csv,label_10,future,1989,1989,1.0
snapshot_sym7_date71_pm.csv,label_10,past,924,1989,0.4646
snapshot_sym7_date71_pm.csv,label_20,future,1979,1979,1.0
snapshot_sym7_date71_pm.csv,label_20,past,1467,1979,0.7413
snapshot_sym7_date71_pm.csv,label_40,future,1959,1959,1.0
snapshot_sym7_date71_pm.csv,label_40,past,999,1959,0.51
snapshot_sym7_date71_pm.csv,label_60,future,1939,1939,1.0
snapshot_sym7_date71_pm.csv,label_60,past,776,1939,0.4002
snapshot_sym7_date72_am.csv,label_5,future,1994,1994,1.0
snapshot_sym7_date72_am.csv,label_5,past,825,1994,0.4137
snapshot_sym7_date72_am.csv,label_10,future,1989,1989,1.0
snapshot_sym7_date72_am.csv,label_10,past,787,1989,0.3957
snapshot_sym7_date72_am.csv,label_20,future,1979,1979,1.0
snapshot_sym7_date72_am.csv,label_20,past,1102,1979,0.5568
snapshot_sym7_date72_am.csv,label_40,future,1959,1959,1.0
snapshot_sym7_date72_am.csv,label_40,past,748,1959,0.3818
snapshot_sym7_date72_am.csv,label_60,future,1939,1939,1.0
snapshot_sym7_date72_am.csv,label_60,past,670,1939,0.3455
snapshot_sym7_date72_pm.csv,label_5,future,1994,1994,1.0
snapshot_sym7_date72_pm.csv,label_5,past,866,1994,0.4343
snapshot_sym7_date72_pm.csv,label_10,future,1989,1989,1.0
snapshot_sym7_date72_pm.csv,label_10,past,801,1989,0.4027
snapshot_sym7_date72_pm.csv,label_20,future,1979,1979,1.0
snapshot_sym7_date72_pm.csv,label_20,past,1225,1979,0.619
snapshot_sym7_date72_pm.csv,label_40,future,1959,1959,1.0
snapshot_sym7_date72_pm.csv,label_40,past,840,1959,0.4288
snapshot_sym7_date72_pm.csv,label_60,future,1939,1939,1.0
snapshot_sym7_date72_pm.csv,label_60,past,650,1939,0.3352
snapshot_sym7_date73_am.csv,label_5,future,1994,1994,1.0
snapshot_sym7_date73_am.csv,label_5,past,768,1994,0.3852
snapshot_sym7_date73_am.csv,label_10,future,1989,1989,1.0
snapshot_sym7_date73_am.csv,label_10,past,740,1989,0.372
snapshot_sym7_date73_am.csv,label_20,future,1979,1979,1.0
snapshot_sym7_date73_am.csv,label_20,past,920,1979,0.4649
snapshot_sym7_date73_am.csv,label_40,future,1959,1959,1.0
snapshot_sym7_date73_am.csv,label_40,past,655,1959,0.3344
snapshot_sym7_date73_am.csv,label_60,future,1939,1939,1.0
snapshot_sym7_date73_am.csv,label_60,past,610,1939,0.3146
snapshot_sym7_date73_pm.csv,label_5,future,1994,1994,1.0
snapshot_sym7_date73_pm.csv,label_5,past,912,1994,0.4574
snapshot_sym7_date73_pm.csv,label_10,future,1989,1989,1.0
snapshot_sym7_date73_pm.csv,label_10,past,852,1989,0.4284
snapshot_sym7_date73_pm.csv,label_20,future,1979,1979,1.0
snapshot_sym7_date73_pm.csv,label_20,past,1222,1979,0.6175
snapshot_sym7_date73_pm.csv,label_40,future,1959,1959,1.0
snapshot_sym7_date73_pm.csv,label_40,past,673,1959,0.3435
snapshot_sym7_date73_pm.csv,label_60,future,1939,1939,1.0
snapshot_sym7_date73_pm.csv,label_60,past,642,1939,0.3311
snapshot_sym7_date74_am.csv,label_5,future,1994,1994,1.0
snapshot_sym7_date74_am.csv,label_5,past,830,1994,0.4162
snapshot_sym7_date74_am.csv,label_10,future,1989,1989,1.0
snapshot_sym7_date74_am.csv,label_10,past,809,1989,0.4067
snapshot_sym7_date74_am.csv,label_20,future,1979,1979,1.0
snapshot_sym7_date74_am.csv,label_20,past,736,1979,0.3719
snapshot_sym7_date74_am.csv,label_40,future,1959,1959,1.0
snapshot_sym7_date74_am.csv,label_40,past,444,1959,0.2266
snapshot_sym7_date74_am.csv,label_60,future,1939,1939,1.0
snapshot_sym7_date74_am.csv,label_60,past,414,1939,0.2135
snapshot_sym7_date74_pm.csv,label_5,future,1994,1994,1.0
snapshot_sym7_date74_pm.csv,label_5,past,930,1994,0.4664
snapshot_sym7_date74_pm.csv,label_10,future,1989,1989,1.0
snapshot_sym7_date74_pm.csv,label_10,past,1076,1989,0.541
snapshot_sym7_date74_pm.csv,label_20,future,1979,1979,1.0
snapshot_sym7_date74_pm.csv,label_20,past,852,1979,0.4305
snapshot_sym7_date74_pm.csv,label_40,future,1959,1959,1.0
snapshot_sym7_date74_pm.csv,label_40,past,744,1959,0.3798
snapshot_sym7_date74_pm.csv,label_60,future,1939,1939,1.0
snapshot_sym7_date74_pm.csv,label_60,past,709,1939,0.3657
snapshot_sym7_date75_am.csv,label_5,future,1994,1994,1.0
snapshot_sym7_date75_am.csv,label_5,past,746,1994,0.3741
snapshot_sym7_date75_am.csv,label_10,future,1989,1989,1.0
snapshot_sym7_date75_am.csv,label_10,past,830,1989,0.4173
snapshot_sym7_date75_am.csv,label_20,future,1979,1979,1.0
snapshot_sym7_date75_am.csv,label_20,past,835,1979,0.4219
snapshot_sym7_date75_am.csv,label_40,future,1959,1959,1.0
snapshot_sym7_date75_am.csv,label_40,past,511,1959,0.2608
snapshot_sym7_date75_am.csv,label_60,future,1939,1939,1.0
snapshot_sym7_date75_am.csv,label_60,past,582,1939,0.3002
snapshot_sym7_date75_pm.csv,label_5,future,1994,1994,1.0
snapshot_sym7_date75_pm.csv,label_5,past,772,1994,0.3872
snapshot_sym7_date75_pm.csv,label_10,future,1989,1989,1.0
snapshot_sym7_date75_pm.csv,label_10,past,888,1989,0.4465
snapshot_sym7_date75_pm.csv,label_20,future,1979,1979,1.0
snapshot_sym7_date75_pm.csv,label_20,past,828,1979,0.4184
snapshot_sym7_date75_pm.csv,label_40,future,1959,1959,1.0
snapshot_sym7_date75_pm.csv,label_40,past,582,1959,0.2971
snapshot_sym7_date75_pm.csv,label_60,future,1939,1939,1.0
snapshot_sym7_date75_pm.csv,label_60,past,588,1939,0.3032
snapshot_sym7_date76_am.csv,label_5,future,1994,1994,1.0
snapshot_sym7_date76_am.csv,label_5,past,857,1994,0.4298
snapshot_sym7_date76_am.csv,label_10,future,1989,1989,1.0
snapshot_sym7_date76_am.csv,label_10,past,898,1989,0.4515
snapshot_sym7_date76_am.csv,label_20,future,1979,1979,1.0
snapshot_sym7_date76_am.csv,label_20,past,750,1979,0.379
snapshot_sym7_date76_am.csv,label_40,future,1959,1959,1.0
snapshot_sym7_date76_am.csv,label_40,past,632,1959,0.3226
snapshot_sym7_date76_am.csv,label_60,future,1939,1939,1.0
snapshot_sym7_date76_am.csv,label_60,past,657,1939,0.3388
snapshot_sym7_date76_pm.csv,label_5,future,1994,1994,1.0
snapshot_sym7_date76_pm.csv,label_5,past,797,1994,0.3997
snapshot_sym7_date76_pm.csv,label_10,future,1989,1989,1.0
snapshot_sym7_date76_pm.csv,label_10,past,924,1989,0.4646
snapshot_sym7_date76_pm.csv,label_20,future,1979,1979,1.0
snapshot_sym7_date76_pm.csv,label_20,past,917,1979,0.4634
snapshot_sym7_date76_pm.csv,label_40,future,1959,1959,1.0
snapshot_sym7_date76_pm.csv,label_40,past,622,1959,0.3175
snapshot_sym7_date76_pm.csv,label_60,future,1939,1939,1.0
snapshot_sym7_date76_pm.csv,label_60,past,558,1939,0.2878
snapshot_sym7_date77_am.csv,label_5,future,1994,1994,1.0
snapshot_sym7_date77_am.csv,label_5,past,946,1994,0.4744
snapshot_sym7_date77_am.csv,label_10,future,1989,1989,1.0
snapshot_sym7_date77_am.csv,label_10,past,1052,1989,0.5289
snapshot_sym7_date77_am.csv,label_20,future,1979,1979,1.0
snapshot_sym7_date77_am.csv,label_20,past,915,1979,0.4624
snapshot_sym7_date77_am.csv,label_40,future,1959,1959,1.0
snapshot_sym7_date77_am.csv,label_40,past,762,1959,0.389
snapshot_sym7_date77_am.csv,label_60,future,1939,1939,1.0
snapshot_sym7_date77_am.csv,label_60,past,644,1939,0.3321
snapshot_sym7_date77_pm.csv,label_5,future,1994,1994,1.0
snapshot_sym7_date77_pm.csv,label_5,past,957,1994,0.4799
snapshot_sym7_date77_pm.csv,label_10,future,1989,1989,1.0
snapshot_sym7_date77_pm.csv,label_10,past,1136,1989,0.5711
snapshot_sym7_date77_pm.csv,label_20,future,1979,1979,1.0
snapshot_sym7_date77_pm.csv,label_20,past,1043,1979,0.527
snapshot_sym7_date77_pm.csv,label_40,future,1959,1959,1.0
snapshot_sym7_date77_pm.csv,label_40,past,759,1959,0.3874
snapshot_sym7_date77_pm.csv,label_60,future,1939,1939,1.0
snapshot_sym7_date77_pm.csv,label_60,past,705,1939,0.3636
snapshot_sym7_date78_am.csv,label_5,future,1994,1994,1.0
snapshot_sym7_date78_am.csv,label_5,past,784,1994,0.3932
snapshot_sym7_date78_am.csv,label_10,future,1989,1989,1.0
snapshot_sym7_date78_am.csv,label_10,past,769,1989,0.3866
snapshot_sym7_date78_am.csv,label_20,future,1979,1979,1.0
snapshot_sym7_date78_am.csv,label_20,past,847,1979,0.428
snapshot_sym7_date78_am.csv,label_40,future,1959,1959,1.0
snapshot_sym7_date78_am.csv,label_40,past,651,1959,0.3323
snapshot_sym7_date78_am.csv,label_60,future,1939,1939,1.0
snapshot_sym7_date78_am.csv,label_60,past,596,1939,0.3074
snapshot_sym7_date78_pm.csv,label_5,future,1994,1994,1.0
snapshot_sym7_date78_pm.csv,label_5,past,805,1994,0.4037
snapshot_sym7_date78_pm.csv,label_10,future,1989,1989,1.0
snapshot_sym7_date78_pm.csv,label_10,past,809,1989,0.4067
snapshot_sym7_date78_pm.csv,label_20,future,1979,1979,1.0
snapshot_sym7_date78_pm.csv,label_20,past,778,1979,0.3931
snapshot_sym7_date78_pm.csv,label_40,future,1959,1959,1.0
snapshot_sym7_date78_pm.csv,label_40,past,587,1959,0.2996
snapshot_sym7_date78_pm.csv,label_60,future,1939,1939,1.0
snapshot_sym7_date78_pm.csv,label_60,past,459,1939,0.2367
snapshot_sym7_date7_am.csv,label_5,future,1994,1994,1.0
snapshot_sym7_date7_am.csv,label_5,past,962,1994,0.4824
snapshot_sym7_date7_am.csv,label_10,future,1989,1989,1.0
snapshot_sym7_date7_am.csv,label_10,past,847,1989,0.4258
snapshot_sym7_date7_am.csv,label_20,future,1979,1979,1.0
snapshot_sym7_date7_am.csv,label_20,past,1062,1979,0.5366
snapshot_sym7_date7_am.csv,label_40,future,1959,1959,1.0
snapshot_sym7_date7_am.csv,label_40,past,715,1959,0.365
snapshot_sym7_date7_am.csv,label_60,future,1939,1939,1.0
snapshot_sym7_date7_am.csv,label_60,past,676,1939,0.3486
snapshot_sym7_date7_pm.csv,label_5,future,1994,1994,1.0
snapshot_sym7_date7_pm.csv,label_5,past,963,1994,0.4829
snapshot_sym7_date7_pm.csv,label_10,future,1989,1989,1.0
snapshot_sym7_date7_pm.csv,label_10,past,735,1989,0.3695
snapshot_sym7_date7_pm.csv,label_20,future,1979,1979,1.0
snapshot_sym7_date7_pm.csv,label_20,past,1345,1979,0.6796
snapshot_sym7_date7_pm.csv,label_40,future,1959,1959,1.0
snapshot_sym7_date7_pm.csv,label_40,past,979,1959,0.4997
snapshot_sym7_date7_pm.csv,label_60,future,1939,1939,1.0
snapshot_sym7_date7_pm.csv,label_60,past,707,1939,0.3646
snapshot_sym7_date8_am.csv,label_5,future,1994,1994,1.0
snapshot_sym7_date8_am.csv,label_5,past,1177,1994,0.5903
snapshot_sym7_date8_am.csv,label_10,future,1989,1989,1.0
snapshot_sym7_date8_am.csv,label_10,past,1058,1989,0.5319
snapshot_sym7_date8_am.csv,label_20,future,1979,1979,1.0
snapshot_sym7_date8_am.csv,label_20,past,1492,1979,0.7539
snapshot_sym7_date8_am.csv,label_40,future,1959,1959,1.0
snapshot_sym7_date8_am.csv,label_40,past,1226,1959,0.6258
snapshot_sym7_date8_am.csv,label_60,future,1939,1939,1.0
snapshot_sym7_date8_am.csv,label_60,past,1061,1939,0.5472
snapshot_sym7_date8_pm.csv,label_5,future,1994,1994,1.0
snapshot_sym7_date8_pm.csv,label_5,past,1470,1994,0.7372
snapshot_sym7_date8_pm.csv,label_10,future,1989,1989,1.0
snapshot_sym7_date8_pm.csv,label_10,past,1156,1989,0.5812
snapshot_sym7_date8_pm.csv,label_20,future,1979,1979,1.0
snapshot_sym7_date8_pm.csv,label_20,past,1720,1979,0.8691
snapshot_sym7_date8_pm.csv,label_40,future,1959,1959,1.0
snapshot_sym7_date8_pm.csv,label_40,past,1324,1959,0.6759
snapshot_sym7_date8_pm.csv,label_60,future,1939,1939,1.0
snapshot_sym7_date8_pm.csv,label_60,past,938,1939,0.4838
snapshot_sym7_date9_am.csv,label_5,future,1994,1994,1.0
snapshot_sym7_date9_am.csv,label_5,past,1175,1994,0.5893
snapshot_sym7_date9_am.csv,label_10,future,1989,1989,1.0
snapshot_sym7_date9_am.csv,label_10,past,966,1989,0.4857
snapshot_sym7_date9_am.csv,label_20,future,1979,1979,1.0
snapshot_sym7_date9_am.csv,label_20,past,1483,1979,0.7494
snapshot_sym7_date9_am.csv,label_40,future,1959,1959,1.0
snapshot_sym7_date9_am.csv,label_40,past,1203,1959,0.6141
snapshot_sym7_date9_am.csv,label_60,future,1939,1939,1.0
snapshot_sym7_date9_am.csv,label_60,past,983,1939,0.507
snapshot_sym7_date9_pm.csv,label_5,future,1994,1994,1.0
snapshot_sym7_date9_pm.csv,label_5,past,1179,1994,0.5913
snapshot_sym7_date9_pm.csv,label_10,future,1989,1989,1.0
snapshot_sym7_date9_pm.csv,label_10,past,1011,1989,0.5083
snapshot_sym7_date9_pm.csv,label_20,future,1979,1979,1.0
snapshot_sym7_date9_pm.csv,label_20,past,1477,1979,0.7463
snapshot_sym7_date9_pm.csv,label_40,future,1959,1959,1.0
snapshot_sym7_date9_pm.csv,label_40,past,1104,1959,0.5636
snapshot_sym7_date9_pm.csv,label_60,future,1939,1939,1.0
snapshot_sym7_date9_pm.csv,label_60,past,976,1939,0.5034
snapshot_sym8_date0_am.csv,label_5,future,1994,1994,1.0
snapshot_sym8_date0_am.csv,label_5,past,857,1994,0.4298
snapshot_sym8_date0_am.csv,label_10,future,1989,1989,1.0
snapshot_sym8_date0_am.csv,label_10,past,675,1989,0.3394
snapshot_sym8_date0_am.csv,label_20,future,1979,1979,1.0
snapshot_sym8_date0_am.csv,label_20,past,955,1979,0.4826
snapshot_sym8_date0_am.csv,label_40,future,1959,1959,1.0
snapshot_sym8_date0_am.csv,label_40,past,759,1959,0.3874
snapshot_sym8_date0_am.csv,label_60,future,1939,1939,1.0
snapshot_sym8_date0_am.csv,label_60,past,635,1939,0.3275
snapshot_sym8_date0_pm.csv,label_5,future,1994,1994,1.0
snapshot_sym8_date0_pm.csv,label_5,past,1321,1994,0.6625
snapshot_sym8_date0_pm.csv,label_10,future,1989,1989,1.0
snapshot_sym8_date0_pm.csv,label_10,past,1030,1989,0.5178
snapshot_sym8_date0_pm.csv,label_20,future,1979,1979,1.0
snapshot_sym8_date0_pm.csv,label_20,past,1375,1979,0.6948
snapshot_sym8_date0_pm.csv,label_40,future,1959,1959,1.0
snapshot_sym8_date0_pm.csv,label_40,past,1099,1959,0.561
snapshot_sym8_date0_pm.csv,label_60,future,1939,1939,1.0
snapshot_sym8_date0_pm.csv,label_60,past,1033,1939,0.5327
snapshot_sym8_date10_am.csv,label_5,future,1994,1994,1.0
snapshot_sym8_date10_am.csv,label_5,past,1331,1994,0.6675
snapshot_sym8_date10_am.csv,label_10,future,1989,1989,1.0
snapshot_sym8_date10_am.csv,label_10,past,1146,1989,0.5762
snapshot_sym8_date10_am.csv,label_20,future,1979,1979,1.0
snapshot_sym8_date10_am.csv,label_20,past,1575,1979,0.7959
snapshot_sym8_date10_am.csv,label_40,future,1959,1959,1.0
snapshot_sym8_date10_am.csv,label_40,past,1282,1959,0.6544
snapshot_sym8_date10_am.csv,label_60,future,1939,1939,1.0
snapshot_sym8_date10_am.csv,label_60,past,1128,1939,0.5817
snapshot_sym8_date11_am.csv,label_5,future,1994,1994,1.0
snapshot_sym8_date11_am.csv,label_5,past,1099,1994,0.5512
snapshot_sym8_date11_am.csv,label_10,future,1989,1989,1.0
snapshot_sym8_date11_am.csv,label_10,past,822,1989,0.4133
snapshot_sym8_date11_am.csv,label_20,future,1979,1979,1.0
snapshot_sym8_date11_am.csv,label_20,past,1154,1979,0.5831
snapshot_sym8_date11_am.csv,label_40,future,1959,1959,1.0
snapshot_sym8_date11_am.csv,label_40,past,803,1959,0.4099
snapshot_sym8_date11_am.csv,label_60,future,1939,1939,1.0
snapshot_sym8_date11_am.csv,label_60,past,764,1939,0.394
snapshot_sym8_date12_am.csv,label_5,future,1994,1994,1.0
snapshot_sym8_date12_am.csv,label_5,past,1138,1994,0.5707
snapshot_sym8_date12_am.csv,label_10,future,1989,1989,1.0
snapshot_sym8_date12_am.csv,label_10,past,890,1989,0.4475
snapshot_sym8_date12_am.csv,label_20,future,1979,1979,1.0
snapshot_sym8_date12_am.csv,label_20,past,1338,1979,0.6761
snapshot_sym8_date12_am.csv,label_40,future,1959,1959,1.0
snapshot_sym8_date12_am.csv,label_40,past,1135,1959,0.5794
snapshot_sym8_date12_am.csv,label_60,future,1939,1939,1.0
snapshot_sym8_date12_am.csv,label_60,past,956,1939,0.493
snapshot_sym8_date12_pm.csv,label_5,future,1994,1994,1.0
snapshot_sym8_date12_pm.csv,label_5,past,1133,1994,0.5682
snapshot_sym8_date12_pm.csv,label_10,future,1989,1989,1.0
snapshot_sym8_date12_pm.csv,label_10,past,911,1989,0.458
snapshot_sym8_date12_pm.csv,label_20,future,1979,1979,1.0
snapshot_sym8_date12_pm.csv,label_20,past,1547,1979,0.7817
snapshot_sym8_date12_pm.csv,label_40,future,1959,1959,1.0
snapshot_sym8_date12_pm.csv,label_40,past,1235,1959,0.6304
snapshot_sym8_date12_pm.csv,label_60,future,1939,1939,1.0
snapshot_sym8_date12_pm.csv,label_60,past,1017,1939,0.5245
snapshot_sym8_date13_am.csv,label_5,future,1994,1994,1.0
snapshot_sym8_date13_am.csv,label_5,past,1087,1994,0.5451
snapshot_sym8_date13_am.csv,label_10,future,1989,1989,1.0
snapshot_sym8_date13_am.csv,label_10,past,897,1989,0.451
snapshot_sym8_date13_am.csv,label_20,future,1979,1979,1.0
snapshot_sym8_date13_am.csv,label_20,past,1449,1979,0.7322
snapshot_sym8_date13_am.csv,label_40,future,1959,1959,1.0
snapshot_sym8_date13_am.csv,label_40,past,1232,1959,0.6289
snapshot_sym8_date13_am.csv,label_60,future,1939,1939,1.0
snapshot_sym8_date13_am.csv,label_60,past,1186,1939,0.6117
snapshot_sym8_date13_pm.csv,label_5,future,1994,1994,1.0
snapshot_sym8_date13_pm.csv,label_5,past,1118,1994,0.5607
snapshot_sym8_date13_pm.csv,label_10,future,1989,1989,1.0
snapshot_sym8_date13_pm.csv,label_10,past,892,1989,0.4485
snapshot_sym8_date13_pm.csv,label_20,future,1979,1979,1.0
snapshot_sym8_date13_pm.csv,label_20,past,1378,1979,0.6963
snapshot_sym8_date13_pm.csv,label_40,future,1959,1959,1.0
snapshot_sym8_date13_pm.csv,label_40,past,1103,1959,0.563
snapshot_sym8_date13_pm.csv,label_60,future,1939,1939,1.0
snapshot_sym8_date13_pm.csv,label_60,past,868,1939,0.4477
snapshot_sym8_date14_am.csv,label_5,future,1994,1994,1.0
snapshot_sym8_date14_am.csv,label_5,past,1076,1994,0.5396
snapshot_sym8_date14_am.csv,label_10,future,1989,1989,1.0
snapshot_sym8_date14_am.csv,label_10,past,777,1989,0.3906
snapshot_sym8_date14_am.csv,label_20,future,1979,1979,1.0
snapshot_sym8_date14_am.csv,label_20,past,1285,1979,0.6493
snapshot_sym8_date14_am.csv,label_40,future,1959,1959,1.0
snapshot_sym8_date14_am.csv,label_40,past,1074,1959,0.5482
snapshot_sym8_date14_am.csv,label_60,future,1939,1939,1.0
snapshot_sym8_date14_am.csv,label_60,past,960,1939,0.4951
snapshot_sym8_date14_pm.csv,label_5,future,1994,1994,1.0
snapshot_sym8_date14_pm.csv,label_5,past,956,1994,0.4794
snapshot_sym8_date14_pm.csv,label_10,future,1989,1989,1.0
snapshot_sym8_date14_pm.csv,label_10,past,705,1989,0.3544
snapshot_sym8_date14_pm.csv,label_20,future,1979,1979,1.0
snapshot_sym8_date14_pm.csv,label_20,past,1152,1979,0.5821
snapshot_sym8_date14_pm.csv,label_40,future,1959,1959,1.0
snapshot_sym8_date14_pm.csv,label_40,past,874,1959,0.4461
snapshot_sym8_date14_pm.csv,label_60,future,1939,1939,1.0
snapshot_sym8_date14_pm.csv,label_60,past,796,1939,0.4105
snapshot_sym8_date15_am.csv,label_5,future,1994,1994,1.0
snapshot_sym8_date15_am.csv,label_5,past,1047,1994,0.5251
snapshot_sym8_date15_am.csv,label_10,future,1989,1989,1.0
snapshot_sym8_date15_am.csv,label_10,past,809,1989,0.4067
snapshot_sym8_date15_am.csv,label_20,future,1979,1979,1.0
snapshot_sym8_date15_am.csv,label_20,past,1121,1979,0.5664
snapshot_sym8_date15_am.csv,label_40,future,1959,1959,1.0
snapshot_sym8_date15_am.csv,label_40,past,849,1959,0.4334
snapshot_sym8_date15_am.csv,label_60,future,1939,1939,1.0
snapshot_sym8_date15_am.csv,label_60,past,821,1939,0.4234
snapshot_sym8_date15_pm.csv,label_5,future,1994,1994,1.0
snapshot_sym8_date15_pm.csv,label_5,past,1094,1994,0.5486
snapshot_sym8_date15_pm.csv,label_10,future,1989,1989,1.0
snapshot_sym8_date15_pm.csv,label_10,past,798,1989,0.4012
snapshot_sym8_date15_pm.csv,label_20,future,1979,1979,1.0
snapshot_sym8_date15_pm.csv,label_20,past,1434,1979,0.7246
snapshot_sym8_date15_pm.csv,label_40,future,1959,1959,1.0
snapshot_sym8_date15_pm.csv,label_40,past,1137,1959,0.5804
snapshot_sym8_date15_pm.csv,label_60,future,1939,1939,1.0
snapshot_sym8_date15_pm.csv,label_60,past,947,1939,0.4884
snapshot_sym8_date16_am.csv,label_5,future,1994,1994,1.0
snapshot_sym8_date16_am.csv,label_5,past,972,1994,0.4875
snapshot_sym8_date16_am.csv,label_10,future,1989,1989,1.0
snapshot_sym8_date16_am.csv,label_10,past,735,1989,0.3695
snapshot_sym8_date16_am.csv,label_20,future,1979,1979,1.0
snapshot_sym8_date16_am.csv,label_20,past,1157,1979,0.5846
snapshot_sym8_date16_am.csv,label_40,future,1959,1959,1.0
snapshot_sym8_date16_am.csv,label_40,past,845,1959,0.4313
snapshot_sym8_date16_am.csv,label_60,future,1939,1939,1.0
snapshot_sym8_date16_am.csv,label_60,past,694,1939,0.3579
snapshot_sym8_date16_pm.csv,label_5,future,1994,1994,1.0
snapshot_sym8_date16_pm.csv,label_5,past,1282,1994,0.6429
snapshot_sym8_date16_pm.csv,label_10,future,1989,1989,1.0
snapshot_sym8_date16_pm.csv,label_10,past,1017,1989,0.5113
snapshot_sym8_date16_pm.csv,label_20,future,1979,1979,1.0
snapshot_sym8_date16_pm.csv,label_20,past,1633,1979,0.8252
snapshot_sym8_date16_pm.csv,label_40,future,1959,1959,1.0
snapshot_sym8_date16_pm.csv,label_40,past,1565,1959,0.7989
snapshot_sym8_date16_pm.csv,label_60,future,1939,1939,1.0
snapshot_sym8_date16_pm.csv,label_60,past,1500,1939,0.7736
snapshot_sym8_date17_am.csv,label_5,future,1994,1994,1.0
snapshot_sym8_date17_am.csv,label_5,past,1236,1994,0.6199
snapshot_sym8_date17_am.csv,label_10,future,1989,1989,1.0
snapshot_sym8_date17_am.csv,label_10,past,941,1989,0.4731
snapshot_sym8_date17_am.csv,label_20,future,1979,1979,1.0
snapshot_sym8_date17_am.csv,label_20,past,1353,1979,0.6837
snapshot_sym8_date17_am.csv,label_40,future,1959,1959,1.0
snapshot_sym8_date17_am.csv,label_40,past,965,1959,0.4926
snapshot_sym8_date17_am.csv,label_60,future,1939,1939,1.0
snapshot_sym8_date17_am.csv,label_60,past,948,1939,0.4889
snapshot_sym8_date17_pm.csv,label_5,future,1994,1994,1.0
snapshot_sym8_date17_pm.csv,label_5,past,1250,1994,0.6269
snapshot_sym8_date17_pm.csv,label_10,future,1989,1989,1.0
snapshot_sym8_date17_pm.csv,label_10,past,952,1989,0.4786
snapshot_sym8_date17_pm.csv,label_20,future,1979,1979,1.0
snapshot_sym8_date17_pm.csv,label_20,past,1608,1979,0.8125
snapshot_sym8_date17_pm.csv,label_40,future,1959,1959,1.0
snapshot_sym8_date17_pm.csv,label_40,past,1361,1959,0.6947
snapshot_sym8_date17_pm.csv,label_60,future,1939,1939,1.0
snapshot_sym8_date17_pm.csv,label_60,past,996,1939,0.5137
snapshot_sym8_date18_am.csv,label_5,future,1994,1994,1.0
snapshot_sym8_date18_am.csv,label_5,past,1276,1994,0.6399
snapshot_sym8_date18_am.csv,label_10,future,1989,1989,1.0
snapshot_sym8_date18_am.csv,label_10,past,1013,1989,0.5093
snapshot_sym8_date18_am.csv,label_20,future,1979,1979,1.0
snapshot_sym8_date18_am.csv,label_20,past,1509,1979,0.7625
snapshot_sym8_date18_am.csv,label_40,future,1959,1959,1.0
snapshot_sym8_date18_am.csv,label_40,past,1115,1959,0.5692
snapshot_sym8_date18_am.csv,label_60,future,1939,1939,1.0
snapshot_sym8_date18_am.csv,label_60,past,940,1939,0.4848
snapshot_sym8_date18_pm.csv,label_5,future,1994,1994,1.0
snapshot_sym8_date18_pm.csv,label_5,past,1158,1994,0.5807
snapshot_sym8_date18_pm.csv,label_10,future,1989,1989,1.0
snapshot_sym8_date18_pm.csv,label_10,past,841,1989,0.4228
snapshot_sym8_date18_pm.csv,label_20,future,1979,1979,1.0
snapshot_sym8_date18_pm.csv,label_20,past,1277,1979,0.6453
snapshot_sym8_date18_pm.csv,label_40,future,1959,1959,1.0
snapshot_sym8_date18_pm.csv,label_40,past,945,1959,0.4824
snapshot_sym8_date18_pm.csv,label_60,future,1939,1939,1.0
snapshot_sym8_date18_pm.csv,label_60,past,734,1939,0.3785
snapshot_sym8_date19_am.csv,label_5,future,1994,1994,1.0
snapshot_sym8_date19_am.csv,label_5,past,975,1994,0.489
snapshot_sym8_date19_am.csv,label_10,future,1989,1989,1.0
snapshot_sym8_date19_am.csv,label_10,past,843,1989,0.4238
snapshot_sym8_date19_am.csv,label_20,future,1979,1979,1.0
snapshot_sym8_date19_am.csv,label_20,past,984,1979,0.4972
snapshot_sym8_date19_am.csv,label_40,future,1959,1959,1.0
snapshot_sym8_date19_am.csv,label_40,past,916,1959,0.4676
snapshot_sym8_date19_am.csv,label_60,future,1939,1939,1.0
snapshot_sym8_date19_am.csv,label_60,past,839,1939,0.4327
snapshot_sym8_date19_pm.csv,label_5,future,1994,1994,1.0
snapshot_sym8_date19_pm.csv,label_5,past,979,1994,0.491
snapshot_sym8_date19_pm.csv,label_10,future,1989,1989,1.0
snapshot_sym8_date19_pm.csv,label_10,past,765,1989,0.3846
snapshot_sym8_date19_pm.csv,label_20,future,1979,1979,1.0
snapshot_sym8_date19_pm.csv,label_20,past,924,1979,0.4669
snapshot_sym8_date19_pm.csv,label_40,future,1959,1959,1.0
snapshot_sym8_date19_pm.csv,label_40,past,707,1959,0.3609
snapshot_sym8_date19_pm.csv,label_60,future,1939,1939,1.0
snapshot_sym8_date19_pm.csv,label_60,past,666,1939,0.3435
snapshot_sym8_date1_am.csv,label_5,future,1994,1994,1.0
snapshot_sym8_date1_am.csv,label_5,past,1436,1994,0.7202
snapshot_sym8_date1_am.csv,label_10,future,1989,1989,1.0
snapshot_sym8_date1_am.csv,label_10,past,1178,1989,0.5923
snapshot_sym8_date1_am.csv,label_20,future,1979,1979,1.0
snapshot_sym8_date1_am.csv,label_20,past,1367,1979,0.6908
snapshot_sym8_date1_am.csv,label_40,future,1959,1959,1.0
snapshot_sym8_date1_am.csv,label_40,past,1074,1959,0.5482
snapshot_sym8_date1_am.csv,label_60,future,1939,1939,1.0
snapshot_sym8_date1_am.csv,label_60,past,870,1939,0.4487
snapshot_sym8_date1_pm.csv,label_5,future,1994,1994,1.0
snapshot_sym8_date1_pm.csv,label_5,past,1485,1994,0.7447
snapshot_sym8_date1_pm.csv,label_10,future,1989,1989,1.0
snapshot_sym8_date1_pm.csv,label_10,past,1169,1989,0.5877
snapshot_sym8_date1_pm.csv,label_20,future,1979,1979,1.0
snapshot_sym8_date1_pm.csv,label_20,past,1310,1979,0.662
snapshot_sym8_date1_pm.csv,label_40,future,1959,1959,1.0
snapshot_sym8_date1_pm.csv,label_40,past,1060,1959,0.5411
snapshot_sym8_date1_pm.csv,label_60,future,1939,1939,1.0
snapshot_sym8_date1_pm.csv,label_60,past,954,1939,0.492
snapshot_sym8_date20_am.csv,label_5,future,1994,1994,1.0
snapshot_sym8_date20_am.csv,label_5,past,1110,1994,0.5567
snapshot_sym8_date20_am.csv,label_10,future,1989,1989,1.0
snapshot_sym8_date20_am.csv,label_10,past,908,1989,0.4565
snapshot_sym8_date20_am.csv,label_20,future,1979,1979,1.0
snapshot_sym8_date20_am.csv,label_20,past,900,1979,0.4548
snapshot_sym8_date20_am.csv,label_40,future,1959,1959,1.0
snapshot_sym8_date20_am.csv,label_40,past,703,1959,0.3589
snapshot_sym8_date20_am.csv,label_60,future,1939,1939,1.0
snapshot_sym8_date20_am.csv,label_60,past,549,1939,0.2831
snapshot_sym8_date20_pm.csv,label_5,future,1994,1994,1.0
snapshot_sym8_date20_pm.csv,label_5,past,1233,1994,0.6184
snapshot_sym8_date20_pm.csv,label_10,future,1989,1989,1.0
snapshot_sym8_date20_pm.csv,label_10,past,958,1989,0.4816
snapshot_sym8_date20_pm.csv,label_20,future,1979,1979,1.0
snapshot_sym8_date20_pm.csv,label_20,past,1282,1979,0.6478
snapshot_sym8_date20_pm.csv,label_40,future,1959,1959,1.0
snapshot_sym8_date20_pm.csv,label_40,past,1007,1959,0.514
snapshot_sym8_date20_pm.csv,label_60,future,1939,1939,1.0
snapshot_sym8_date20_pm.csv,label_60,past,884,1939,0.4559
snapshot_sym8_date21_am.csv,label_5,future,1994,1994,1.0
snapshot_sym8_date21_am.csv,label_5,past,1248,1994,0.6259
snapshot_sym8_date21_am.csv,label_10,future,1989,1989,1.0
snapshot_sym8_date21_am.csv,label_10,past,960,1989,0.4827
snapshot_sym8_date21_am.csv,label_20,future,1979,1979,1.0
snapshot_sym8_date21_am.csv,label_20,past,1468,1979,0.7418
snapshot_sym8_date21_am.csv,label_40,future,1959,1959,1.0
snapshot_sym8_date21_am.csv,label_40,past,1147,1959,0.5855
snapshot_sym8_date21_am.csv,label_60,future,1939,1939,1.0
snapshot_sym8_date21_am.csv,label_60,past,944,1939,0.4868
snapshot_sym8_date21_pm.csv,label_5,future,1994,1994,1.0
snapshot_sym8_date21_pm.csv,label_5,past,1366,1994,0.6851
snapshot_sym8_date21_pm.csv,label_10,future,1989,1989,1.0
snapshot_sym8_date21_pm.csv,label_10,past,1137,1989,0.5716
snapshot_sym8_date21_pm.csv,label_20,future,1979,1979,1.0
snapshot_sym8_date21_pm.csv,label_20,past,1368,1979,0.6913
snapshot_sym8_date21_pm.csv,label_40,future,1959,1959,1.0
snapshot_sym8_date21_pm.csv,label_40,past,985,1959,0.5028
snapshot_sym8_date21_pm.csv,label_60,future,1939,1939,1.0
snapshot_sym8_date21_pm.csv,label_60,past,813,1939,0.4193
snapshot_sym8_date22_am.csv,label_5,future,1994,1994,1.0
snapshot_sym8_date22_am.csv,label_5,past,1192,1994,0.5978
snapshot_sym8_date22_am.csv,label_10,future,1989,1989,1.0
snapshot_sym8_date22_am.csv,label_10,past,1009,1989,0.5073
snapshot_sym8_date22_am.csv,label_20,future,1979,1979,1.0
snapshot_sym8_date22_am.csv,label_20,past,1349,1979,0.6817
snapshot_sym8_date22_am.csv,label_40,future,1959,1959,1.0
snapshot_sym8_date22_am.csv,label_40,past,1053,1959,0.5375
snapshot_sym8_date22_am.csv,label_60,future,1939,1939,1.0
snapshot_sym8_date22_am.csv,label_60,past,912,1939,0.4703
snapshot_sym8_date22_pm.csv,label_5,future,1994,1994,1.0
snapshot_sym8_date22_pm.csv,label_5,past,1318,1994,0.661
snapshot_sym8_date22_pm.csv,label_10,future,1989,1989,1.0
snapshot_sym8_date22_pm.csv,label_10,past,1020,1989,0.5128
snapshot_sym8_date22_pm.csv,label_20,future,1979,1979,1.0
snapshot_sym8_date22_pm.csv,label_20,past,1512,1979,0.764
snapshot_sym8_date22_pm.csv,label_40,future,1959,1959,1.0
snapshot_sym8_date22_pm.csv,label_40,past,1231,1959,0.6284
snapshot_sym8_date22_pm.csv,label_60,future,1939,1939,1.0
snapshot_sym8_date22_pm.csv,label_60,past,1027,1939,0.5297
snapshot_sym8_date23_am.csv,label_5,future,1994,1994,1.0
snapshot_sym8_date23_am.csv,label_5,past,1216,1994,0.6098
snapshot_sym8_date23_am.csv,label_10,future,1989,1989,1.0
snapshot_sym8_date23_am.csv,label_10,past,955,1989,0.4801
snapshot_sym8_date23_am.csv,label_20,future,1979,1979,1.0
snapshot_sym8_date23_am.csv,label_20,past,1386,1979,0.7004
snapshot_sym8_date23_am.csv,label_40,future,1959,1959,1.0
snapshot_sym8_date23_am.csv,label_40,past,1054,1959,0.538
snapshot_sym8_date23_am.csv,label_60,future,1939,1939,1.0
snapshot_sym8_date23_am.csv,label_60,past,942,1939,0.4858
snapshot_sym8_date23_pm.csv,label_5,future,1994,1994,1.0
snapshot_sym8_date23_pm.csv,label_5,past,1033,1994,0.5181
snapshot_sym8_date23_pm.csv,label_10,future,1989,1989,1.0
snapshot_sym8_date23_pm.csv,label_10,past,736,1989,0.37
snapshot_sym8_date23_pm.csv,label_20,future,1979,1979,1.0
snapshot_sym8_date23_pm.csv,label_20,past,1324,1979,0.669
snapshot_sym8_date23_pm.csv,label_40,future,1959,1959,1.0
snapshot_sym8_date23_pm.csv,label_40,past,1047,1959,0.5345
snapshot_sym8_date23_pm.csv,label_60,future,1939,1939,1.0
snapshot_sym8_date23_pm.csv,label_60,past,931,1939,0.4801
snapshot_sym8_date24_am.csv,label_5,future,1994,1994,1.0
snapshot_sym8_date24_am.csv,label_5,past,961,1994,0.4819
snapshot_sym8_date24_am.csv,label_10,future,1989,1989,1.0
snapshot_sym8_date24_am.csv,label_10,past,850,1989,0.4274
snapshot_sym8_date24_am.csv,label_20,future,1979,1979,1.0
snapshot_sym8_date24_am.csv,label_20,past,1066,1979,0.5387
snapshot_sym8_date24_am.csv,label_40,future,1959,1959,1.0
snapshot_sym8_date24_am.csv,label_40,past,643,1959,0.3282
snapshot_sym8_date24_am.csv,label_60,future,1939,1939,1.0
snapshot_sym8_date24_am.csv,label_60,past,565,1939,0.2914
snapshot_sym8_date24_pm.csv,label_5,future,1994,1994,1.0
snapshot_sym8_date24_pm.csv,label_5,past,886,1994,0.4443
snapshot_sym8_date24_pm.csv,label_10,future,1989,1989,1.0
snapshot_sym8_date24_pm.csv,label_10,past,736,1989,0.37
snapshot_sym8_date24_pm.csv,label_20,future,1979,1979,1.0
snapshot_sym8_date24_pm.csv,label_20,past,1176,1979,0.5942
snapshot_sym8_date24_pm.csv,label_40,future,1959,1959,1.0
snapshot_sym8_date24_pm.csv,label_40,past,860,1959,0.439
snapshot_sym8_date24_pm.csv,label_60,future,1939,1939,1.0
snapshot_sym8_date24_pm.csv,label_60,past,679,1939,0.3502
snapshot_sym8_date25_am.csv,label_5,future,1994,1994,1.0
snapshot_sym8_date25_am.csv,label_5,past,1099,1994,0.5512
snapshot_sym8_date25_am.csv,label_10,future,1989,1989,1.0
snapshot_sym8_date25_am.csv,label_10,past,917,1989,0.461
snapshot_sym8_date25_am.csv,label_20,future,1979,1979,1.0
snapshot_sym8_date25_am.csv,label_20,past,1296,1979,0.6549
snapshot_sym8_date25_am.csv,label_40,future,1959,1959,1.0
snapshot_sym8_date25_am.csv,label_40,past,918,1959,0.4686
snapshot_sym8_date25_am.csv,label_60,future,1939,1939,1.0
snapshot_sym8_date25_am.csv,label_60,past,791,1939,0.4079
snapshot_sym8_date25_pm.csv,label_5,future,1994,1994,1.0
snapshot_sym8_date25_pm.csv,label_5,past,1479,1994,0.7417
snapshot_sym8_date25_pm.csv,label_10,future,1989,1989,1.0
snapshot_sym8_date25_pm.csv,label_10,past,1338,1989,0.6727
snapshot_sym8_date25_pm.csv,label_20,future,1979,1979,1.0
snapshot_sym8_date25_pm.csv,label_20,past,1594,1979,0.8055
snapshot_sym8_date25_pm.csv,label_40,future,1959,1959,1.0
snapshot_sym8_date25_pm.csv,label_40,past,1403,1959,0.7162
snapshot_sym8_date25_pm.csv,label_60,future,1939,1939,1.0
snapshot_sym8_date25_pm.csv,label_60,past,1183,1939,0.6101
snapshot_sym8_date26_am.csv,label_5,future,1994,1994,1.0
snapshot_sym8_date26_am.csv,label_5,past,1036,1994,0.5196
snapshot_sym8_date26_am.csv,label_10,future,1989,1989,1.0
snapshot_sym8_date26_am.csv,label_10,past,916,1989,0.4605
snapshot_sym8_date26_am.csv,label_20,future,1979,1979,1.0
snapshot_sym8_date26_am.csv,label_20,past,1125,1979,0.5685
snapshot_sym8_date26_am.csv,label_40,future,1959,1959,1.0
snapshot_sym8_date26_am.csv,label_40,past,815,1959,0.416
snapshot_sym8_date26_am.csv,label_60,future,1939,1939,1.0
snapshot_sym8_date26_am.csv,label_60,past,714,1939,0.3682
snapshot_sym8_date26_pm.csv,label_5,future,1994,1994,1.0
snapshot_sym8_date26_pm.csv,label_5,past,1123,1994,0.5632
snapshot_sym8_date26_pm.csv,label_10,future,1989,1989,1.0
snapshot_sym8_date26_pm.csv,label_10,past,925,1989,0.4651
snapshot_sym8_date26_pm.csv,label_20,future,1979,1979,1.0
snapshot_sym8_date26_pm.csv,label_20,past,1263,1979,0.6382
snapshot_sym8_date26_pm.csv,label_40,future,1959,1959,1.0
snapshot_sym8_date26_pm.csv,label_40,past,961,1959,0.4906
snapshot_sym8_date26_pm.csv,label_60,future,1939,1939,1.0
snapshot_sym8_date26_pm.csv,label_60,past,827,1939,0.4265
snapshot_sym8_date27_am.csv,label_5,future,1994,1994,1.0
snapshot_sym8_date27_am.csv,label_5,past,836,1994,0.4193
snapshot_sym8_date27_am.csv,label_10,future,1989,1989,1.0
snapshot_sym8_date27_am.csv,label_10,past,705,1989,0.3544
snapshot_sym8_date27_am.csv,label_20,future,1979,1979,1.0
snapshot_sym8_date27_am.csv,label_20,past,1242,1979,0.6276
snapshot_sym8_date27_am.csv,label_40,future,1959,1959,1.0
snapshot_sym8_date27_am.csv,label_40,past,950,1959,0.4849
snapshot_sym8_date27_am.csv,label_60,future,1939,1939,1.0
snapshot_sym8_date27_am.csv,label_60,past,934,1939,0.4817
snapshot_sym8_date27_pm.csv,label_5,future,1994,1994,1.0
snapshot_sym8_date27_pm.csv,label_5,past,934,1994,0.4684
snapshot_sym8_date27_pm.csv,label_10,future,1989,1989,1.0
snapshot_sym8_date27_pm.csv,label_10,past,682,1989,0.3429
snapshot_sym8_date27_pm.csv,label_20,future,1979,1979,1.0
snapshot_sym8_date27_pm.csv,label_20,past,1301,1979,0.6574
snapshot_sym8_date27_pm.csv,label_40,future,1959,1959,1.0
snapshot_sym8_date27_pm.csv,label_40,past,907,1959,0.463
snapshot_sym8_date27_pm.csv,label_60,future,1939,1939,1.0
snapshot_sym8_date27_pm.csv,label_60,past,707,1939,0.3646
snapshot_sym8_date28_am.csv,label_5,future,1994,1994,1.0
snapshot_sym8_date28_am.csv,label_5,past,933,1994,0.4679
snapshot_sym8_date28_am.csv,label_10,future,1989,1989,1.0
snapshot_sym8_date28_am.csv,label_10,past,808,1989,0.4062
snapshot_sym8_date28_am.csv,label_20,future,1979,1979,1.0
snapshot_sym8_date28_am.csv,label_20,past,1154,1979,0.5831
snapshot_sym8_date28_am.csv,label_40,future,1959,1959,1.0
snapshot_sym8_date28_am.csv,label_40,past,900,1959,0.4594
snapshot_sym8_date28_am.csv,label_60,future,1939,1939,1.0
snapshot_sym8_date28_am.csv,label_60,past,811,1939,0.4183
snapshot_sym8_date28_pm.csv,label_5,future,1994,1994,1.0
snapshot_sym8_date28_pm.csv,label_5,past,1059,1994,0.5311
snapshot_sym8_date28_pm.csv,label_10,future,1989,1989,1.0
snapshot_sym8_date28_pm.csv,label_10,past,780,1989,0.3922
snapshot_sym8_date28_pm.csv,label_20,future,1979,1979,1.0
snapshot_sym8_date28_pm.csv,label_20,past,1584,1979,0.8004
snapshot_sym8_date28_pm.csv,label_40,future,1959,1959,1.0
snapshot_sym8_date28_pm.csv,label_40,past,1142,1959,0.583
snapshot_sym8_date28_pm.csv,label_60,future,1939,1939,1.0
snapshot_sym8_date28_pm.csv,label_60,past,921,1939,0.475
snapshot_sym8_date29_am.csv,label_5,future,1994,1994,1.0
snapshot_sym8_date29_am.csv,label_5,past,915,1994,0.4589
snapshot_sym8_date29_am.csv,label_10,future,1989,1989,1.0
snapshot_sym8_date29_am.csv,label_10,past,820,1989,0.4123
snapshot_sym8_date29_am.csv,label_20,future,1979,1979,1.0
snapshot_sym8_date29_am.csv,label_20,past,1129,1979,0.5705
snapshot_sym8_date29_am.csv,label_40,future,1959,1959,1.0
snapshot_sym8_date29_am.csv,label_40,past,841,1959,0.4293
snapshot_sym8_date29_am.csv,label_60,future,1939,1939,1.0
snapshot_sym8_date29_am.csv,label_60,past,694,1939,0.3579
snapshot_sym8_date29_pm.csv,label_5,future,1994,1994,1.0
snapshot_sym8_date29_pm.csv,label_5,past,1059,1994,0.5311
snapshot_sym8_date29_pm.csv,label_10,future,1989,1989,1.0
snapshot_sym8_date29_pm.csv,label_10,past,806,1989,0.4052
snapshot_sym8_date29_pm.csv,label_20,future,1979,1979,1.0
snapshot_sym8_date29_pm.csv,label_20,past,1224,1979,0.6185
snapshot_sym8_date29_pm.csv,label_40,future,1959,1959,1.0
snapshot_sym8_date29_pm.csv,label_40,past,941,1959,0.4803
snapshot_sym8_date29_pm.csv,label_60,future,1939,1939,1.0
snapshot_sym8_date29_pm.csv,label_60,past,802,1939,0.4136
snapshot_sym8_date2_am.csv,label_5,future,1994,1994,1.0
snapshot_sym8_date2_am.csv,label_5,past,1065,1994,0.5341
snapshot_sym8_date2_am.csv,label_10,future,1989,1989,1.0
snapshot_sym8_date2_am.csv,label_10,past,858,1989,0.4314
snapshot_sym8_date2_am.csv,label_20,future,1979,1979,1.0
snapshot_sym8_date2_am.csv,label_20,past,938,1979,0.474
snapshot_sym8_date2_am.csv,label_40,future,1959,1959,1.0
snapshot_sym8_date2_am.csv,label_40,past,756,1959,0.3859
snapshot_sym8_date2_am.csv,label_60,future,1939,1939,1.0
snapshot_sym8_date2_am.csv,label_60,past,700,1939,0.361
snapshot_sym8_date2_pm.csv,label_5,future,1994,1994,1.0
snapshot_sym8_date2_pm.csv,label_5,past,1178,1994,0.5908
snapshot_sym8_date2_pm.csv,label_10,future,1989,1989,1.0
snapshot_sym8_date2_pm.csv,label_10,past,891,1989,0.448
snapshot_sym8_date2_pm.csv,label_20,future,1979,1979,1.0
snapshot_sym8_date2_pm.csv,label_20,past,1104,1979,0.5579
snapshot_sym8_date2_pm.csv,label_40,future,1959,1959,1.0
snapshot_sym8_date2_pm.csv,label_40,past,944,1959,0.4819
snapshot_sym8_date2_pm.csv,label_60,future,1939,1939,1.0
snapshot_sym8_date2_pm.csv,label_60,past,690,1939,0.3559
snapshot_sym8_date30_am.csv,label_5,future,1994,1994,1.0
snapshot_sym8_date30_am.csv,label_5,past,1047,1994,0.5251
snapshot_sym8_date30_am.csv,label_10,future,1989,1989,1.0
snapshot_sym8_date30_am.csv,label_10,past,836,1989,0.4203
snapshot_sym8_date30_am.csv,label_20,future,1979,1979,1.0
snapshot_sym8_date30_am.csv,label_20,past,1153,1979,0.5826
snapshot_sym8_date30_am.csv,label_40,future,1959,1959,1.0
snapshot_sym8_date30_am.csv,label_40,past,891,1959,0.4548
snapshot_sym8_date30_am.csv,label_60,future,1939,1939,1.0
snapshot_sym8_date30_am.csv,label_60,past,750,1939,0.3868
snapshot_sym8_date30_pm.csv,label_5,future,1994,1994,1.0
snapshot_sym8_date30_pm.csv,label_5,past,1019,1994,0.511
snapshot_sym8_date30_pm.csv,label_10,future,1989,1989,1.0
snapshot_sym8_date30_pm.csv,label_10,past,724,1989,0.364
snapshot_sym8_date30_pm.csv,label_20,future,1979,1979,1.0
snapshot_sym8_date30_pm.csv,label_20,past,1285,1979,0.6493
snapshot_sym8_date30_pm.csv,label_40,future,1959,1959,1.0
snapshot_sym8_date30_pm.csv,label_40,past,907,1959,0.463
snapshot_sym8_date30_pm.csv,label_60,future,1939,1939,1.0
snapshot_sym8_date30_pm.csv,label_60,past,729,1939,0.376
snapshot_sym8_date31_am.csv,label_5,future,1994,1994,1.0
snapshot_sym8_date31_am.csv,label_5,past,981,1994,0.492
snapshot_sym8_date31_am.csv,label_10,future,1989,1989,1.0
snapshot_sym8_date31_am.csv,label_10,past,846,1989,0.4253
snapshot_sym8_date31_am.csv,label_20,future,1979,1979,1.0
snapshot_sym8_date31_am.csv,label_20,past,1037,1979,0.524
snapshot_sym8_date31_am.csv,label_40,future,1959,1959,1.0
snapshot_sym8_date31_am.csv,label_40,past,704,1959,0.3594
snapshot_sym8_date31_am.csv,label_60,future,1939,1939,1.0
snapshot_sym8_date31_am.csv,label_60,past,660,1939,0.3404
snapshot_sym8_date31_pm.csv,label_5,future,1994,1994,1.0
snapshot_sym8_date31_pm.csv,label_5,past,1077,1994,0.5401
snapshot_sym8_date31_pm.csv,label_10,future,1989,1989,1.0
snapshot_sym8_date31_pm.csv,label_10,past,849,1989,0.4268
snapshot_sym8_date31_pm.csv,label_20,future,1979,1979,1.0
snapshot_sym8_date31_pm.csv,label_20,past,1155,1979,0.5836
snapshot_sym8_date31_pm.csv,label_40,future,1959,1959,1.0
snapshot_sym8_date31_pm.csv,label_40,past,814,1959,0.4155
snapshot_sym8_date31_pm.csv,label_60,future,1939,1939,1.0
snapshot_sym8_date31_pm.csv,label_60,past,763,1939,0.3935
snapshot_sym8_date32_am.csv,label_5,future,1994,1994,1.0
snapshot_sym8_date32_am.csv,label_5,past,1324,1994,0.664
snapshot_sym8_date32_am.csv,label_10,future,1989,1989,1.0
snapshot_sym8_date32_am.csv,label_10,past,1106,1989,0.5561
snapshot_sym8_date32_am.csv,label_20,future,1979,1979,1.0
snapshot_sym8_date32_am.csv,label_20,past,1473,1979,0.7443
snapshot_sym8_date32_am.csv,label_40,future,1959,1959,1.0
snapshot_sym8_date32_am.csv,label_40,past,1273,1959,0.6498
snapshot_sym8_date32_am.csv,label_60,future,1939,1939,1.0
snapshot_sym8_date32_am.csv,label_60,past,1097,1939,0.5658
snapshot_sym8_date32_pm.csv,label_5,future,1994,1994,1.0
snapshot_sym8_date32_pm.csv,label_5,past,1097,1994,0.5502
snapshot_sym8_date32_pm.csv,label_10,future,1989,1989,1.0
snapshot_sym8_date32_pm.csv,label_10,past,883,1989,0.4439
snapshot_sym8_date32_pm.csv,label_20,future,1979,1979,1.0
snapshot_sym8_date32_pm.csv,label_20,past,1539,1979,0.7777
snapshot_sym8_date32_pm.csv,label_40,future,1959,1959,1.0
snapshot_sym8_date32_pm.csv,label_40,past,1200,1959,0.6126
snapshot_sym8_date32_pm.csv,label_60,future,1939,1939,1.0
snapshot_sym8_date32_pm.csv,label_60,past,900,1939,0.4642
snapshot_sym8_date33_am.csv,label_5,future,1994,1994,1.0
snapshot_sym8_date33_am.csv,label_5,past,754,1994,0.3781
snapshot_sym8_date33_am.csv,label_10,future,1989,1989,1.0
snapshot_sym8_date33_am.csv,label_10,past,639,1989,0.3213
snapshot_sym8_date33_am.csv,label_20,future,1979,1979,1.0
snapshot_sym8_date33_am.csv,label_20,past,1126,1979,0.569
snapshot_sym8_date33_am.csv,label_40,future,1959,1959,1.0
snapshot_sym8_date33_am.csv,label_40,past,750,1959,0.3828
snapshot_sym8_date33_am.csv,label_60,future,1939,1939,1.0
snapshot_sym8_date33_am.csv,label_60,past,840,1939,0.4332
snapshot_sym8_date33_pm.csv,label_5,future,1994,1994,1.0
snapshot_sym8_date33_pm.csv,label_5,past,819,1994,0.4107
snapshot_sym8_date33_pm.csv,label_10,future,1989,1989,1.0
snapshot_sym8_date33_pm.csv,label_10,past,671,1989,0.3374
snapshot_sym8_date33_pm.csv,label_20,future,1979,1979,1.0
snapshot_sym8_date33_pm.csv,label_20,past,1172,1979,0.5922
snapshot_sym8_date33_pm.csv,label_40,future,1959,1959,1.0
snapshot_sym8_date33_pm.csv,label_40,past,812,1959,0.4145
snapshot_sym8_date33_pm.csv,label_60,future,1939,1939,1.0
snapshot_sym8_date33_pm.csv,label_60,past,682,1939,0.3517
snapshot_sym8_date34_am.csv,label_5,future,1994,1994,1.0
snapshot_sym8_date34_am.csv,label_5,past,884,1994,0.4433
snapshot_sym8_date34_am.csv,label_10,future,1989,1989,1.0
snapshot_sym8_date34_am.csv,label_10,past,790,1989,0.3972
snapshot_sym8_date34_am.csv,label_20,future,1979,1979,1.0
snapshot_sym8_date34_am.csv,label_20,past,933,1979,0.4715
snapshot_sym8_date34_am.csv,label_40,future,1959,1959,1.0
snapshot_sym8_date34_am.csv,label_40,past,725,1959,0.3701
snapshot_sym8_date34_am.csv,label_60,future,1939,1939,1.0
snapshot_sym8_date34_am.csv,label_60,past,681,1939,0.3512
snapshot_sym8_date34_pm.csv,label_5,future,1994,1994,1.0
snapshot_sym8_date34_pm.csv,label_5,past,1207,1994,0.6053
snapshot_sym8_date34_pm.csv,label_10,future,1989,1989,1.0
snapshot_sym8_date34_pm.csv,label_10,past,896,1989,0.4505
snapshot_sym8_date34_pm.csv,label_20,future,1979,1979,1.0
snapshot_sym8_date34_pm.csv,label_20,past,1518,1979,0.7671
snapshot_sym8_date34_pm.csv,label_40,future,1959,1959,1.0
snapshot_sym8_date34_pm.csv,label_40,past,1130,1959,0.5768
snapshot_sym8_date34_pm.csv,label_60,future,1939,1939,1.0
snapshot_sym8_date34_pm.csv,label_60,past,914,1939,0.4714
snapshot_sym8_date35_am.csv,label_5,future,1994,1994,1.0
snapshot_sym8_date35_am.csv,label_5,past,908,1994,0.4554
snapshot_sym8_date35_am.csv,label_10,future,1989,1989,1.0
snapshot_sym8_date35_am.csv,label_10,past,827,1989,0.4158
snapshot_sym8_date35_am.csv,label_20,future,1979,1979,1.0
snapshot_sym8_date35_am.csv,label_20,past,1158,1979,0.5851
snapshot_sym8_date35_am.csv,label_40,future,1959,1959,1.0
snapshot_sym8_date35_am.csv,label_40,past,900,1959,0.4594
snapshot_sym8_date35_am.csv,label_60,future,1939,1939,1.0
snapshot_sym8_date35_am.csv,label_60,past,852,1939,0.4394
snapshot_sym8_date35_pm.csv,label_5,future,1994,1994,1.0
snapshot_sym8_date35_pm.csv,label_5,past,850,1994,0.4263
snapshot_sym8_date35_pm.csv,label_10,future,1989,1989,1.0
snapshot_sym8_date35_pm.csv,label_10,past,734,1989,0.369
snapshot_sym8_date35_pm.csv,label_20,future,1979,1979,1.0
snapshot_sym8_date35_pm.csv,label_20,past,1156,1979,0.5841
snapshot_sym8_date35_pm.csv,label_40,future,1959,1959,1.0
snapshot_sym8_date35_pm.csv,label_40,past,839,1959,0.4283
snapshot_sym8_date35_pm.csv,label_60,future,1939,1939,1.0
snapshot_sym8_date35_pm.csv,label_60,past,745,1939,0.3842
snapshot_sym8_date36_am.csv,label_5,future,1994,1994,1.0
snapshot_sym8_date36_am.csv,label_5,past,999,1994,0.501
snapshot_sym8_date36_am.csv,label_10,future,1989,1989,1.0
snapshot_sym8_date36_am.csv,label_10,past,790,1989,0.3972
snapshot_sym8_date36_am.csv,label_20,future,1979,1979,1.0
snapshot_sym8_date36_am.csv,label_20,past,1154,1979,0.5831
snapshot_sym8_date36_am.csv,label_40,future,1959,1959,1.0
snapshot_sym8_date36_am.csv,label_40,past,892,1959,0.4553
snapshot_sym8_date36_am.csv,label_60,future,1939,1939,1.0
snapshot_sym8_date36_am.csv,label_60,past,799,1939,0.4121
snapshot_sym8_date36_pm.csv,label_5,future,1994,1994,1.0
snapshot_sym8_date36_pm.csv,label_5,past,1067,1994,0.5351
snapshot_sym8_date36_pm.csv,label_10,future,1989,1989,1.0
snapshot_sym8_date36_pm.csv,label_10,past,802,1989,0.4032
snapshot_sym8_date36_pm.csv,label_20,future,1979,1979,1.0
snapshot_sym8_date36_pm.csv,label_20,past,1052,1979,0.5316
snapshot_sym8_date36_pm.csv,label_40,future,1959,1959,1.0
snapshot_sym8_date36_pm.csv,label_40,past,792,1959,0.4043
snapshot_sym8_date36_pm.csv,label_60,future,1939,1939,1.0
snapshot_sym8_date36_pm.csv,label_60,past,579,1939,0.2986
snapshot_sym8_date37_am.csv,label_5,future,1994,1994,1.0
snapshot_sym8_date37_am.csv,label_5,past,982,1994,0.4925
snapshot_sym8_date37_am.csv,label_10,future,1989,1989,1.0
snapshot_sym8_date37_am.csv,label_10,past,786,1989,0.3952
snapshot_sym8_date37_am.csv,label_20,future,1979,1979,1.0
snapshot_sym8_date37_am.csv,label_20,past,1082,1979,0.5467
snapshot_sym8_date37_am.csv,label_40,future,1959,1959,1.0
snapshot_sym8_date37_am.csv,label_40,past,782,1959,0.3992
snapshot_sym8_date37_am.csv,label_60,future,1939,1939,1.0
snapshot_sym8_date37_am.csv,label_60,past,653,1939,0.3368
snapshot_sym8_date37_pm.csv,label_5,future,1994,1994,1.0
snapshot_sym8_date37_pm.csv,label_5,past,1144,1994,0.5737
snapshot_sym8_date37_pm.csv,label_10,future,1989,1989,1.0
snapshot_sym8_date37_pm.csv,label_10,past,921,1989,0.463
snapshot_sym8_date37_pm.csv,label_20,future,1979,1979,1.0
snapshot_sym8_date37_pm.csv,label_20,past,1441,1979,0.7281
snapshot_sym8_date37_pm.csv,label_40,future,1959,1959,1.0
snapshot_sym8_date37_pm.csv,label_40,past,1239,1959,0.6325
snapshot_sym8_date37_pm.csv,label_60,future,1939,1939,1.0
snapshot_sym8_date37_pm.csv,label_60,past,973,1939,0.5018
snapshot_sym8_date38_am.csv,label_5,future,1994,1994,1.0
snapshot_sym8_date38_am.csv,label_5,past,894,1994,0.4483
snapshot_sym8_date38_am.csv,label_10,future,1989,1989,1.0
snapshot_sym8_date38_am.csv,label_10,past,754,1989,0.3791
snapshot_sym8_date38_am.csv,label_20,future,1979,1979,1.0
snapshot_sym8_date38_am.csv,label_20,past,1198,1979,0.6054
snapshot_sym8_date38_am.csv,label_40,future,1959,1959,1.0
snapshot_sym8_date38_am.csv,label_40,past,907,1959,0.463
snapshot_sym8_date38_am.csv,label_60,future,1939,1939,1.0
snapshot_sym8_date38_am.csv,label_60,past,743,1939,0.3832
snapshot_sym8_date38_pm.csv,label_5,future,1994,1994,1.0
snapshot_sym8_date38_pm.csv,label_5,past,1029,1994,0.516
snapshot_sym8_date38_pm.csv,label_10,future,1989,1989,1.0
snapshot_sym8_date38_pm.csv,label_10,past,866,1989,0.4354
snapshot_sym8_date38_pm.csv,label_20,future,1979,1979,1.0
snapshot_sym8_date38_pm.csv,label_20,past,1353,1979,0.6837
snapshot_sym8_date38_pm.csv,label_40,future,1959,1959,1.0
snapshot_sym8_date38_pm.csv,label_40,past,953,1959,0.4865
snapshot_sym8_date38_pm.csv,label_60,future,1939,1939,1.0
snapshot_sym8_date38_pm.csv,label_60,past,806,1939,0.4157
snapshot_sym8_date39_am.csv,label_5,future,1994,1994,1.0
snapshot_sym8_date39_am.csv,label_5,past,743,1994,0.3726
snapshot_sym8_date39_am.csv,label_10,future,1989,1989,1.0
snapshot_sym8_date39_am.csv,label_10,past,843,1989,0.4238
snapshot_sym8_date39_am.csv,label_20,future,1979,1979,1.0
snapshot_sym8_date39_am.csv,label_20,past,906,1979,0.4578
snapshot_sym8_date39_am.csv,label_40,future,1959,1959,1.0
snapshot_sym8_date39_am.csv,label_40,past,746,1959,0.3808
snapshot_sym8_date39_am.csv,label_60,future,1939,1939,1.0
snapshot_sym8_date39_am.csv,label_60,past,678,1939,0.3497
snapshot_sym8_date39_pm.csv,label_5,future,1994,1994,1.0
snapshot_sym8_date39_pm.csv,label_5,past,952,1994,0.4774
snapshot_sym8_date39_pm.csv,label_10,future,1989,1989,1.0
snapshot_sym8_date39_pm.csv,label_10,past,944,1989,0.4746
snapshot_sym8_date39_pm.csv,label_20,future,1979,1979,1.0
snapshot_sym8_date39_pm.csv,label_20,past,1139,1979,0.5755
snapshot_sym8_date39_pm.csv,label_40,future,1959,1959,1.0
snapshot_sym8_date39_pm.csv,label_40,past,772,1959,0.3941
snapshot_sym8_date39_pm.csv,label_60,future,1939,1939,1.0
snapshot_sym8_date39_pm.csv,label_60,past,644,1939,0.3321
snapshot_sym8_date3_am.csv,label_5,future,1994,1994,1.0
snapshot_sym8_date3_am.csv,label_5,past,1280,1994,0.6419
snapshot_sym8_date3_am.csv,label_10,future,1989,1989,1.0
snapshot_sym8_date3_am.csv,label_10,past,1044,1989,0.5249
snapshot_sym8_date3_am.csv,label_20,future,1979,1979,1.0
snapshot_sym8_date3_am.csv,label_20,past,1634,1979,0.8257
snapshot_sym8_date3_am.csv,label_40,future,1959,1959,1.0
snapshot_sym8_date3_am.csv,label_40,past,1306,1959,0.6667
snapshot_sym8_date3_am.csv,label_60,future,1939,1939,1.0
snapshot_sym8_date3_am.csv,label_60,past,999,1939,0.5152
snapshot_sym8_date3_pm.csv,label_5,future,1994,1994,1.0
snapshot_sym8_date3_pm.csv,label_5,past,1496,1994,0.7503
snapshot_sym8_date3_pm.csv,label_10,future,1989,1989,1.0
snapshot_sym8_date3_pm.csv,label_10,past,1251,1989,0.629
snapshot_sym8_date3_pm.csv,label_20,future,1979,1979,1.0
snapshot_sym8_date3_pm.csv,label_20,past,1836,1979,0.9277
snapshot_sym8_date3_pm.csv,label_40,future,1959,1959,1.0
snapshot_sym8_date3_pm.csv,label_40,past,1618,1959,0.8259
snapshot_sym8_date3_pm.csv,label_60,future,1939,1939,1.0
snapshot_sym8_date3_pm.csv,label_60,past,1387,1939,0.7153
snapshot_sym8_date40_am.csv,label_5,future,1994,1994,1.0
snapshot_sym8_date40_am.csv,label_5,past,833,1994,0.4178
snapshot_sym8_date40_am.csv,label_10,future,1989,1989,1.0
snapshot_sym8_date40_am.csv,label_10,past,805,1989,0.4047
snapshot_sym8_date40_am.csv,label_20,future,1979,1979,1.0
snapshot_sym8_date40_am.csv,label_20,past,968,1979,0.4891
snapshot_sym8_date40_am.csv,label_40,future,1959,1959,1.0
snapshot_sym8_date40_am.csv,label_40,past,789,1959,0.4028
snapshot_sym8_date40_am.csv,label_60,future,1939,1939,1.0
snapshot_sym8_date40_am.csv,label_60,past,580,1939,0.2991
snapshot_sym8_date40_pm.csv,label_5,future,1994,1994,1.0
snapshot_sym8_date40_pm.csv,label_5,past,919,1994,0.4609
snapshot_sym8_date40_pm.csv,label_10,future,1989,1989,1.0
snapshot_sym8_date40_pm.csv,label_10,past,823,1989,0.4138
snapshot_sym8_date40_pm.csv,label_20,future,1979,1979,1.0
snapshot_sym8_date40_pm.csv,label_20,past,1175,1979,0.5937
snapshot_sym8_date40_pm.csv,label_40,future,1959,1959,1.0
snapshot_sym8_date40_pm.csv,label_40,past,802,1959,0.4094
snapshot_sym8_date40_pm.csv,label_60,future,1939,1939,1.0
snapshot_sym8_date40_pm.csv,label_60,past,605,1939,0.312
snapshot_sym8_date41_am.csv,label_5,future,1994,1994,1.0
snapshot_sym8_date41_am.csv,label_5,past,745,1994,0.3736
snapshot_sym8_date41_am.csv,label_10,future,1989,1989,1.0
snapshot_sym8_date41_am.csv,label_10,past,608,1989,0.3057
snapshot_sym8_date41_am.csv,label_20,future,1979,1979,1.0
snapshot_sym8_date41_am.csv,label_20,past,1019,1979,0.5149
snapshot_sym8_date41_am.csv,label_40,future,1959,1959,1.0
snapshot_sym8_date41_am.csv,label_40,past,724,1959,0.3696
snapshot_sym8_date41_am.csv,label_60,future,1939,1939,1.0
snapshot_sym8_date41_am.csv,label_60,past,646,1939,0.3332
snapshot_sym8_date41_pm.csv,label_5,future,1994,1994,1.0
snapshot_sym8_date41_pm.csv,label_5,past,941,1994,0.4719
snapshot_sym8_date41_pm.csv,label_10,future,1989,1989,1.0
snapshot_sym8_date41_pm.csv,label_10,past,826,1989,0.4153
snapshot_sym8_date41_pm.csv,label_20,future,1979,1979,1.0
snapshot_sym8_date41_pm.csv,label_20,past,1321,1979,0.6675
snapshot_sym8_date41_pm.csv,label_40,future,1959,1959,1.0
snapshot_sym8_date41_pm.csv,label_40,past,1009,1959,0.5151
snapshot_sym8_date41_pm.csv,label_60,future,1939,1939,1.0
snapshot_sym8_date41_pm.csv,label_60,past,798,1939,0.4116
snapshot_sym8_date42_am.csv,label_5,future,1994,1994,1.0
snapshot_sym8_date42_am.csv,label_5,past,987,1994,0.495
snapshot_sym8_date42_am.csv,label_10,future,1989,1989,1.0
snapshot_sym8_date42_am.csv,label_10,past,923,1989,0.4641
snapshot_sym8_date42_am.csv,label_20,future,1979,1979,1.0
snapshot_sym8_date42_am.csv,label_20,past,1148,1979,0.5801
snapshot_sym8_date42_am.csv,label_40,future,1959,1959,1.0
snapshot_sym8_date42_am.csv,label_40,past,813,1959,0.415
snapshot_sym8_date42_am.csv,label_60,future,1939,1939,1.0
snapshot_sym8_date42_am.csv,label_60,past,574,1939,0.296
snapshot_sym8_date42_pm.csv,label_5,future,1994,1994,1.0
snapshot_sym8_date42_pm.csv,label_5,past,926,1994,0.4644
snapshot_sym8_date42_pm.csv,label_10,future,1989,1989,1.0
snapshot_sym8_date42_pm.csv,label_10,past,741,1989,0.3725
snapshot_sym8_date42_pm.csv,label_20,future,1979,1979,1.0
snapshot_sym8_date42_pm.csv,label_20,past,999,1979,0.5048
snapshot_sym8_date42_pm.csv,label_40,future,1959,1959,1.0
snapshot_sym8_date42_pm.csv,label_40,past,695,1959,0.3548
snapshot_sym8_date42_pm.csv,label_60,future,1939,1939,1.0
snapshot_sym8_date42_pm.csv,label_60,past,699,1939,0.3605
snapshot_sym8_date43_am.csv,label_5,future,1994,1994,1.0
snapshot_sym8_date43_am.csv,label_5,past,824,1994,0.4132
snapshot_sym8_date43_am.csv,label_10,future,1989,1989,1.0
snapshot_sym8_date43_am.csv,label_10,past,749,1989,0.3766
snapshot_sym8_date43_am.csv,label_20,future,1979,1979,1.0
snapshot_sym8_date43_am.csv,label_20,past,937,1979,0.4735
snapshot_sym8_date43_am.csv,label_40,future,1959,1959,1.0
snapshot_sym8_date43_am.csv,label_40,past,695,1959,0.3548
snapshot_sym8_date43_am.csv,label_60,future,1939,1939,1.0
snapshot_sym8_date43_am.csv,label_60,past,626,1939,0.3228
snapshot_sym8_date43_pm.csv,label_5,future,1994,1994,1.0
snapshot_sym8_date43_pm.csv,label_5,past,988,1994,0.4955
snapshot_sym8_date43_pm.csv,label_10,future,1989,1989,1.0
snapshot_sym8_date43_pm.csv,label_10,past,695,1989,0.3494
snapshot_sym8_date43_pm.csv,label_20,future,1979,1979,1.0
snapshot_sym8_date43_pm.csv,label_20,past,1169,1979,0.5907
snapshot_sym8_date43_pm.csv,label_40,future,1959,1959,1.0
snapshot_sym8_date43_pm.csv,label_40,past,860,1959,0.439
snapshot_sym8_date43_pm.csv,label_60,future,1939,1939,1.0
snapshot_sym8_date43_pm.csv,label_60,past,724,1939,0.3734
snapshot_sym8_date44_am.csv,label_5,future,1994,1994,1.0
snapshot_sym8_date44_am.csv,label_5,past,850,1994,0.4263
snapshot_sym8_date44_am.csv,label_10,future,1989,1989,1.0
snapshot_sym8_date44_am.csv,label_10,past,733,1989,0.3685
snapshot_sym8_date44_am.csv,label_20,future,1979,1979,1.0
snapshot_sym8_date44_am.csv,label_20,past,1142,1979,0.5771
snapshot_sym8_date44_am.csv,label_40,future,1959,1959,1.0
snapshot_sym8_date44_am.csv,label_40,past,889,1959,0.4538
snapshot_sym8_date44_am.csv,label_60,future,1939,1939,1.0
snapshot_sym8_date44_am.csv,label_60,past,779,1939,0.4018
snapshot_sym8_date44_pm.csv,label_5,future,1994,1994,1.0
snapshot_sym8_date44_pm.csv,label_5,past,895,1994,0.4488
snapshot_sym8_date44_pm.csv,label_10,future,1989,1989,1.0
snapshot_sym8_date44_pm.csv,label_10,past,720,1989,0.362
snapshot_sym8_date44_pm.csv,label_20,future,1979,1979,1.0
snapshot_sym8_date44_pm.csv,label_20,past,1160,1979,0.5862
snapshot_sym8_date44_pm.csv,label_40,future,1959,1959,1.0
snapshot_sym8_date44_pm.csv,label_40,past,781,1959,0.3987
snapshot_sym8_date44_pm.csv,label_60,future,1939,1939,1.0
snapshot_sym8_date44_pm.csv,label_60,past,615,1939,0.3172
snapshot_sym8_date45_am.csv,label_5,future,1994,1994,1.0
snapshot_sym8_date45_am.csv,label_5,past,825,1994,0.4137
snapshot_sym8_date45_am.csv,label_10,future,1989,1989,1.0
snapshot_sym8_date45_am.csv,label_10,past,597,1989,0.3002
snapshot_sym8_date45_am.csv,label_20,future,1979,1979,1.0
snapshot_sym8_date45_am.csv,label_20,past,1177,1979,0.5947
snapshot_sym8_date45_am.csv,label_40,future,1959,1959,1.0
snapshot_sym8_date45_am.csv,label_40,past,994,1959,0.5074
snapshot_sym8_date45_am.csv,label_60,future,1939,1939,1.0
snapshot_sym8_date45_am.csv,label_60,past,881,1939,0.4544
snapshot_sym8_date45_pm.csv,label_5,future,1994,1994,1.0
snapshot_sym8_date45_pm.csv,label_5,past,808,1994,0.4052
snapshot_sym8_date45_pm.csv,label_10,future,1989,1989,1.0
snapshot_sym8_date45_pm.csv,label_10,past,705,1989,0.3544
snapshot_sym8_date45_pm.csv,label_20,future,1979,1979,1.0
snapshot_sym8_date45_pm.csv,label_20,past,896,1979,0.4528
snapshot_sym8_date45_pm.csv,label_40,future,1959,1959,1.0
snapshot_sym8_date45_pm.csv,label_40,past,641,1959,0.3272
snapshot_sym8_date45_pm.csv,label_60,future,1939,1939,1.0
snapshot_sym8_date45_pm.csv,label_60,past,597,1939,0.3079
snapshot_sym8_date46_am.csv,label_5,future,1994,1994,1.0
snapshot_sym8_date46_am.csv,label_5,past,866,1994,0.4343
snapshot_sym8_date46_am.csv,label_10,future,1989,1989,1.0
snapshot_sym8_date46_am.csv,label_10,past,772,1989,0.3881
snapshot_sym8_date46_am.csv,label_20,future,1979,1979,1.0
snapshot_sym8_date46_am.csv,label_20,past,834,1979,0.4214
snapshot_sym8_date46_am.csv,label_40,future,1959,1959,1.0
snapshot_sym8_date46_am.csv,label_40,past,617,1959,0.315
snapshot_sym8_date46_am.csv,label_60,future,1939,1939,1.0
snapshot_sym8_date46_am.csv,label_60,past,491,1939,0.2532
snapshot_sym8_date46_pm.csv,label_5,future,1994,1994,1.0
snapshot_sym8_date46_pm.csv,label_5,past,1044,1994,0.5236
snapshot_sym8_date46_pm.csv,label_10,future,1989,1989,1.0
snapshot_sym8_date46_pm.csv,label_10,past,774,1989,0.3891
snapshot_sym8_date46_pm.csv,label_20,future,1979,1979,1.0
snapshot_sym8_date46_pm.csv,label_20,past,1178,1979,0.5953
snapshot_sym8_date46_pm.csv,label_40,future,1959,1959,1.0
snapshot_sym8_date46_pm.csv,label_40,past,895,1959,0.4569
snapshot_sym8_date46_pm.csv,label_60,future,1939,1939,1.0
snapshot_sym8_date46_pm.csv,label_60,past,726,1939,0.3744
snapshot_sym8_date47_am.csv,label_5,future,1994,1994,1.0
snapshot_sym8_date47_am.csv,label_5,past,859,1994,0.4308
snapshot_sym8_date47_am.csv,label_10,future,1989,1989,1.0
snapshot_sym8_date47_am.csv,label_10,past,727,1989,0.3655
snapshot_sym8_date47_am.csv,label_20,future,1979,1979,1.0
snapshot_sym8_date47_am.csv,label_20,past,1160,1979,0.5862
snapshot_sym8_date47_am.csv,label_40,future,1959,1959,1.0
snapshot_sym8_date47_am.csv,label_40,past,813,1959,0.415
snapshot_sym8_date47_am.csv,label_60,future,1939,1939,1.0
snapshot_sym8_date47_am.csv,label_60,past,642,1939,0.3311
snapshot_sym8_date47_pm.csv,label_5,future,1994,1994,1.0
snapshot_sym8_date47_pm.csv,label_5,past,1172,1994,0.5878
snapshot_sym8_date47_pm.csv,label_10,future,1989,1989,1.0
snapshot_sym8_date47_pm.csv,label_10,past,875,1989,0.4399
snapshot_sym8_date47_pm.csv,label_20,future,1979,1979,1.0
snapshot_sym8_date47_pm.csv,label_20,past,1343,1979,0.6786
snapshot_sym8_date47_pm.csv,label_40,future,1959,1959,1.0
snapshot_sym8_date47_pm.csv,label_40,past,890,1959,0.4543
snapshot_sym8_date47_pm.csv,label_60,future,1939,1939,1.0
snapshot_sym8_date47_pm.csv,label_60,past,612,1939,0.3156
snapshot_sym8_date48_am.csv,label_5,future,1994,1994,1.0
snapshot_sym8_date48_am.csv,label_5,past,912,1994,0.4574
snapshot_sym8_date48_am.csv,label_10,future,1989,1989,1.0
snapshot_sym8_date48_am.csv,label_10,past,818,1989,0.4113
snapshot_sym8_date48_am.csv,label_20,future,1979,1979,1.0
snapshot_sym8_date48_am.csv,label_20,past,1110,1979,0.5609
snapshot_sym8_date48_am.csv,label_40,future,1959,1959,1.0
snapshot_sym8_date48_am.csv,label_40,past,840,1959,0.4288
snapshot_sym8_date48_am.csv,label_60,future,1939,1939,1.0
snapshot_sym8_date48_am.csv,label_60,past,749,1939,0.3863
snapshot_sym8_date48_pm.csv,label_5,future,1994,1994,1.0
snapshot_sym8_date48_pm.csv,label_5,past,1032,1994,0.5176
snapshot_sym8_date48_pm.csv,label_10,future,1989,1989,1.0
snapshot_sym8_date48_pm.csv,label_10,past,839,1989,0.4218
snapshot_sym8_date48_pm.csv,label_20,future,1979,1979,1.0
snapshot_sym8_date48_pm.csv,label_20,past,1340,1979,0.6771
snapshot_sym8_date48_pm.csv,label_40,future,1959,1959,1.0
snapshot_sym8_date48_pm.csv,label_40,past,1008,1959,0.5145
snapshot_sym8_date48_pm.csv,label_60,future,1939,1939,1.0
snapshot_sym8_date48_pm.csv,label_60,past,917,1939,0.4729
snapshot_sym8_date49_am.csv,label_5,future,1994,1994,1.0
snapshot_sym8_date49_am.csv,label_5,past,943,1994,0.4729
snapshot_sym8_date49_am.csv,label_10,future,1989,1989,1.0
snapshot_sym8_date49_am.csv,label_10,past,822,1989,0.4133
snapshot_sym8_date49_am.csv,label_20,future,1979,1979,1.0
snapshot_sym8_date49_am.csv,label_20,past,1143,1979,0.5776
snapshot_sym8_date49_am.csv,label_40,future,1959,1959,1.0
snapshot_sym8_date49_am.csv,label_40,past,905,1959,0.462
snapshot_sym8_date49_am.csv,label_60,future,1939,1939,1.0
snapshot_sym8_date49_am.csv,label_60,past,749,1939,0.3863
snapshot_sym8_date49_pm.csv,label_5,future,1994,1994,1.0
snapshot_sym8_date49_pm.csv,label_5,past,1160,1994,0.5817
snapshot_sym8_date49_pm.csv,label_10,future,1989,1989,1.0
snapshot_sym8_date49_pm.csv,label_10,past,941,1989,0.4731
snapshot_sym8_date49_pm.csv,label_20,future,1979,1979,1.0
snapshot_sym8_date49_pm.csv,label_20,past,1378,1979,0.6963
snapshot_sym8_date49_pm.csv,label_40,future,1959,1959,1.0
snapshot_sym8_date49_pm.csv,label_40,past,927,1959,0.4732
snapshot_sym8_date49_pm.csv,label_60,future,1939,1939,1.0
snapshot_sym8_date49_pm.csv,label_60,past,649,1939,0.3347
snapshot_sym8_date4_am.csv,label_5,future,1994,1994,1.0
snapshot_sym8_date4_am.csv,label_5,past,1268,1994,0.6359
snapshot_sym8_date4_am.csv,label_10,future,1989,1989,1.0
snapshot_sym8_date4_am.csv,label_10,past,896,1989,0.4505
snapshot_sym8_date4_am.csv,label_20,future,1979,1979,1.0
snapshot_sym8_date4_am.csv,label_20,past,1303,1979,0.6584
snapshot_sym8_date4_am.csv,label_40,future,1959,1959,1.0
snapshot_sym8_date4_am.csv,label_40,past,1003,1959,0.512
snapshot_sym8_date4_am.csv,label_60,future,1939,1939,1.0
snapshot_sym8_date4_am.csv,label_60,past,785,1939,0.4048
snapshot_sym8_date4_pm.csv,label_5,future,1994,1994,1.0
snapshot_sym8_date4_pm.csv,label_5,past,1321,1994,0.6625
snapshot_sym8_date4_pm.csv,label_10,future,1989,1989,1.0
snapshot_sym8_date4_pm.csv,label_10,past,1067,1989,0.5365
snapshot_sym8_date4_pm.csv,label_20,future,1979,1979,1.0
snapshot_sym8_date4_pm.csv,label_20,past,1470,1979,0.7428
snapshot_sym8_date4_pm.csv,label_40,future,1959,1959,1.0
snapshot_sym8_date4_pm.csv,label_40,past,1299,1959,0.6631
snapshot_sym8_date4_pm.csv,label_60,future,1939,1939,1.0
snapshot_sym8_date4_pm.csv,label_60,past,1104,1939,0.5694
snapshot_sym8_date50_am.csv,label_5,future,1994,1994,1.0
snapshot_sym8_date50_am.csv,label_5,past,816,1994,0.4092
snapshot_sym8_date50_am.csv,label_10,future,1989,1989,1.0
snapshot_sym8_date50_am.csv,label_10,past,771,1989,0.3876
snapshot_sym8_date50_am.csv,label_20,future,1979,1979,1.0
snapshot_sym8_date50_am.csv,label_20,past,841,1979,0.425
snapshot_sym8_date50_am.csv,label_40,future,1959,1959,1.0
snapshot_sym8_date50_am.csv,label_40,past,576,1959,0.294
snapshot_sym8_date50_am.csv,label_60,future,1939,1939,1.0
snapshot_sym8_date50_am.csv,label_60,past,614,1939,0.3167
snapshot_sym8_date50_pm.csv,label_5,future,1994,1994,1.0
snapshot_sym8_date50_pm.csv,label_5,past,965,1994,0.484
snapshot_sym8_date50_pm.csv,label_10,future,1989,1989,1.0
snapshot_sym8_date50_pm.csv,label_10,past,819,1989,0.4118
snapshot_sym8_date50_pm.csv,label_20,future,1979,1979,1.0
snapshot_sym8_date50_pm.csv,label_20,past,1026,1979,0.5184
snapshot_sym8_date50_pm.csv,label_40,future,1959,1959,1.0
snapshot_sym8_date50_pm.csv,label_40,past,823,1959,0.4201
snapshot_sym8_date50_pm.csv,label_60,future,1939,1939,1.0
snapshot_sym8_date50_pm.csv,label_60,past,617,1939,0.3182
snapshot_sym8_date51_am.csv,label_5,future,1994,1994,1.0
snapshot_sym8_date51_am.csv,label_5,past,940,1994,0.4714
snapshot_sym8_date51_am.csv,label_10,future,1989,1989,1.0
snapshot_sym8_date51_am.csv,label_10,past,769,1989,0.3866
snapshot_sym8_date51_am.csv,label_20,future,1979,1979,1.0
snapshot_sym8_date51_am.csv,label_20,past,1076,1979,0.5437
snapshot_sym8_date51_am.csv,label_40,future,1959,1959,1.0
snapshot_sym8_date51_am.csv,label_40,past,742,1959,0.3788
snapshot_sym8_date51_am.csv,label_60,future,1939,1939,1.0
snapshot_sym8_date51_am.csv,label_60,past,593,1939,0.3058
snapshot_sym8_date51_pm.csv,label_5,future,1994,1994,1.0
snapshot_sym8_date51_pm.csv,label_5,past,1090,1994,0.5466
snapshot_sym8_date51_pm.csv,label_10,future,1989,1989,1.0
snapshot_sym8_date51_pm.csv,label_10,past,846,1989,0.4253
snapshot_sym8_date51_pm.csv,label_20,future,1979,1979,1.0
snapshot_sym8_date51_pm.csv,label_20,past,1351,1979,0.6827
snapshot_sym8_date51_pm.csv,label_40,future,1959,1959,1.0
snapshot_sym8_date51_pm.csv,label_40,past,990,1959,0.5054
snapshot_sym8_date51_pm.csv,label_60,future,1939,1939,1.0
snapshot_sym8_date51_pm.csv,label_60,past,804,1939,0.4146
snapshot_sym8_date52_am.csv,label_5,future,1994,1994,1.0
snapshot_sym8_date52_am.csv,label_5,past,802,1994,0.4022
snapshot_sym8_date52_am.csv,label_10,future,1989,1989,1.0
snapshot_sym8_date52_am.csv,label_10,past,770,1989,0.3871
snapshot_sym8_date52_am.csv,label_20,future,1979,1979,1.0
snapshot_sym8_date52_am.csv,label_20,past,738,1979,0.3729
snapshot_sym8_date52_am.csv,label_40,future,1959,1959,1.0
snapshot_sym8_date52_am.csv,label_40,past,532,1959,0.2716
snapshot_sym8_date52_am.csv,label_60,future,1939,1939,1.0
snapshot_sym8_date52_am.csv,label_60,past,533,1939,0.2749
snapshot_sym8_date52_pm.csv,label_5,future,1994,1994,1.0
snapshot_sym8_date52_pm.csv,label_5,past,1031,1994,0.5171
snapshot_sym8_date52_pm.csv,label_10,future,1989,1989,1.0
snapshot_sym8_date52_pm.csv,label_10,past,773,1989,0.3886
snapshot_sym8_date52_pm.csv,label_20,future,1979,1979,1.0
snapshot_sym8_date52_pm.csv,label_20,past,1437,1979,0.7261
snapshot_sym8_date52_pm.csv,label_40,future,1959,1959,1.0
snapshot_sym8_date52_pm.csv,label_40,past,1086,1959,0.5544
snapshot_sym8_date52_pm.csv,label_60,future,1939,1939,1.0
snapshot_sym8_date52_pm.csv,label_60,past,864,1939,0.4456
snapshot_sym8_date53_am.csv,label_5,future,1994,1994,1.0
snapshot_sym8_date53_am.csv,label_5,past,874,1994,0.4383
snapshot_sym8_date53_am.csv,label_10,future,1989,1989,1.0
snapshot_sym8_date53_am.csv,label_10,past,782,1989,0.3932
snapshot_sym8_date53_am.csv,label_20,future,1979,1979,1.0
snapshot_sym8_date53_am.csv,label_20,past,1149,1979,0.5806
snapshot_sym8_date53_am.csv,label_40,future,1959,1959,1.0
snapshot_sym8_date53_am.csv,label_40,past,704,1959,0.3594
snapshot_sym8_date53_am.csv,label_60,future,1939,1939,1.0
snapshot_sym8_date53_am.csv,label_60,past,661,1939,0.3409
snapshot_sym8_date53_pm.csv,label_5,future,1994,1994,1.0
snapshot_sym8_date53_pm.csv,label_5,past,1006,1994,0.5045
snapshot_sym8_date53_pm.csv,label_10,future,1989,1989,1.0
snapshot_sym8_date53_pm.csv,label_10,past,827,1989,0.4158
snapshot_sym8_date53_pm.csv,label_20,future,1979,1979,1.0
snapshot_sym8_date53_pm.csv,label_20,past,1177,1979,0.5947
snapshot_sym8_date53_pm.csv,label_40,future,1959,1959,1.0
snapshot_sym8_date53_pm.csv,label_40,past,864,1959,0.441
snapshot_sym8_date53_pm.csv,label_60,future,1939,1939,1.0
snapshot_sym8_date53_pm.csv,label_60,past,718,1939,0.3703
snapshot_sym8_date54_am.csv,label_5,future,1994,1994,1.0
snapshot_sym8_date54_am.csv,label_5,past,719,1994,0.3606
snapshot_sym8_date54_am.csv,label_10,future,1989,1989,1.0
snapshot_sym8_date54_am.csv,label_10,past,739,1989,0.3715
snapshot_sym8_date54_am.csv,label_20,future,1979,1979,1.0
snapshot_sym8_date54_am.csv,label_20,past,807,1979,0.4078
snapshot_sym8_date54_am.csv,label_40,future,1959,1959,1.0
snapshot_sym8_date54_am.csv,label_40,past,583,1959,0.2976
snapshot_sym8_date54_am.csv,label_60,future,1939,1939,1.0
snapshot_sym8_date54_am.csv,label_60,past,486,1939,0.2506
snapshot_sym8_date54_pm.csv,label_5,future,1994,1994,1.0
snapshot_sym8_date54_pm.csv,label_5,past,927,1994,0.4649
snapshot_sym8_date54_pm.csv,label_10,future,1989,1989,1.0
snapshot_sym8_date54_pm.csv,label_10,past,763,1989,0.3836
snapshot_sym8_date54_pm.csv,label_20,future,1979,1979,1.0
snapshot_sym8_date54_pm.csv,label_20,past,1048,1979,0.5296
snapshot_sym8_date54_pm.csv,label_40,future,1959,1959,1.0
snapshot_sym8_date54_pm.csv,label_40,past,724,1959,0.3696
snapshot_sym8_date54_pm.csv,label_60,future,1939,1939,1.0
snapshot_sym8_date54_pm.csv,label_60,past,769,1939,0.3966
snapshot_sym8_date55_am.csv,label_5,future,1994,1994,1.0
snapshot_sym8_date55_am.csv,label_5,past,764,1994,0.3831
snapshot_sym8_date55_am.csv,label_10,future,1989,1989,1.0
snapshot_sym8_date55_am.csv,label_10,past,768,1989,0.3861
snapshot_sym8_date55_am.csv,label_20,future,1979,1979,1.0
snapshot_sym8_date55_am.csv,label_20,past,822,1979,0.4154
snapshot_sym8_date55_am.csv,label_40,future,1959,1959,1.0
snapshot_sym8_date55_am.csv,label_40,past,598,1959,0.3053
snapshot_sym8_date55_am.csv,label_60,future,1939,1939,1.0
snapshot_sym8_date55_am.csv,label_60,past,514,1939,0.2651
snapshot_sym8_date55_pm.csv,label_5,future,1994,1994,1.0
snapshot_sym8_date55_pm.csv,label_5,past,795,1994,0.3987
snapshot_sym8_date55_pm.csv,label_10,future,1989,1989,1.0
snapshot_sym8_date55_pm.csv,label_10,past,714,1989,0.359
snapshot_sym8_date55_pm.csv,label_20,future,1979,1979,1.0
snapshot_sym8_date55_pm.csv,label_20,past,815,1979,0.4118
snapshot_sym8_date55_pm.csv,label_40,future,1959,1959,1.0
snapshot_sym8_date55_pm.csv,label_40,past,653,1959,0.3333
snapshot_sym8_date55_pm.csv,label_60,future,1939,1939,1.0
snapshot_sym8_date55_pm.csv,label_60,past,577,1939,0.2976
snapshot_sym8_date56_am.csv,label_5,future,1994,1994,1.0
snapshot_sym8_date56_am.csv,label_5,past,717,1994,0.3596
snapshot_sym8_date56_am.csv,label_10,future,1989,1989,1.0
snapshot_sym8_date56_am.csv,label_10,past,755,1989,0.3796
snapshot_sym8_date56_am.csv,label_20,future,1979,1979,1.0
snapshot_sym8_date56_am.csv,label_20,past,719,1979,0.3633
snapshot_sym8_date56_am.csv,label_40,future,1959,1959,1.0
snapshot_sym8_date56_am.csv,label_40,past,651,1959,0.3323
snapshot_sym8_date56_am.csv,label_60,future,1939,1939,1.0
snapshot_sym8_date56_am.csv,label_60,past,723,1939,0.3729
snapshot_sym8_date56_pm.csv,label_5,future,1994,1994,1.0
snapshot_sym8_date56_pm.csv,label_5,past,742,1994,0.3721
snapshot_sym8_date56_pm.csv,label_10,future,1989,1989,1.0
snapshot_sym8_date56_pm.csv,label_10,past,728,1989,0.366
snapshot_sym8_date56_pm.csv,label_20,future,1979,1979,1.0
snapshot_sym8_date56_pm.csv,label_20,past,724,1979,0.3658
snapshot_sym8_date56_pm.csv,label_40,future,1959,1959,1.0
snapshot_sym8_date56_pm.csv,label_40,past,679,1959,0.3466
snapshot_sym8_date56_pm.csv,label_60,future,1939,1939,1.0
snapshot_sym8_date56_pm.csv,label_60,past,617,1939,0.3182
snapshot_sym8_date57_am.csv,label_5,future,1994,1994,1.0
snapshot_sym8_date57_am.csv,label_5,past,606,1994,0.3039
snapshot_sym8_date57_am.csv,label_10,future,1989,1989,1.0
snapshot_sym8_date57_am.csv,label_10,past,685,1989,0.3444
snapshot_sym8_date57_am.csv,label_20,future,1979,1979,1.0
snapshot_sym8_date57_am.csv,label_20,past,672,1979,0.3396
snapshot_sym8_date57_am.csv,label_40,future,1959,1959,1.0
snapshot_sym8_date57_am.csv,label_40,past,538,1959,0.2746
snapshot_sym8_date57_am.csv,label_60,future,1939,1939,1.0
snapshot_sym8_date57_am.csv,label_60,past,724,1939,0.3734
snapshot_sym8_date57_pm.csv,label_5,future,1994,1994,1.0
snapshot_sym8_date57_pm.csv,label_5,past,699,1994,0.3506
snapshot_sym8_date57_pm.csv,label_10,future,1989,1989,1.0
snapshot_sym8_date57_pm.csv,label_10,past,616,1989,0.3097
snapshot_sym8_date57_pm.csv,label_20,future,1979,1979,1.0
snapshot_sym8_date57_pm.csv,label_20,past,799,1979,0.4037
snapshot_sym8_date57_pm.csv,label_40,future,1959,1959,1.0
snapshot_sym8_date57_pm.csv,label_40,past,709,1959,0.3619
snapshot_sym8_date57_pm.csv,label_60,future,1939,1939,1.0
snapshot_sym8_date57_pm.csv,label_60,past,656,1939,0.3383
snapshot_sym8_date58_am.csv,label_5,future,1994,1994,1.0
snapshot_sym8_date58_am.csv,label_5,past,665,1994,0.3335
snapshot_sym8_date58_am.csv,label_10,future,1989,1989,1.0
snapshot_sym8_date58_am.csv,label_10,past,701,1989,0.3524
snapshot_sym8_date58_am.csv,label_20,future,1979,1979,1.0
snapshot_sym8_date58_am.csv,label_20,past,747,1979,0.3775
snapshot_sym8_date58_am.csv,label_40,future,1959,1959,1.0
snapshot_sym8_date58_am.csv,label_40,past,846,1959,0.4319
snapshot_sym8_date58_am.csv,label_60,future,1939,1939,1.0
snapshot_sym8_date58_am.csv,label_60,past,776,1939,0.4002
snapshot_sym8_date58_pm.csv,label_5,future,1994,1994,1.0
snapshot_sym8_date58_pm.csv,label_5,past,613,1994,0.3074
snapshot_sym8_date58_pm.csv,label_10,future,1989,1989,1.0
snapshot_sym8_date58_pm.csv,label_10,past,590,1989,0.2966
snapshot_sym8_date58_pm.csv,label_20,future,1979,1979,1.0
snapshot_sym8_date58_pm.csv,label_20,past,835,1979,0.4219
snapshot_sym8_date58_pm.csv,label_40,future,1959,1959,1.0
snapshot_sym8_date58_pm.csv,label_40,past,691,1959,0.3527
snapshot_sym8_date58_pm.csv,label_60,future,1939,1939,1.0
snapshot_sym8_date58_pm.csv,label_60,past,598,1939,0.3084
snapshot_sym8_date59_am.csv,label_5,future,1994,1994,1.0
snapshot_sym8_date59_am.csv,label_5,past,558,1994,0.2798
snapshot_sym8_date59_am.csv,label_10,future,1989,1989,1.0
snapshot_sym8_date59_am.csv,label_10,past,582,1989,0.2926
snapshot_sym8_date59_am.csv,label_20,future,1979,1979,1.0
snapshot_sym8_date59_am.csv,label_20,past,723,1979,0.3653
snapshot_sym8_date59_am.csv,label_40,future,1959,1959,1.0
snapshot_sym8_date59_am.csv,label_40,past,644,1959,0.3287
snapshot_sym8_date59_am.csv,label_60,future,1939,1939,1.0
snapshot_sym8_date59_am.csv,label_60,past,669,1939,0.345
snapshot_sym8_date59_pm.csv,label_5,future,1994,1994,1.0
snapshot_sym8_date59_pm.csv,label_5,past,544,1994,0.2728
snapshot_sym8_date59_pm.csv,label_10,future,1989,1989,1.0
snapshot_sym8_date59_pm.csv,label_10,past,467,1989,0.2348
snapshot_sym8_date59_pm.csv,label_20,future,1979,1979,1.0
snapshot_sym8_date59_pm.csv,label_20,past,635,1979,0.3209
snapshot_sym8_date59_pm.csv,label_40,future,1959,1959,1.0
snapshot_sym8_date59_pm.csv,label_40,past,492,1959,0.2511
snapshot_sym8_date59_pm.csv,label_60,future,1939,1939,1.0
snapshot_sym8_date59_pm.csv,label_60,past,556,1939,0.2867
snapshot_sym8_date5_am.csv,label_5,future,1994,1994,1.0
snapshot_sym8_date5_am.csv,label_5,past,1095,1994,0.5491
snapshot_sym8_date5_am.csv,label_10,future,1989,1989,1.0
snapshot_sym8_date5_am.csv,label_10,past,872,1989,0.4384
snapshot_sym8_date5_am.csv,label_20,future,1979,1979,1.0
snapshot_sym8_date5_am.csv,label_20,past,1227,1979,0.62
snapshot_sym8_date5_am.csv,label_40,future,1959,1959,1.0
snapshot_sym8_date5_am.csv,label_40,past,789,1959,0.4028
snapshot_sym8_date5_am.csv,label_60,future,1939,1939,1.0
snapshot_sym8_date5_am.csv,label_60,past,684,1939,0.3528
snapshot_sym8_date5_pm.csv,label_5,future,1994,1994,1.0
snapshot_sym8_date5_pm.csv,label_5,past,1307,1994,0.6555
snapshot_sym8_date5_pm.csv,label_10,future,1989,1989,1.0
snapshot_sym8_date5_pm.csv,label_10,past,961,1989,0.4832
snapshot_sym8_date5_pm.csv,label_20,future,1979,1979,1.0
snapshot_sym8_date5_pm.csv,label_20,past,1433,1979,0.7241
snapshot_sym8_date5_pm.csv,label_40,future,1959,1959,1.0
snapshot_sym8_date5_pm.csv,label_40,past,1322,1959,0.6748
snapshot_sym8_date5_pm.csv,label_60,future,1939,1939,1.0
snapshot_sym8_date5_pm.csv,label_60,past,1120,1939,0.5776
snapshot_sym8_date60_am.csv,label_5,future,1994,1994,1.0
snapshot_sym8_date60_am.csv,label_5,past,794,1994,0.3982
snapshot_sym8_date60_am.csv,label_10,future,1989,1989,1.0
snapshot_sym8_date60_am.csv,label_10,past,651,1989,0.3273
snapshot_sym8_date60_am.csv,label_20,future,1979,1979,1.0
snapshot_sym8_date60_am.csv,label_20,past,744,1979,0.3759
snapshot_sym8_date60_am.csv,label_40,future,1959,1959,1.0
snapshot_sym8_date60_am.csv,label_40,past,680,1959,0.3471
snapshot_sym8_date60_am.csv,label_60,future,1939,1939,1.0
snapshot_sym8_date60_am.csv,label_60,past,635,1939,0.3275
snapshot_sym8_date60_pm.csv,label_5,future,1994,1994,1.0
snapshot_sym8_date60_pm.csv,label_5,past,983,1994,0.493
snapshot_sym8_date60_pm.csv,label_10,future,1989,1989,1.0
snapshot_sym8_date60_pm.csv,label_10,past,764,1989,0.3841
snapshot_sym8_date60_pm.csv,label_20,future,1979,1979,1.0
snapshot_sym8_date60_pm.csv,label_20,past,915,1979,0.4624
snapshot_sym8_date60_pm.csv,label_40,future,1959,1959,1.0
snapshot_sym8_date60_pm.csv,label_40,past,707,1959,0.3609
snapshot_sym8_date60_pm.csv,label_60,future,1939,1939,1.0
snapshot_sym8_date60_pm.csv,label_60,past,641,1939,0.3306
snapshot_sym8_date61_am.csv,label_5,future,1994,1994,1.0
snapshot_sym8_date61_am.csv,label_5,past,719,1994,0.3606
snapshot_sym8_date61_am.csv,label_10,future,1989,1989,1.0
snapshot_sym8_date61_am.csv,label_10,past,662,1989,0.3328
snapshot_sym8_date61_am.csv,label_20,future,1979,1979,1.0
snapshot_sym8_date61_am.csv,label_20,past,729,1979,0.3684
snapshot_sym8_date61_am.csv,label_40,future,1959,1959,1.0
snapshot_sym8_date61_am.csv,label_40,past,559,1959,0.2853
snapshot_sym8_date61_am.csv,label_60,future,1939,1939,1.0
snapshot_sym8_date61_am.csv,label_60,past,554,1939,0.2857
snapshot_sym8_date61_pm.csv,label_5,future,1994,1994,1.0
snapshot_sym8_date61_pm.csv,label_5,past,934,1994,0.4684
snapshot_sym8_date61_pm.csv,label_10,future,1989,1989,1.0
snapshot_sym8_date61_pm.csv,label_10,past,686,1989,0.3449
snapshot_sym8_date61_pm.csv,label_20,future,1979,1979,1.0
snapshot_sym8_date61_pm.csv,label_20,past,955,1979,0.4826
snapshot_sym8_date61_pm.csv,label_40,future,1959,1959,1.0
snapshot_sym8_date61_pm.csv,label_40,past,643,1959,0.3282
snapshot_sym8_date61_pm.csv,label_60,future,1939,1939,1.0
snapshot_sym8_date61_pm.csv,label_60,past,525,1939,0.2708
snapshot_sym8_date62_am.csv,label_5,future,1994,1994,1.0
snapshot_sym8_date62_am.csv,label_5,past,1192,1994,0.5978
snapshot_sym8_date62_am.csv,label_10,future,1989,1989,1.0
snapshot_sym8_date62_am.csv,label_10,past,919,1989,0.462
snapshot_sym8_date62_am.csv,label_20,future,1979,1979,1.0
snapshot_sym8_date62_am.csv,label_20,past,1505,1979,0.7605
snapshot_sym8_date62_am.csv,label_40,future,1959,1959,1.0
snapshot_sym8_date62_am.csv,label_40,past,1180,1959,0.6023
snapshot_sym8_date62_am.csv,label_60,future,1939,1939,1.0
snapshot_sym8_date62_am.csv,label_60,past,963,1939,0.4966
snapshot_sym8_date62_pm.csv,label_5,future,1994,1994,1.0
snapshot_sym8_date62_pm.csv,label_5,past,750,1994,0.3761
snapshot_sym8_date62_pm.csv,label_10,future,1989,1989,1.0
snapshot_sym8_date62_pm.csv,label_10,past,689,1989,0.3464
snapshot_sym8_date62_pm.csv,label_20,future,1979,1979,1.0
snapshot_sym8_date62_pm.csv,label_20,past,847,1979,0.428
snapshot_sym8_date62_pm.csv,label_40,future,1959,1959,1.0
snapshot_sym8_date62_pm.csv,label_40,past,529,1959,0.27
snapshot_sym8_date62_pm.csv,label_60,future,1939,1939,1.0
snapshot_sym8_date62_pm.csv,label_60,past,463,1939,0.2388
snapshot_sym8_date63_am.csv,label_5,future,1994,1994,1.0
snapshot_sym8_date63_am.csv,label_5,past,931,1994,0.4669
snapshot_sym8_date63_am.csv,label_10,future,1989,1989,1.0
snapshot_sym8_date63_am.csv,label_10,past,778,1989,0.3912
snapshot_sym8_date63_am.csv,label_20,future,1979,1979,1.0
snapshot_sym8_date63_am.csv,label_20,past,943,1979,0.4765
snapshot_sym8_date63_am.csv,label_40,future,1959,1959,1.0
snapshot_sym8_date63_am.csv,label_40,past,746,1959,0.3808
snapshot_sym8_date63_am.csv,label_60,future,1939,1939,1.0
snapshot_sym8_date63_am.csv,label_60,past,596,1939,0.3074
snapshot_sym8_date63_pm.csv,label_5,future,1994,1994,1.0
snapshot_sym8_date63_pm.csv,label_5,past,711,1994,0.3566
snapshot_sym8_date63_pm.csv,label_10,future,1989,1989,1.0
snapshot_sym8_date63_pm.csv,label_10,past,633,1989,0.3183
snapshot_sym8_date63_pm.csv,label_20,future,1979,1979,1.0
snapshot_sym8_date63_pm.csv,label_20,past,834,1979,0.4214
snapshot_sym8_date63_pm.csv,label_40,future,1959,1959,1.0
snapshot_sym8_date63_pm.csv,label_40,past,758,1959,0.3869
snapshot_sym8_date63_pm.csv,label_60,future,1939,1939,1.0
snapshot_sym8_date63_pm.csv,label_60,past,640,1939,0.3301
snapshot_sym8_date64_am.csv,label_5,future,1994,1994,1.0
snapshot_sym8_date64_am.csv,label_5,past,777,1994,0.3897
snapshot_sym8_date64_am.csv,label_10,future,1989,1989,1.0
snapshot_sym8_date64_am.csv,label_10,past,735,1989,0.3695
snapshot_sym8_date64_am.csv,label_20,future,1979,1979,1.0
snapshot_sym8_date64_am.csv,label_20,past,913,1979,0.4613
snapshot_sym8_date64_am.csv,label_40,future,1959,1959,1.0
snapshot_sym8_date64_am.csv,label_40,past,718,1959,0.3665
snapshot_sym8_date64_am.csv,label_60,future,1939,1939,1.0
snapshot_sym8_date64_am.csv,label_60,past,691,1939,0.3564
snapshot_sym8_date64_pm.csv,label_5,future,1994,1994,1.0
snapshot_sym8_date64_pm.csv,label_5,past,764,1994,0.3831
snapshot_sym8_date64_pm.csv,label_10,future,1989,1989,1.0
snapshot_sym8_date64_pm.csv,label_10,past,750,1989,0.3771
snapshot_sym8_date64_pm.csv,label_20,future,1979,1979,1.0
snapshot_sym8_date64_pm.csv,label_20,past,749,1979,0.3785
snapshot_sym8_date64_pm.csv,label_40,future,1959,1959,1.0
snapshot_sym8_date64_pm.csv,label_40,past,613,1959,0.3129
snapshot_sym8_date64_pm.csv,label_60,future,1939,1939,1.0
snapshot_sym8_date64_pm.csv,label_60,past,548,1939,0.2826
snapshot_sym8_date65_am.csv,label_5,future,1994,1994,1.0
snapshot_sym8_date65_am.csv,label_5,past,716,1994,0.3591
snapshot_sym8_date65_am.csv,label_10,future,1989,1989,1.0
snapshot_sym8_date65_am.csv,label_10,past,639,1989,0.3213
snapshot_sym8_date65_am.csv,label_20,future,1979,1979,1.0
snapshot_sym8_date65_am.csv,label_20,past,760,1979,0.384
snapshot_sym8_date65_am.csv,label_40,future,1959,1959,1.0
snapshot_sym8_date65_am.csv,label_40,past,646,1959,0.3298
snapshot_sym8_date65_am.csv,label_60,future,1939,1939,1.0
snapshot_sym8_date65_am.csv,label_60,past,619,1939,0.3192
snapshot_sym8_date65_pm.csv,label_5,future,1994,1994,1.0
snapshot_sym8_date65_pm.csv,label_5,past,828,1994,0.4152
snapshot_sym8_date65_pm.csv,label_10,future,1989,1989,1.0
snapshot_sym8_date65_pm.csv,label_10,past,745,1989,0.3746
snapshot_sym8_date65_pm.csv,label_20,future,1979,1979,1.0
snapshot_sym8_date65_pm.csv,label_20,past,1005,1979,0.5078
snapshot_sym8_date65_pm.csv,label_40,future,1959,1959,1.0
snapshot_sym8_date65_pm.csv,label_40,past,804,1959,0.4104
snapshot_sym8_date65_pm.csv,label_60,future,1939,1939,1.0
snapshot_sym8_date65_pm.csv,label_60,past,662,1939,0.3414
snapshot_sym8_date66_am.csv,label_5,future,1994,1994,1.0
snapshot_sym8_date66_am.csv,label_5,past,795,1994,0.3987
snapshot_sym8_date66_am.csv,label_10,future,1989,1989,1.0
snapshot_sym8_date66_am.csv,label_10,past,765,1989,0.3846
snapshot_sym8_date66_am.csv,label_20,future,1979,1979,1.0
snapshot_sym8_date66_am.csv,label_20,past,746,1979,0.377
snapshot_sym8_date66_am.csv,label_40,future,1959,1959,1.0
snapshot_sym8_date66_am.csv,label_40,past,740,1959,0.3777
snapshot_sym8_date66_am.csv,label_60,future,1939,1939,1.0
snapshot_sym8_date66_am.csv,label_60,past,800,1939,0.4126
snapshot_sym8_date66_pm.csv,label_5,future,1994,1994,1.0
snapshot_sym8_date66_pm.csv,label_5,past,848,1994,0.4253
snapshot_sym8_date66_pm.csv,label_10,future,1989,1989,1.0
snapshot_sym8_date66_pm.csv,label_10,past,758,1989,0.3811
snapshot_sym8_date66_pm.csv,label_20,future,1979,1979,1.0
snapshot_sym8_date66_pm.csv,label_20,past,881,1979,0.4452
snapshot_sym8_date66_pm.csv,label_40,future,1959,1959,1.0
snapshot_sym8_date66_pm.csv,label_40,past,592,1959,0.3022
snapshot_sym8_date66_pm.csv,label_60,future,1939,1939,1.0
snapshot_sym8_date66_pm.csv,label_60,past,650,1939,0.3352
snapshot_sym8_date67_am.csv,label_5,future,1994,1994,1.0
snapshot_sym8_date67_am.csv,label_5,past,929,1994,0.4659
snapshot_sym8_date67_am.csv,label_10,future,1989,1989,1.0
snapshot_sym8_date67_am.csv,label_10,past,819,1989,0.4118
snapshot_sym8_date67_am.csv,label_20,future,1979,1979,1.0
snapshot_sym8_date67_am.csv,label_20,past,984,1979,0.4972
snapshot_sym8_date67_am.csv,label_40,future,1959,1959,1.0
snapshot_sym8_date67_am.csv,label_40,past,769,1959,0.3925
snapshot_sym8_date67_am.csv,label_60,future,1939,1939,1.0
snapshot_sym8_date67_am.csv,label_60,past,568,1939,0.2929
snapshot_sym8_date67_pm.csv,label_5,future,1994,1994,1.0
snapshot_sym8_date67_pm.csv,label_5,past,1049,1994,0.5261
snapshot_sym8_date67_pm.csv,label_10,future,1989,1989,1.0
snapshot_sym8_date67_pm.csv,label_10,past,913,1989,0.459
snapshot_sym8_date67_pm.csv,label_20,future,1979,1979,1.0
snapshot_sym8_date67_pm.csv,label_20,past,868,1979,0.4386
snapshot_sym8_date67_pm.csv,label_40,future,1959,1959,1.0
snapshot_sym8_date67_pm.csv,label_40,past,629,1959,0.3211
snapshot_sym8_date67_pm.csv,label_60,future,1939,1939,1.0
snapshot_sym8_date67_pm.csv,label_60,past,604,1939,0.3115
snapshot_sym8_date68_am.csv,label_5,future,1994,1994,1.0
snapshot_sym8_date68_am.csv,label_5,past,629,1994,0.3154
snapshot_sym8_date68_am.csv,label_10,future,1989,1989,1.0
snapshot_sym8_date68_am.csv,label_10,past,550,1989,0.2765
snapshot_sym8_date68_am.csv,label_20,future,1979,1979,1.0
snapshot_sym8_date68_am.csv,label_20,past,640,1979,0.3234
snapshot_sym8_date68_am.csv,label_40,future,1959,1959,1.0
snapshot_sym8_date68_am.csv,label_40,past,639,1959,0.3262
snapshot_sym8_date68_am.csv,label_60,future,1939,1939,1.0
snapshot_sym8_date68_am.csv,label_60,past,673,1939,0.3471
snapshot_sym8_date68_pm.csv,label_5,future,1994,1994,1.0
snapshot_sym8_date68_pm.csv,label_5,past,695,1994,0.3485
snapshot_sym8_date68_pm.csv,label_10,future,1989,1989,1.0
snapshot_sym8_date68_pm.csv,label_10,past,539,1989,0.271
snapshot_sym8_date68_pm.csv,label_20,future,1979,1979,1.0
snapshot_sym8_date68_pm.csv,label_20,past,569,1979,0.2875
snapshot_sym8_date68_pm.csv,label_40,future,1959,1959,1.0
snapshot_sym8_date68_pm.csv,label_40,past,634,1959,0.3236
snapshot_sym8_date68_pm.csv,label_60,future,1939,1939,1.0
snapshot_sym8_date68_pm.csv,label_60,past,540,1939,0.2785
snapshot_sym8_date69_am.csv,label_5,future,1994,1994,1.0
snapshot_sym8_date69_am.csv,label_5,past,893,1994,0.4478
snapshot_sym8_date69_am.csv,label_10,future,1989,1989,1.0
snapshot_sym8_date69_am.csv,label_10,past,717,1989,0.3605
snapshot_sym8_date69_am.csv,label_20,future,1979,1979,1.0
snapshot_sym8_date69_am.csv,label_20,past,1000,1979,0.5053
snapshot_sym8_date69_am.csv,label_40,future,1959,1959,1.0
snapshot_sym8_date69_am.csv,label_40,past,787,1959,0.4017
snapshot_sym8_date69_am.csv,label_60,future,1939,1939,1.0
snapshot_sym8_date69_am.csv,label_60,past,680,1939,0.3507
snapshot_sym8_date69_pm.csv,label_5,future,1994,1994,1.0
snapshot_sym8_date69_pm.csv,label_5,past,837,1994,0.4198
snapshot_sym8_date69_pm.csv,label_10,future,1989,1989,1.0
snapshot_sym8_date69_pm.csv,label_10,past,695,1989,0.3494
snapshot_sym8_date69_pm.csv,label_20,future,1979,1979,1.0
snapshot_sym8_date69_pm.csv,label_20,past,806,1979,0.4073
snapshot_sym8_date69_pm.csv,label_40,future,1959,1959,1.0
snapshot_sym8_date69_pm.csv,label_40,past,642,1959,0.3277
snapshot_sym8_date69_pm.csv,label_60,future,1939,1939,1.0
snapshot_sym8_date69_pm.csv,label_60,past,547,1939,0.2821
snapshot_sym8_date6_am.csv,label_5,future,1994,1994,1.0
snapshot_sym8_date6_am.csv,label_5,past,1219,1994,0.6113
snapshot_sym8_date6_am.csv,label_10,future,1989,1989,1.0
snapshot_sym8_date6_am.csv,label_10,past,957,1989,0.4811
snapshot_sym8_date6_am.csv,label_20,future,1979,1979,1.0
snapshot_sym8_date6_am.csv,label_20,past,1428,1979,0.7216
snapshot_sym8_date6_am.csv,label_40,future,1959,1959,1.0
snapshot_sym8_date6_am.csv,label_40,past,1027,1959,0.5242
snapshot_sym8_date6_am.csv,label_60,future,1939,1939,1.0
snapshot_sym8_date6_am.csv,label_60,past,783,1939,0.4038
snapshot_sym8_date6_pm.csv,label_5,future,1994,1994,1.0
snapshot_sym8_date6_pm.csv,label_5,past,1453,1994,0.7287
snapshot_sym8_date6_pm.csv,label_10,future,1989,1989,1.0
snapshot_sym8_date6_pm.csv,label_10,past,1174,1989,0.5902
snapshot_sym8_date6_pm.csv,label_20,future,1979,1979,1.0
snapshot_sym8_date6_pm.csv,label_20,past,1748,1979,0.8833
snapshot_sym8_date6_pm.csv,label_40,future,1959,1959,1.0
snapshot_sym8_date6_pm.csv,label_40,past,1382,1959,0.7055
snapshot_sym8_date6_pm.csv,label_60,future,1939,1939,1.0
snapshot_sym8_date6_pm.csv,label_60,past,1258,1939,0.6488
snapshot_sym8_date70_am.csv,label_5,future,1994,1994,1.0
snapshot_sym8_date70_am.csv,label_5,past,1044,1994,0.5236
snapshot_sym8_date70_am.csv,label_10,future,1989,1989,1.0
snapshot_sym8_date70_am.csv,label_10,past,825,1989,0.4148
snapshot_sym8_date70_am.csv,label_20,future,1979,1979,1.0
snapshot_sym8_date70_am.csv,label_20,past,1078,1979,0.5447
snapshot_sym8_date70_am.csv,label_40,future,1959,1959,1.0
snapshot_sym8_date70_am.csv,label_40,past,876,1959,0.4472
snapshot_sym8_date70_am.csv,label_60,future,1939,1939,1.0
snapshot_sym8_date70_am.csv,label_60,past,703,1939,0.3626
snapshot_sym8_date70_pm.csv,label_5,future,1994,1994,1.0
snapshot_sym8_date70_pm.csv,label_5,past,1051,1994,0.5271
snapshot_sym8_date70_pm.csv,label_10,future,1989,1989,1.0
snapshot_sym8_date70_pm.csv,label_10,past,812,1989,0.4082
snapshot_sym8_date70_pm.csv,label_20,future,1979,1979,1.0
snapshot_sym8_date70_pm.csv,label_20,past,1206,1979,0.6094
snapshot_sym8_date70_pm.csv,label_40,future,1959,1959,1.0
snapshot_sym8_date70_pm.csv,label_40,past,978,1959,0.4992
snapshot_sym8_date70_pm.csv,label_60,future,1939,1939,1.0
snapshot_sym8_date70_pm.csv,label_60,past,857,1939,0.442
snapshot_sym8_date71_am.csv,label_5,future,1994,1994,1.0
snapshot_sym8_date71_am.csv,label_5,past,932,1994,0.4674
snapshot_sym8_date71_am.csv,label_10,future,1989,1989,1.0
snapshot_sym8_date71_am.csv,label_10,past,809,1989,0.4067
snapshot_sym8_date71_am.csv,label_20,future,1979,1979,1.0
snapshot_sym8_date71_am.csv,label_20,past,1022,1979,0.5164
snapshot_sym8_date71_am.csv,label_40,future,1959,1959,1.0
snapshot_sym8_date71_am.csv,label_40,past,851,1959,0.4344
snapshot_sym8_date71_am.csv,label_60,future,1939,1939,1.0
snapshot_sym8_date71_am.csv,label_60,past,797,1939,0.411
snapshot_sym8_date71_pm.csv,label_5,future,1994,1994,1.0
snapshot_sym8_date71_pm.csv,label_5,past,1044,1994,0.5236
snapshot_sym8_date71_pm.csv,label_10,future,1989,1989,1.0
snapshot_sym8_date71_pm.csv,label_10,past,843,1989,0.4238
snapshot_sym8_date71_pm.csv,label_20,future,1979,1979,1.0
snapshot_sym8_date71_pm.csv,label_20,past,1261,1979,0.6372
snapshot_sym8_date71_pm.csv,label_40,future,1959,1959,1.0
snapshot_sym8_date71_pm.csv,label_40,past,928,1959,0.4737
snapshot_sym8_date71_pm.csv,label_60,future,1939,1939,1.0
snapshot_sym8_date71_pm.csv,label_60,past,773,1939,0.3987
snapshot_sym8_date72_am.csv,label_5,future,1994,1994,1.0
snapshot_sym8_date72_am.csv,label_5,past,863,1994,0.4328
snapshot_sym8_date72_am.csv,label_10,future,1989,1989,1.0
snapshot_sym8_date72_am.csv,label_10,past,709,1989,0.3565
snapshot_sym8_date72_am.csv,label_20,future,1979,1979,1.0
snapshot_sym8_date72_am.csv,label_20,past,850,1979,0.4295
snapshot_sym8_date72_am.csv,label_40,future,1959,1959,1.0
snapshot_sym8_date72_am.csv,label_40,past,733,1959,0.3742
snapshot_sym8_date72_am.csv,label_60,future,1939,1939,1.0
snapshot_sym8_date72_am.csv,label_60,past,643,1939,0.3316
snapshot_sym8_date72_pm.csv,label_5,future,1994,1994,1.0
snapshot_sym8_date72_pm.csv,label_5,past,1001,1994,0.502
snapshot_sym8_date72_pm.csv,label_10,future,1989,1989,1.0
snapshot_sym8_date72_pm.csv,label_10,past,836,1989,0.4203
snapshot_sym8_date72_pm.csv,label_20,future,1979,1979,1.0
snapshot_sym8_date72_pm.csv,label_20,past,1125,1979,0.5685
snapshot_sym8_date72_pm.csv,label_40,future,1959,1959,1.0
snapshot_sym8_date72_pm.csv,label_40,past,915,1959,0.4671
snapshot_sym8_date72_pm.csv,label_60,future,1939,1939,1.0
snapshot_sym8_date72_pm.csv,label_60,past,845,1939,0.4358
snapshot_sym8_date73_am.csv,label_5,future,1994,1994,1.0
snapshot_sym8_date73_am.csv,label_5,past,992,1994,0.4975
snapshot_sym8_date73_am.csv,label_10,future,1989,1989,1.0
snapshot_sym8_date73_am.csv,label_10,past,743,1989,0.3736
snapshot_sym8_date73_am.csv,label_20,future,1979,1979,1.0
snapshot_sym8_date73_am.csv,label_20,past,910,1979,0.4598
snapshot_sym8_date73_am.csv,label_40,future,1959,1959,1.0
snapshot_sym8_date73_am.csv,label_40,past,566,1959,0.2889
snapshot_sym8_date73_am.csv,label_60,future,1939,1939,1.0
snapshot_sym8_date73_am.csv,label_60,past,487,1939,0.2512
snapshot_sym8_date73_pm.csv,label_5,future,1994,1994,1.0
snapshot_sym8_date73_pm.csv,label_5,past,1029,1994,0.516
snapshot_sym8_date73_pm.csv,label_10,future,1989,1989,1.0
snapshot_sym8_date73_pm.csv,label_10,past,793,1989,0.3987
snapshot_sym8_date73_pm.csv,label_20,future,1979,1979,1.0
snapshot_sym8_date73_pm.csv,label_20,past,1143,1979,0.5776
snapshot_sym8_date73_pm.csv,label_40,future,1959,1959,1.0
snapshot_sym8_date73_pm.csv,label_40,past,895,1959,0.4569
snapshot_sym8_date73_pm.csv,label_60,future,1939,1939,1.0
snapshot_sym8_date73_pm.csv,label_60,past,608,1939,0.3136
snapshot_sym8_date74_am.csv,label_5,future,1994,1994,1.0
snapshot_sym8_date74_am.csv,label_5,past,965,1994,0.484
snapshot_sym8_date74_am.csv,label_10,future,1989,1989,1.0
snapshot_sym8_date74_am.csv,label_10,past,833,1989,0.4188
snapshot_sym8_date74_am.csv,label_20,future,1979,1979,1.0
snapshot_sym8_date74_am.csv,label_20,past,857,1979,0.433
snapshot_sym8_date74_am.csv,label_40,future,1959,1959,1.0
snapshot_sym8_date74_am.csv,label_40,past,577,1959,0.2945
snapshot_sym8_date74_am.csv,label_60,future,1939,1939,1.0
snapshot_sym8_date74_am.csv,label_60,past,511,1939,0.2635
snapshot_sym8_date74_pm.csv,label_5,future,1994,1994,1.0
snapshot_sym8_date74_pm.csv,label_5,past,946,1994,0.4744
snapshot_sym8_date74_pm.csv,label_10,future,1989,1989,1.0
snapshot_sym8_date74_pm.csv,label_10,past,745,1989,0.3746
snapshot_sym8_date74_pm.csv,label_20,future,1979,1979,1.0
snapshot_sym8_date74_pm.csv,label_20,past,726,1979,0.3669
snapshot_sym8_date74_pm.csv,label_40,future,1959,1959,1.0
snapshot_sym8_date74_pm.csv,label_40,past,583,1959,0.2976
snapshot_sym8_date74_pm.csv,label_60,future,1939,1939,1.0
snapshot_sym8_date74_pm.csv,label_60,past,488,1939,0.2517
snapshot_sym8_date75_am.csv,label_5,future,1994,1994,1.0
snapshot_sym8_date75_am.csv,label_5,past,847,1994,0.4248
snapshot_sym8_date75_am.csv,label_10,future,1989,1989,1.0
snapshot_sym8_date75_am.csv,label_10,past,679,1989,0.3414
snapshot_sym8_date75_am.csv,label_20,future,1979,1979,1.0
snapshot_sym8_date75_am.csv,label_20,past,685,1979,0.3461
snapshot_sym8_date75_am.csv,label_40,future,1959,1959,1.0
snapshot_sym8_date75_am.csv,label_40,past,579,1959,0.2956
snapshot_sym8_date75_am.csv,label_60,future,1939,1939,1.0
snapshot_sym8_date75_am.csv,label_60,past,538,1939,0.2775
snapshot_sym8_date75_pm.csv,label_5,future,1994,1994,1.0
snapshot_sym8_date75_pm.csv,label_5,past,918,1994,0.4604
snapshot_sym8_date75_pm.csv,label_10,future,1989,1989,1.0
snapshot_sym8_date75_pm.csv,label_10,past,750,1989,0.3771
snapshot_sym8_date75_pm.csv,label_20,future,1979,1979,1.0
snapshot_sym8_date75_pm.csv,label_20,past,927,1979,0.4684
snapshot_sym8_date75_pm.csv,label_40,future,1959,1959,1.0
snapshot_sym8_date75_pm.csv,label_40,past,662,1959,0.3379
snapshot_sym8_date75_pm.csv,label_60,future,1939,1939,1.0
snapshot_sym8_date75_pm.csv,label_60,past,658,1939,0.3394
snapshot_sym8_date76_am.csv,label_5,future,1994,1994,1.0
snapshot_sym8_date76_am.csv,label_5,past,833,1994,0.4178
snapshot_sym8_date76_am.csv,label_10,future,1989,1989,1.0
snapshot_sym8_date76_am.csv,label_10,past,796,1989,0.4002
snapshot_sym8_date76_am.csv,label_20,future,1979,1979,1.0
snapshot_sym8_date76_am.csv,label_20,past,878,1979,0.4437
snapshot_sym8_date76_am.csv,label_40,future,1959,1959,1.0
snapshot_sym8_date76_am.csv,label_40,past,829,1959,0.4232
snapshot_sym8_date76_am.csv,label_60,future,1939,1939,1.0
snapshot_sym8_date76_am.csv,label_60,past,670,1939,0.3455
snapshot_sym8_date76_pm.csv,label_5,future,1994,1994,1.0
snapshot_sym8_date76_pm.csv,label_5,past,1078,1994,0.5406
snapshot_sym8_date76_pm.csv,label_10,future,1989,1989,1.0
snapshot_sym8_date76_pm.csv,label_10,past,916,1989,0.4605
snapshot_sym8_date76_pm.csv,label_20,future,1979,1979,1.0
snapshot_sym8_date76_pm.csv,label_20,past,890,1979,0.4497
snapshot_sym8_date76_pm.csv,label_40,future,1959,1959,1.0
snapshot_sym8_date76_pm.csv,label_40,past,728,1959,0.3716
snapshot_sym8_date76_pm.csv,label_60,future,1939,1939,1.0
snapshot_sym8_date76_pm.csv,label_60,past,724,1939,0.3734
snapshot_sym8_date77_am.csv,label_5,future,1994,1994,1.0
snapshot_sym8_date77_am.csv,label_5,past,661,1994,0.3315
snapshot_sym8_date77_am.csv,label_10,future,1989,1989,1.0
snapshot_sym8_date77_am.csv,label_10,past,605,1989,0.3042
snapshot_sym8_date77_am.csv,label_20,future,1979,1979,1.0
snapshot_sym8_date77_am.csv,label_20,past,536,1979,0.2708
snapshot_sym8_date77_am.csv,label_40,future,1959,1959,1.0
snapshot_sym8_date77_am.csv,label_40,past,630,1959,0.3216
snapshot_sym8_date77_am.csv,label_60,future,1939,1939,1.0
snapshot_sym8_date77_am.csv,label_60,past,597,1939,0.3079
snapshot_sym8_date77_pm.csv,label_5,future,1994,1994,1.0
snapshot_sym8_date77_pm.csv,label_5,past,913,1994,0.4579
snapshot_sym8_date77_pm.csv,label_10,future,1989,1989,1.0
snapshot_sym8_date77_pm.csv,label_10,past,660,1989,0.3318
snapshot_sym8_date77_pm.csv,label_20,future,1979,1979,1.0
snapshot_sym8_date77_pm.csv,label_20,past,962,1979,0.4861
snapshot_sym8_date77_pm.csv,label_40,future,1959,1959,1.0
snapshot_sym8_date77_pm.csv,label_40,past,888,1959,0.4533
snapshot_sym8_date77_pm.csv,label_60,future,1939,1939,1.0
snapshot_sym8_date77_pm.csv,label_60,past,792,1939,0.4085
snapshot_sym8_date78_am.csv,label_5,future,1994,1994,1.0
snapshot_sym8_date78_am.csv,label_5,past,748,1994,0.3751
snapshot_sym8_date78_am.csv,label_10,future,1989,1989,1.0
snapshot_sym8_date78_am.csv,label_10,past,721,1989,0.3625
snapshot_sym8_date78_am.csv,label_20,future,1979,1979,1.0
snapshot_sym8_date78_am.csv,label_20,past,764,1979,0.3861
snapshot_sym8_date78_am.csv,label_40,future,1959,1959,1.0
snapshot_sym8_date78_am.csv,label_40,past,764,1959,0.39
snapshot_sym8_date78_am.csv,label_60,future,1939,1939,1.0
snapshot_sym8_date78_am.csv,label_60,past,811,1939,0.4183
snapshot_sym8_date78_pm.csv,label_5,future,1994,1994,1.0
snapshot_sym8_date78_pm.csv,label_5,past,1192,1994,0.5978
snapshot_sym8_date78_pm.csv,label_10,future,1989,1989,1.0
snapshot_sym8_date78_pm.csv,label_10,past,1013,1989,0.5093
snapshot_sym8_date78_pm.csv,label_20,future,1979,1979,1.0
snapshot_sym8_date78_pm.csv,label_20,past,1241,1979,0.6271
snapshot_sym8_date78_pm.csv,label_40,future,1959,1959,1.0
snapshot_sym8_date78_pm.csv,label_40,past,953,1959,0.4865
snapshot_sym8_date78_pm.csv,label_60,future,1939,1939,1.0
snapshot_sym8_date78_pm.csv,label_60,past,868,1939,0.4477
snapshot_sym8_date7_am.csv,label_5,future,1994,1994,1.0
snapshot_sym8_date7_am.csv,label_5,past,1284,1994,0.6439
snapshot_sym8_date7_am.csv,label_10,future,1989,1989,1.0
snapshot_sym8_date7_am.csv,label_10,past,1026,1989,0.5158
snapshot_sym8_date7_am.csv,label_20,future,1979,1979,1.0
snapshot_sym8_date7_am.csv,label_20,past,1205,1979,0.6089
snapshot_sym8_date7_am.csv,label_40,future,1959,1959,1.0
snapshot_sym8_date7_am.csv,label_40,past,895,1959,0.4569
snapshot_sym8_date7_am.csv,label_60,future,1939,1939,1.0
snapshot_sym8_date7_am.csv,label_60,past,764,1939,0.394
snapshot_sym8_date7_pm.csv,label_5,future,1994,1994,1.0
snapshot_sym8_date7_pm.csv,label_5,past,1607,1994,0.8059
snapshot_sym8_date7_pm.csv,label_10,future,1989,1989,1.0
snapshot_sym8_date7_pm.csv,label_10,past,1387,1989,0.6973
snapshot_sym8_date7_pm.csv,label_20,future,1979,1979,1.0
snapshot_sym8_date7_pm.csv,label_20,past,1927,1979,0.9737
snapshot_sym8_date7_pm.csv,label_40,future,1959,1959,1.0
snapshot_sym8_date7_pm.csv,label_40,past,1782,1959,0.9096
snapshot_sym8_date7_pm.csv,label_60,future,1939,1939,1.0
snapshot_sym8_date7_pm.csv,label_60,past,1637,1939,0.8442
snapshot_sym8_date8_am.csv,label_5,future,1994,1994,1.0
snapshot_sym8_date8_am.csv,label_5,past,1174,1994,0.5888
snapshot_sym8_date8_am.csv,label_10,future,1989,1989,1.0
snapshot_sym8_date8_am.csv,label_10,past,925,1989,0.4651
snapshot_sym8_date8_am.csv,label_20,future,1979,1979,1.0
snapshot_sym8_date8_am.csv,label_20,past,1212,1979,0.6124
snapshot_sym8_date8_am.csv,label_40,future,1959,1959,1.0
snapshot_sym8_date8_am.csv,label_40,past,989,1959,0.5048
snapshot_sym8_date8_am.csv,label_60,future,1939,1939,1.0
snapshot_sym8_date8_am.csv,label_60,past,820,1939,0.4229
snapshot_sym8_date8_pm.csv,label_5,future,1994,1994,1.0
snapshot_sym8_date8_pm.csv,label_5,past,1644,1994,0.8245
snapshot_sym8_date8_pm.csv,label_10,future,1989,1989,1.0
snapshot_sym8_date8_pm.csv,label_10,past,1384,1989,0.6958
snapshot_sym8_date8_pm.csv,label_20,future,1979,1979,1.0
snapshot_sym8_date8_pm.csv,label_20,past,1584,1979,0.8004
snapshot_sym8_date8_pm.csv,label_40,future,1959,1959,1.0
snapshot_sym8_date8_pm.csv,label_40,past,1265,1959,0.6457
snapshot_sym8_date8_pm.csv,label_60,future,1939,1939,1.0
snapshot_sym8_date8_pm.csv,label_60,past,950,1939,0.4899
snapshot_sym8_date9_am.csv,label_5,future,1994,1994,1.0
snapshot_sym8_date9_am.csv,label_5,past,1451,1994,0.7277
snapshot_sym8_date9_am.csv,label_10,future,1989,1989,1.0
snapshot_sym8_date9_am.csv,label_10,past,1166,1989,0.5862
snapshot_sym8_date9_am.csv,label_20,future,1979,1979,1.0
snapshot_sym8_date9_am.csv,label_20,past,1664,1979,0.8408
snapshot_sym8_date9_am.csv,label_40,future,1959,1959,1.0
snapshot_sym8_date9_am.csv,label_40,past,1367,1959,0.6978
snapshot_sym8_date9_am.csv,label_60,future,1939,1939,1.0
snapshot_sym8_date9_am.csv,label_60,past,1165,1939,0.6008
snapshot_sym8_date9_pm.csv,label_5,future,1994,1994,1.0
snapshot_sym8_date9_pm.csv,label_5,past,1379,1994,0.6916
snapshot_sym8_date9_pm.csv,label_10,future,1989,1989,1.0
snapshot_sym8_date9_pm.csv,label_10,past,1071,1989,0.5385
snapshot_sym8_date9_pm.csv,label_20,future,1979,1979,1.0
snapshot_sym8_date9_pm.csv,label_20,past,1559,1979,0.7878
snapshot_sym8_date9_pm.csv,label_40,future,1959,1959,1.0
snapshot_sym8_date9_pm.csv,label_40,past,1248,1959,0.6371
snapshot_sym8_date9_pm.csv,label_60,future,1939,1939,1.0
snapshot_sym8_date9_pm.csv,label_60,past,988,1939,0.5095
snapshot_sym9_date0_am.csv,label_5,future,1994,1994,1.0
snapshot_sym9_date0_am.csv,label_5,past,1381,1994,0.6926
snapshot_sym9_date0_am.csv,label_10,future,1989,1989,1.0
snapshot_sym9_date0_am.csv,label_10,past,1132,1989,0.5691
snapshot_sym9_date0_am.csv,label_20,future,1979,1979,1.0
snapshot_sym9_date0_am.csv,label_20,past,1293,1979,0.6534
snapshot_sym9_date0_am.csv,label_40,future,1959,1959,1.0
snapshot_sym9_date0_am.csv,label_40,past,956,1959,0.488
snapshot_sym9_date0_am.csv,label_60,future,1939,1939,1.0
snapshot_sym9_date0_am.csv,label_60,past,891,1939,0.4595
snapshot_sym9_date0_pm.csv,label_5,future,1994,1994,1.0
snapshot_sym9_date0_pm.csv,label_5,past,1646,1994,0.8255
snapshot_sym9_date0_pm.csv,label_10,future,1989,1989,1.0
snapshot_sym9_date0_pm.csv,label_10,past,1308,1989,0.6576
snapshot_sym9_date0_pm.csv,label_20,future,1979,1979,1.0
snapshot_sym9_date0_pm.csv,label_20,past,1501,1979,0.7585
snapshot_sym9_date0_pm.csv,label_40,future,1959,1959,1.0
snapshot_sym9_date0_pm.csv,label_40,past,1093,1959,0.5579
snapshot_sym9_date0_pm.csv,label_60,future,1939,1939,1.0
snapshot_sym9_date0_pm.csv,label_60,past,712,1939,0.3672
snapshot_sym9_date10_am.csv,label_5,future,1994,1994,1.0
snapshot_sym9_date10_am.csv,label_5,past,1482,1994,0.7432
snapshot_sym9_date10_am.csv,label_10,future,1989,1989,1.0
snapshot_sym9_date10_am.csv,label_10,past,1156,1989,0.5812
snapshot_sym9_date10_am.csv,label_20,future,1979,1979,1.0
snapshot_sym9_date10_am.csv,label_20,past,1418,1979,0.7165
snapshot_sym9_date10_am.csv,label_40,future,1959,1959,1.0
snapshot_sym9_date10_am.csv,label_40,past,1102,1959,0.5625
snapshot_sym9_date10_am.csv,label_60,future,1939,1939,1.0
snapshot_sym9_date10_am.csv,label_60,past,1008,1939,0.5199
snapshot_sym9_date10_pm.csv,label_5,future,1994,1994,1.0
snapshot_sym9_date10_pm.csv,label_5,past,1775,1994,0.8902
snapshot_sym9_date10_pm.csv,label_10,future,1989,1989,1.0
snapshot_sym9_date10_pm.csv,label_10,past,1525,1989,0.7667
snapshot_sym9_date10_pm.csv,label_20,future,1979,1979,1.0
snapshot_sym9_date10_pm.csv,label_20,past,1735,1979,0.8767
snapshot_sym9_date10_pm.csv,label_40,future,1959,1959,1.0
snapshot_sym9_date10_pm.csv,label_40,past,1344,1959,0.6861
snapshot_sym9_date10_pm.csv,label_60,future,1939,1939,1.0
snapshot_sym9_date10_pm.csv,label_60,past,1113,1939,0.574
snapshot_sym9_date11_am.csv,label_5,future,1994,1994,1.0
snapshot_sym9_date11_am.csv,label_5,past,1577,1994,0.7909
snapshot_sym9_date11_am.csv,label_10,future,1989,1989,1.0
snapshot_sym9_date11_am.csv,label_10,past,1310,1989,0.6586
snapshot_sym9_date11_am.csv,label_20,future,1979,1979,1.0
snapshot_sym9_date11_am.csv,label_20,past,1481,1979,0.7484
snapshot_sym9_date11_am.csv,label_40,future,1959,1959,1.0
snapshot_sym9_date11_am.csv,label_40,past,930,1959,0.4747
snapshot_sym9_date11_am.csv,label_60,future,1939,1939,1.0
snapshot_sym9_date11_am.csv,label_60,past,645,1939,0.3326
snapshot_sym9_date11_pm.csv,label_5,future,1994,1994,1.0
snapshot_sym9_date11_pm.csv,label_5,past,1721,1994,0.8631
snapshot_sym9_date11_pm.csv,label_10,future,1989,1989,1.0
snapshot_sym9_date11_pm.csv,label_10,past,1347,1989,0.6772
snapshot_sym9_date11_pm.csv,label_20,future,1979,1979,1.0
snapshot_sym9_date11_pm.csv,label_20,past,1537,1979,0.7767
snapshot_sym9_date11_pm.csv,label_40,future,1959,1959,1.0
snapshot_sym9_date11_pm.csv,label_40,past,985,1959,0.5028
snapshot_sym9_date11_pm.csv,label_60,future,1939,1939,1.0
snapshot_sym9_date11_pm.csv,label_60,past,629,1939,0.3244
snapshot_sym9_date12_am.csv,label_5,future,1994,1994,1.0
snapshot_sym9_date12_am.csv,label_5,past,1377,1994,0.6906
snapshot_sym9_date12_am.csv,label_10,future,1989,1989,1.0
snapshot_sym9_date12_am.csv,label_10,past,1056,1989,0.5309
snapshot_sym9_date12_am.csv,label_20,future,1979,1979,1.0
snapshot_sym9_date12_am.csv,label_20,past,1165,1979,0.5887
snapshot_sym9_date12_am.csv,label_40,future,1959,1959,1.0
snapshot_sym9_date12_am.csv,label_40,past,756,1959,0.3859
snapshot_sym9_date12_am.csv,label_60,future,1939,1939,1.0
snapshot_sym9_date12_am.csv,label_60,past,523,1939,0.2697
snapshot_sym9_date12_pm.csv,label_5,future,1994,1994,1.0
snapshot_sym9_date12_pm.csv,label_5,past,1711,1994,0.8581
snapshot_sym9_date12_pm.csv,label_10,future,1989,1989,1.0
snapshot_sym9_date12_pm.csv,label_10,past,1373,1989,0.6903
snapshot_sym9_date12_pm.csv,label_20,future,1979,1979,1.0
snapshot_sym9_date12_pm.csv,label_20,past,1577,1979,0.7969
snapshot_sym9_date12_pm.csv,label_40,future,1959,1959,1.0
snapshot_sym9_date12_pm.csv,label_40,past,1123,1959,0.5733
snapshot_sym9_date12_pm.csv,label_60,future,1939,1939,1.0
snapshot_sym9_date12_pm.csv,label_60,past,811,1939,0.4183
snapshot_sym9_date13_am.csv,label_5,future,1994,1994,1.0
snapshot_sym9_date13_am.csv,label_5,past,1378,1994,0.6911
snapshot_sym9_date13_am.csv,label_10,future,1989,1989,1.0
snapshot_sym9_date13_am.csv,label_10,past,1028,1989,0.5168
snapshot_sym9_date13_am.csv,label_20,future,1979,1979,1.0
snapshot_sym9_date13_am.csv,label_20,past,1281,1979,0.6473
snapshot_sym9_date13_am.csv,label_40,future,1959,1959,1.0
snapshot_sym9_date13_am.csv,label_40,past,766,1959,0.391
snapshot_sym9_date13_am.csv,label_60,future,1939,1939,1.0
snapshot_sym9_date13_am.csv,label_60,past,716,1939,0.3693
snapshot_sym9_date13_pm.csv,label_5,future,1994,1994,1.0
snapshot_sym9_date13_pm.csv,label_5,past,1686,1994,0.8455
snapshot_sym9_date13_pm.csv,label_10,future,1989,1989,1.0
snapshot_sym9_date13_pm.csv,label_10,past,1379,1989,0.6933
snapshot_sym9_date13_pm.csv,label_20,future,1979,1979,1.0
snapshot_sym9_date13_pm.csv,label_20,past,1582,1979,0.7994
snapshot_sym9_date13_pm.csv,label_40,future,1959,1959,1.0
snapshot_sym9_date13_pm.csv,label_40,past,991,1959,0.5059
snapshot_sym9_date13_pm.csv,label_60,future,1939,1939,1.0
snapshot_sym9_date13_pm.csv,label_60,past,680,1939,0.3507
snapshot_sym9_date14_am.csv,label_5,future,1994,1994,1.0
snapshot_sym9_date14_am.csv,label_5,past,1676,1994,0.8405
snapshot_sym9_date14_am.csv,label_10,future,1989,1989,1.0
snapshot_sym9_date14_am.csv,label_10,past,1340,1989,0.6737
snapshot_sym9_date14_am.csv,label_20,future,1979,1979,1.0
snapshot_sym9_date14_am.csv,label_20,past,1543,1979,0.7797
snapshot_sym9_date14_am.csv,label_40,future,1959,1959,1.0
snapshot_sym9_date14_am.csv,label_40,past,1192,1959,0.6085
snapshot_sym9_date14_am.csv,label_60,future,1939,1939,1.0
snapshot_sym9_date14_am.csv,label_60,past,912,1939,0.4703
snapshot_sym9_date14_pm.csv,label_5,future,1994,1994,1.0
snapshot_sym9_date14_pm.csv,label_5,past,1789,1994,0.8972
snapshot_sym9_date14_pm.csv,label_10,future,1989,1989,1.0
snapshot_sym9_date14_pm.csv,label_10,past,1584,1989,0.7964
snapshot_sym9_date14_pm.csv,label_20,future,1979,1979,1.0
snapshot_sym9_date14_pm.csv,label_20,past,1738,1979,0.8782
snapshot_sym9_date14_pm.csv,label_40,future,1959,1959,1.0
snapshot_sym9_date14_pm.csv,label_40,past,1223,1959,0.6243
snapshot_sym9_date14_pm.csv,label_60,future,1939,1939,1.0
snapshot_sym9_date14_pm.csv,label_60,past,998,1939,0.5147
snapshot_sym9_date15_am.csv,label_5,future,1994,1994,1.0
snapshot_sym9_date15_am.csv,label_5,past,1678,1994,0.8415
snapshot_sym9_date15_am.csv,label_10,future,1989,1989,1.0
snapshot_sym9_date15_am.csv,label_10,past,1384,1989,0.6958
snapshot_sym9_date15_am.csv,label_20,future,1979,1979,1.0
snapshot_sym9_date15_am.csv,label_20,past,1551,1979,0.7837
snapshot_sym9_date15_am.csv,label_40,future,1959,1959,1.0
snapshot_sym9_date15_am.csv,label_40,past,1113,1959,0.5681
snapshot_sym9_date15_am.csv,label_60,future,1939,1939,1.0
snapshot_sym9_date15_am.csv,label_60,past,864,1939,0.4456
snapshot_sym9_date15_pm.csv,label_5,future,1994,1994,1.0
snapshot_sym9_date15_pm.csv,label_5,past,1780,1994,0.8927
snapshot_sym9_date15_pm.csv,label_10,future,1989,1989,1.0
snapshot_sym9_date15_pm.csv,label_10,past,1451,1989,0.7295
snapshot_sym9_date15_pm.csv,label_20,future,1979,1979,1.0
snapshot_sym9_date15_pm.csv,label_20,past,1632,1979,0.8247
snapshot_sym9_date15_pm.csv,label_40,future,1959,1959,1.0
snapshot_sym9_date15_pm.csv,label_40,past,1103,1959,0.563
snapshot_sym9_date15_pm.csv,label_60,future,1939,1939,1.0
snapshot_sym9_date15_pm.csv,label_60,past,934,1939,0.4817
snapshot_sym9_date16_am.csv,label_5,future,1994,1994,1.0
snapshot_sym9_date16_am.csv,label_5,past,1500,1994,0.7523
snapshot_sym9_date16_am.csv,label_10,future,1989,1989,1.0
snapshot_sym9_date16_am.csv,label_10,past,1134,1989,0.5701
snapshot_sym9_date16_am.csv,label_20,future,1979,1979,1.0
snapshot_sym9_date16_am.csv,label_20,past,1241,1979,0.6271
snapshot_sym9_date16_am.csv,label_40,future,1959,1959,1.0
snapshot_sym9_date16_am.csv,label_40,past,814,1959,0.4155
snapshot_sym9_date16_am.csv,label_60,future,1939,1939,1.0
snapshot_sym9_date16_am.csv,label_60,past,582,1939,0.3002
snapshot_sym9_date16_pm.csv,label_5,future,1994,1994,1.0
snapshot_sym9_date16_pm.csv,label_5,past,1779,1994,0.8922
snapshot_sym9_date16_pm.csv,label_10,future,1989,1989,1.0
snapshot_sym9_date16_pm.csv,label_10,past,1485,1989,0.7466
snapshot_sym9_date16_pm.csv,label_20,future,1979,1979,1.0
snapshot_sym9_date16_pm.csv,label_20,past,1565,1979,0.7908
snapshot_sym9_date16_pm.csv,label_40,future,1959,1959,1.0
snapshot_sym9_date16_pm.csv,label_40,past,878,1959,0.4482
snapshot_sym9_date16_pm.csv,label_60,future,1939,1939,1.0
snapshot_sym9_date16_pm.csv,label_60,past,555,1939,0.2862
snapshot_sym9_date17_am.csv,label_5,future,1994,1994,1.0
snapshot_sym9_date17_am.csv,label_5,past,1681,1994,0.843
snapshot_sym9_date17_am.csv,label_10,future,1989,1989,1.0
snapshot_sym9_date17_am.csv,label_10,past,1393,1989,0.7004
snapshot_sym9_date17_am.csv,label_20,future,1979,1979,1.0
snapshot_sym9_date17_am.csv,label_20,past,1444,1979,0.7297
snapshot_sym9_date17_am.csv,label_40,future,1959,1959,1.0
snapshot_sym9_date17_am.csv,label_40,past,1125,1959,0.5743
snapshot_sym9_date17_am.csv,label_60,future,1939,1939,1.0
snapshot_sym9_date17_am.csv,label_60,past,1006,1939,0.5188
snapshot_sym9_date17_pm.csv,label_5,future,1994,1994,1.0
snapshot_sym9_date17_pm.csv,label_5,past,1913,1994,0.9594
snapshot_sym9_date17_pm.csv,label_10,future,1989,1989,1.0
snapshot_sym9_date17_pm.csv,label_10,past,1794,1989,0.902
snapshot_sym9_date17_pm.csv,label_20,future,1979,1979,1.0
snapshot_sym9_date17_pm.csv,label_20,past,1865,1979,0.9424
snapshot_sym9_date17_pm.csv,label_40,future,1959,1959,1.0
snapshot_sym9_date17_pm.csv,label_40,past,1628,1959,0.831
snapshot_sym9_date17_pm.csv,label_60,future,1939,1939,1.0
snapshot_sym9_date17_pm.csv,label_60,past,1461,1939,0.7535
snapshot_sym9_date18_am.csv,label_5,future,1994,1994,1.0
snapshot_sym9_date18_am.csv,label_5,past,1713,1994,0.8591
snapshot_sym9_date18_am.csv,label_10,future,1989,1989,1.0
snapshot_sym9_date18_am.csv,label_10,past,1397,1989,0.7024
snapshot_sym9_date18_am.csv,label_20,future,1979,1979,1.0
snapshot_sym9_date18_am.csv,label_20,past,1523,1979,0.7696
snapshot_sym9_date18_am.csv,label_40,future,1959,1959,1.0
snapshot_sym9_date18_am.csv,label_40,past,1128,1959,0.5758
snapshot_sym9_date18_am.csv,label_60,future,1939,1939,1.0
snapshot_sym9_date18_am.csv,label_60,past,937,1939,0.4832
snapshot_sym9_date18_pm.csv,label_5,future,1994,1994,1.0
snapshot_sym9_date18_pm.csv,label_5,past,1903,1994,0.9544
snapshot_sym9_date18_pm.csv,label_10,future,1989,1989,1.0
snapshot_sym9_date18_pm.csv,label_10,past,1722,1989,0.8658
snapshot_sym9_date18_pm.csv,label_20,future,1979,1979,1.0
snapshot_sym9_date18_pm.csv,label_20,past,1737,1979,0.8777
snapshot_sym9_date18_pm.csv,label_40,future,1959,1959,1.0
snapshot_sym9_date18_pm.csv,label_40,past,1309,1959,0.6682
snapshot_sym9_date18_pm.csv,label_60,future,1939,1939,1.0
snapshot_sym9_date18_pm.csv,label_60,past,998,1939,0.5147
snapshot_sym9_date19_am.csv,label_5,future,1994,1994,1.0
snapshot_sym9_date19_am.csv,label_5,past,1523,1994,0.7638
snapshot_sym9_date19_am.csv,label_10,future,1989,1989,1.0
snapshot_sym9_date19_am.csv,label_10,past,1176,1989,0.5913
snapshot_sym9_date19_am.csv,label_20,future,1979,1979,1.0
snapshot_sym9_date19_am.csv,label_20,past,1257,1979,0.6352
snapshot_sym9_date19_am.csv,label_40,future,1959,1959,1.0
snapshot_sym9_date19_am.csv,label_40,past,733,1959,0.3742
snapshot_sym9_date19_am.csv,label_60,future,1939,1939,1.0
snapshot_sym9_date19_am.csv,label_60,past,624,1939,0.3218
snapshot_sym9_date19_pm.csv,label_5,future,1994,1994,1.0
snapshot_sym9_date19_pm.csv,label_5,past,1600,1994,0.8024
snapshot_sym9_date19_pm.csv,label_10,future,1989,1989,1.0
snapshot_sym9_date19_pm.csv,label_10,past,1282,1989,0.6445
snapshot_sym9_date19_pm.csv,label_20,future,1979,1979,1.0
snapshot_sym9_date19_pm.csv,label_20,past,1413,1979,0.714
snapshot_sym9_date19_pm.csv,label_40,future,1959,1959,1.0
snapshot_sym9_date19_pm.csv,label_40,past,938,1959,0.4788
snapshot_sym9_date19_pm.csv,label_60,future,1939,1939,1.0
snapshot_sym9_date19_pm.csv,label_60,past,698,1939,0.36
snapshot_sym9_date1_am.csv,label_5,future,1994,1994,1.0
snapshot_sym9_date1_am.csv,label_5,past,1402,1994,0.7031
snapshot_sym9_date1_am.csv,label_10,future,1989,1989,1.0
snapshot_sym9_date1_am.csv,label_10,past,1105,1989,0.5556
snapshot_sym9_date1_am.csv,label_20,future,1979,1979,1.0
snapshot_sym9_date1_am.csv,label_20,past,1343,1979,0.6786
snapshot_sym9_date1_am.csv,label_40,future,1959,1959,1.0
snapshot_sym9_date1_am.csv,label_40,past,1059,1959,0.5406
snapshot_sym9_date1_am.csv,label_60,future,1939,1939,1.0
snapshot_sym9_date1_am.csv,label_60,past,866,1939,0.4466
snapshot_sym9_date1_pm.csv,label_5,future,1994,1994,1.0
snapshot_sym9_date1_pm.csv,label_5,past,1770,1994,0.8877
snapshot_sym9_date1_pm.csv,label_10,future,1989,1989,1.0
snapshot_sym9_date1_pm.csv,label_10,past,1536,1989,0.7722
snapshot_sym9_date1_pm.csv,label_20,future,1979,1979,1.0
snapshot_sym9_date1_pm.csv,label_20,past,1750,1979,0.8843
snapshot_sym9_date1_pm.csv,label_40,future,1959,1959,1.0
snapshot_sym9_date1_pm.csv,label_40,past,1345,1959,0.6866
snapshot_sym9_date1_pm.csv,label_60,future,1939,1939,1.0
snapshot_sym9_date1_pm.csv,label_60,past,946,1939,0.4879
snapshot_sym9_date20_am.csv,label_5,future,1994,1994,1.0
snapshot_sym9_date20_am.csv,label_5,past,1662,1994,0.8335
snapshot_sym9_date20_am.csv,label_10,future,1989,1989,1.0
snapshot_sym9_date20_am.csv,label_10,past,1384,1989,0.6958
snapshot_sym9_date20_am.csv,label_20,future,1979,1979,1.0
snapshot_sym9_date20_am.csv,label_20,past,1444,1979,0.7297
snapshot_sym9_date20_am.csv,label_40,future,1959,1959,1.0
snapshot_sym9_date20_am.csv,label_40,past,891,1959,0.4548
snapshot_sym9_date20_am.csv,label_60,future,1939,1939,1.0
snapshot_sym9_date20_am.csv,label_60,past,665,1939,0.343
snapshot_sym9_date20_pm.csv,label_5,future,1994,1994,1.0
snapshot_sym9_date20_pm.csv,label_5,past,1851,1994,0.9283
snapshot_sym9_date20_pm.csv,label_10,future,1989,1989,1.0
snapshot_sym9_date20_pm.csv,label_10,past,1686,1989,0.8477
snapshot_sym9_date20_pm.csv,label_20,future,1979,1979,1.0
snapshot_sym9_date20_pm.csv,label_20,past,1814,1979,0.9166
snapshot_sym9_date20_pm.csv,label_40,future,1959,1959,1.0
snapshot_sym9_date20_pm.csv,label_40,past,1464,1959,0.7473
snapshot_sym9_date20_pm.csv,label_60,future,1939,1939,1.0
snapshot_sym9_date20_pm.csv,label_60,past,1125,1939,0.5802
snapshot_sym9_date21_am.csv,label_5,future,1994,1994,1.0
snapshot_sym9_date21_am.csv,label_5,past,1713,1994,0.8591
snapshot_sym9_date21_am.csv,label_10,future,1989,1989,1.0
snapshot_sym9_date21_am.csv,label_10,past,1467,1989,0.7376
snapshot_sym9_date21_am.csv,label_20,future,1979,1979,1.0
snapshot_sym9_date21_am.csv,label_20,past,1532,1979,0.7741
snapshot_sym9_date21_am.csv,label_40,future,1959,1959,1.0
snapshot_sym9_date21_am.csv,label_40,past,1145,1959,0.5845
snapshot_sym9_date21_am.csv,label_60,future,1939,1939,1.0
snapshot_sym9_date21_am.csv,label_60,past,947,1939,0.4884
snapshot_sym9_date21_pm.csv,label_5,future,1994,1994,1.0
snapshot_sym9_date21_pm.csv,label_5,past,1871,1994,0.9383
snapshot_sym9_date21_pm.csv,label_10,future,1989,1989,1.0
snapshot_sym9_date21_pm.csv,label_10,past,1632,1989,0.8205
snapshot_sym9_date21_pm.csv,label_20,future,1979,1979,1.0
snapshot_sym9_date21_pm.csv,label_20,past,1683,1979,0.8504
snapshot_sym9_date21_pm.csv,label_40,future,1959,1959,1.0
snapshot_sym9_date21_pm.csv,label_40,past,1330,1959,0.6789
snapshot_sym9_date21_pm.csv,label_60,future,1939,1939,1.0
snapshot_sym9_date21_pm.csv,label_60,past,984,1939,0.5075
snapshot_sym9_date22_am.csv,label_5,future,1994,1994,1.0
snapshot_sym9_date22_am.csv,label_5,past,1813,1994,0.9092
snapshot_sym9_date22_am.csv,label_10,future,1989,1989,1.0
snapshot_sym9_date22_am.csv,label_10,past,1520,1989,0.7642
snapshot_sym9_date22_am.csv,label_20,future,1979,1979,1.0
snapshot_sym9_date22_am.csv,label_20,past,1592,1979,0.8044
snapshot_sym9_date22_am.csv,label_40,future,1959,1959,1.0
snapshot_sym9_date22_am.csv,label_40,past,1102,1959,0.5625
snapshot_sym9_date22_am.csv,label_60,future,1939,1939,1.0
snapshot_sym9_date22_am.csv,label_60,past,996,1939,0.5137
snapshot_sym9_date22_pm.csv,label_5,future,1994,1994,1.0
snapshot_sym9_date22_pm.csv,label_5,past,1828,1994,0.9168
snapshot_sym9_date22_pm.csv,label_10,future,1989,1989,1.0
snapshot_sym9_date22_pm.csv,label_10,past,1606,1989,0.8074
snapshot_sym9_date22_pm.csv,label_20,future,1979,1979,1.0
snapshot_sym9_date22_pm.csv,label_20,past,1692,1979,0.855
snapshot_sym9_date22_pm.csv,label_40,future,1959,1959,1.0
snapshot_sym9_date22_pm.csv,label_40,past,1291,1959,0.659
snapshot_sym9_date22_pm.csv,label_60,future,1939,1939,1.0
snapshot_sym9_date22_pm.csv,label_60,past,1082,1939,0.558
snapshot_sym9_date23_am.csv,label_5,future,1994,1994,1.0
snapshot_sym9_date23_am.csv,label_5,past,1802,1994,0.9037
snapshot_sym9_date23_am.csv,label_10,future,1989,1989,1.0
snapshot_sym9_date23_am.csv,label_10,past,1555,1989,0.7818
snapshot_sym9_date23_am.csv,label_20,future,1979,1979,1.0
snapshot_sym9_date23_am.csv,label_20,past,1683,1979,0.8504
snapshot_sym9_date23_am.csv,label_40,future,1959,1959,1.0
snapshot_sym9_date23_am.csv,label_40,past,1231,1959,0.6284
snapshot_sym9_date23_am.csv,label_60,future,1939,1939,1.0
snapshot_sym9_date23_am.csv,label_60,past,983,1939,0.507
snapshot_sym9_date23_pm.csv,label_5,future,1994,1994,1.0
snapshot_sym9_date23_pm.csv,label_5,past,1863,1994,0.9343
snapshot_sym9_date23_pm.csv,label_10,future,1989,1989,1.0
snapshot_sym9_date23_pm.csv,label_10,past,1655,1989,0.8321
snapshot_sym9_date23_pm.csv,label_20,future,1979,1979,1.0
snapshot_sym9_date23_pm.csv,label_20,past,1714,1979,0.8661
snapshot_sym9_date23_pm.csv,label_40,future,1959,1959,1.0
snapshot_sym9_date23_pm.csv,label_40,past,1301,1959,0.6641
snapshot_sym9_date23_pm.csv,label_60,future,1939,1939,1.0
snapshot_sym9_date23_pm.csv,label_60,past,984,1939,0.5075
snapshot_sym9_date24_am.csv,label_5,future,1994,1994,1.0
snapshot_sym9_date24_am.csv,label_5,past,1853,1994,0.9293
snapshot_sym9_date24_am.csv,label_10,future,1989,1989,1.0
snapshot_sym9_date24_am.csv,label_10,past,1633,1989,0.821
snapshot_sym9_date24_am.csv,label_20,future,1979,1979,1.0
snapshot_sym9_date24_am.csv,label_20,past,1673,1979,0.8454
snapshot_sym9_date24_am.csv,label_40,future,1959,1959,1.0
snapshot_sym9_date24_am.csv,label_40,past,1278,1959,0.6524
snapshot_sym9_date24_am.csv,label_60,future,1939,1939,1.0
snapshot_sym9_date24_am.csv,label_60,past,1077,1939,0.5554
snapshot_sym9_date24_pm.csv,label_5,future,1994,1994,1.0
snapshot_sym9_date24_pm.csv,label_5,past,1946,1994,0.9759
snapshot_sym9_date24_pm.csv,label_10,future,1989,1989,1.0
snapshot_sym9_date24_pm.csv,label_10,past,1836,1989,0.9231
snapshot_sym9_date24_pm.csv,label_20,future,1979,1979,1.0
snapshot_sym9_date24_pm.csv,label_20,past,1861,1979,0.9404
snapshot_sym9_date24_pm.csv,label_40,future,1959,1959,1.0
snapshot_sym9_date24_pm.csv,label_40,past,1558,1959,0.7953
snapshot_sym9_date24_pm.csv,label_60,future,1939,1939,1.0
snapshot_sym9_date24_pm.csv,label_60,past,1304,1939,0.6725
snapshot_sym9_date25_am.csv,label_5,future,1994,1994,1.0
snapshot_sym9_date25_am.csv,label_5,past,1624,1994,0.8144
snapshot_sym9_date25_am.csv,label_10,future,1989,1989,1.0
snapshot_sym9_date25_am.csv,label_10,past,1338,1989,0.6727
snapshot_sym9_date25_am.csv,label_20,future,1979,1979,1.0
snapshot_sym9_date25_am.csv,label_20,past,1359,1979,0.6867
snapshot_sym9_date25_am.csv,label_40,future,1959,1959,1.0
snapshot_sym9_date25_am.csv,label_40,past,821,1959,0.4191
snapshot_sym9_date25_am.csv,label_60,future,1939,1939,1.0
snapshot_sym9_date25_am.csv,label_60,past,602,1939,0.3105
snapshot_sym9_date25_pm.csv,label_5,future,1994,1994,1.0
snapshot_sym9_date25_pm.csv,label_5,past,1812,1994,0.9087
snapshot_sym9_date25_pm.csv,label_10,future,1989,1989,1.0
snapshot_sym9_date25_pm.csv,label_10,past,1557,1989,0.7828
snapshot_sym9_date25_pm.csv,label_20,future,1979,1979,1.0
snapshot_sym9_date25_pm.csv,label_20,past,1606,1979,0.8115
snapshot_sym9_date25_pm.csv,label_40,future,1959,1959,1.0
snapshot_sym9_date25_pm.csv,label_40,past,1075,1959,0.5487
snapshot_sym9_date25_pm.csv,label_60,future,1939,1939,1.0
snapshot_sym9_date25_pm.csv,label_60,past,866,1939,0.4466
snapshot_sym9_date26_am.csv,label_5,future,1994,1994,1.0
snapshot_sym9_date26_am.csv,label_5,past,1799,1994,0.9022
snapshot_sym9_date26_am.csv,label_10,future,1989,1989,1.0
snapshot_sym9_date26_am.csv,label_10,past,1509,1989,0.7587
snapshot_sym9_date26_am.csv,label_20,future,1979,1979,1.0
snapshot_sym9_date26_am.csv,label_20,past,1687,1979,0.8525
snapshot_sym9_date26_am.csv,label_40,future,1959,1959,1.0
snapshot_sym9_date26_am.csv,label_40,past,1236,1959,0.6309
snapshot_sym9_date26_am.csv,label_60,future,1939,1939,1.0
snapshot_sym9_date26_am.csv,label_60,past,1054,1939,0.5436
snapshot_sym9_date26_pm.csv,label_5,future,1994,1994,1.0
snapshot_sym9_date26_pm.csv,label_5,past,1909,1994,0.9574
snapshot_sym9_date26_pm.csv,label_10,future,1989,1989,1.0
snapshot_sym9_date26_pm.csv,label_10,past,1808,1989,0.909
snapshot_sym9_date26_pm.csv,label_20,future,1979,1979,1.0
snapshot_sym9_date26_pm.csv,label_20,past,1913,1979,0.9666
snapshot_sym9_date26_pm.csv,label_40,future,1959,1959,1.0
snapshot_sym9_date26_pm.csv,label_40,past,1743,1959,0.8897
snapshot_sym9_date26_pm.csv,label_60,future,1939,1939,1.0
snapshot_sym9_date26_pm.csv,label_60,past,1465,1939,0.7555
snapshot_sym9_date27_am.csv,label_5,future,1994,1994,1.0
snapshot_sym9_date27_am.csv,label_5,past,1555,1994,0.7798
snapshot_sym9_date27_am.csv,label_10,future,1989,1989,1.0
snapshot_sym9_date27_am.csv,label_10,past,1233,1989,0.6199
snapshot_sym9_date27_am.csv,label_20,future,1979,1979,1.0
snapshot_sym9_date27_am.csv,label_20,past,1355,1979,0.6847
snapshot_sym9_date27_am.csv,label_40,future,1959,1959,1.0
snapshot_sym9_date27_am.csv,label_40,past,907,1959,0.463
snapshot_sym9_date27_am.csv,label_60,future,1939,1939,1.0
snapshot_sym9_date27_am.csv,label_60,past,801,1939,0.4131
snapshot_sym9_date27_pm.csv,label_5,future,1994,1994,1.0
snapshot_sym9_date27_pm.csv,label_5,past,1798,1994,0.9017
snapshot_sym9_date27_pm.csv,label_10,future,1989,1989,1.0
snapshot_sym9_date27_pm.csv,label_10,past,1558,1989,0.7833
snapshot_sym9_date27_pm.csv,label_20,future,1979,1979,1.0
snapshot_sym9_date27_pm.csv,label_20,past,1716,1979,0.8671
snapshot_sym9_date27_pm.csv,label_40,future,1959,1959,1.0
snapshot_sym9_date27_pm.csv,label_40,past,1272,1959,0.6493
snapshot_sym9_date27_pm.csv,label_60,future,1939,1939,1.0
snapshot_sym9_date27_pm.csv,label_60,past,869,1939,0.4482
snapshot_sym9_date28_am.csv,label_5,future,1994,1994,1.0
snapshot_sym9_date28_am.csv,label_5,past,1771,1994,0.8882
snapshot_sym9_date28_am.csv,label_10,future,1989,1989,1.0
snapshot_sym9_date28_am.csv,label_10,past,1430,1989,0.719
snapshot_sym9_date28_am.csv,label_20,future,1979,1979,1.0
snapshot_sym9_date28_am.csv,label_20,past,1541,1979,0.7787
snapshot_sym9_date28_am.csv,label_40,future,1959,1959,1.0
snapshot_sym9_date28_am.csv,label_40,past,963,1959,0.4916
snapshot_sym9_date28_am.csv,label_60,future,1939,1939,1.0
snapshot_sym9_date28_am.csv,label_60,past,638,1939,0.329
snapshot_sym9_date28_pm.csv,label_5,future,1994,1994,1.0
snapshot_sym9_date28_pm.csv,label_5,past,1870,1994,0.9378
snapshot_sym9_date28_pm.csv,label_10,future,1989,1989,1.0
snapshot_sym9_date28_pm.csv,label_10,past,1660,1989,0.8346
snapshot_sym9_date28_pm.csv,label_20,future,1979,1979,1.0
snapshot_sym9_date28_pm.csv,label_20,past,1811,1979,0.9151
snapshot_sym9_date28_pm.csv,label_40,future,1959,1959,1.0
snapshot_sym9_date28_pm.csv,label_40,past,1392,1959,0.7106
snapshot_sym9_date28_pm.csv,label_60,future,1939,1939,1.0
snapshot_sym9_date28_pm.csv,label_60,past,1173,1939,0.605
snapshot_sym9_date29_am.csv,label_5,future,1994,1994,1.0
snapshot_sym9_date29_am.csv,label_5,past,1401,1994,0.7026
snapshot_sym9_date29_am.csv,label_10,future,1989,1989,1.0
snapshot_sym9_date29_am.csv,label_10,past,1095,1989,0.5505
snapshot_sym9_date29_am.csv,label_20,future,1979,1979,1.0
snapshot_sym9_date29_am.csv,label_20,past,1083,1979,0.5472
snapshot_sym9_date29_am.csv,label_40,future,1959,1959,1.0
snapshot_sym9_date29_am.csv,label_40,past,754,1959,0.3849
snapshot_sym9_date29_am.csv,label_60,future,1939,1939,1.0
snapshot_sym9_date29_am.csv,label_60,past,626,1939,0.3228
snapshot_sym9_date29_pm.csv,label_5,future,1994,1994,1.0
snapshot_sym9_date29_pm.csv,label_5,past,1643,1994,0.824
snapshot_sym9_date29_pm.csv,label_10,future,1989,1989,1.0
snapshot_sym9_date29_pm.csv,label_10,past,1308,1989,0.6576
snapshot_sym9_date29_pm.csv,label_20,future,1979,1979,1.0
snapshot_sym9_date29_pm.csv,label_20,past,1399,1979,0.7069
snapshot_sym9_date29_pm.csv,label_40,future,1959,1959,1.0
snapshot_sym9_date29_pm.csv,label_40,past,878,1959,0.4482
snapshot_sym9_date29_pm.csv,label_60,future,1939,1939,1.0
snapshot_sym9_date29_pm.csv,label_60,past,681,1939,0.3512
snapshot_sym9_date2_am.csv,label_5,future,1994,1994,1.0
snapshot_sym9_date2_am.csv,label_5,past,1339,1994,0.6715
snapshot_sym9_date2_am.csv,label_10,future,1989,1989,1.0
snapshot_sym9_date2_am.csv,label_10,past,1036,1989,0.5209
snapshot_sym9_date2_am.csv,label_20,future,1979,1979,1.0
snapshot_sym9_date2_am.csv,label_20,past,1228,1979,0.6205
snapshot_sym9_date2_am.csv,label_40,future,1959,1959,1.0
snapshot_sym9_date2_am.csv,label_40,past,774,1959,0.3951
snapshot_sym9_date2_am.csv,label_60,future,1939,1939,1.0
snapshot_sym9_date2_am.csv,label_60,past,766,1939,0.395
snapshot_sym9_date2_pm.csv,label_5,future,1994,1994,1.0
snapshot_sym9_date2_pm.csv,label_5,past,1662,1994,0.8335
snapshot_sym9_date2_pm.csv,label_10,future,1989,1989,1.0
snapshot_sym9_date2_pm.csv,label_10,past,1396,1989,0.7019
snapshot_sym9_date2_pm.csv,label_20,future,1979,1979,1.0
snapshot_sym9_date2_pm.csv,label_20,past,1570,1979,0.7933
snapshot_sym9_date2_pm.csv,label_40,future,1959,1959,1.0
snapshot_sym9_date2_pm.csv,label_40,past,961,1959,0.4906
snapshot_sym9_date2_pm.csv,label_60,future,1939,1939,1.0
snapshot_sym9_date2_pm.csv,label_60,past,661,1939,0.3409
snapshot_sym9_date30_am.csv,label_5,future,1994,1994,1.0
snapshot_sym9_date30_am.csv,label_5,past,1437,1994,0.7207
snapshot_sym9_date30_am.csv,label_10,future,1989,1989,1.0
snapshot_sym9_date30_am.csv,label_10,past,1159,1989,0.5827
snapshot_sym9_date30_am.csv,label_20,future,1979,1979,1.0
snapshot_sym9_date30_am.csv,label_20,past,1261,1979,0.6372
snapshot_sym9_date30_am.csv,label_40,future,1959,1959,1.0
snapshot_sym9_date30_am.csv,label_40,past,861,1959,0.4395
snapshot_sym9_date30_am.csv,label_60,future,1939,1939,1.0
snapshot_sym9_date30_am.csv,label_60,past,623,1939,0.3213
snapshot_sym9_date30_pm.csv,label_5,future,1994,1994,1.0
snapshot_sym9_date30_pm.csv,label_5,past,1627,1994,0.8159
snapshot_sym9_date30_pm.csv,label_10,future,1989,1989,1.0
snapshot_sym9_date30_pm.csv,label_10,past,1291,1989,0.6491
snapshot_sym9_date30_pm.csv,label_20,future,1979,1979,1.0
snapshot_sym9_date30_pm.csv,label_20,past,1506,1979,0.761
snapshot_sym9_date30_pm.csv,label_40,future,1959,1959,1.0
snapshot_sym9_date30_pm.csv,label_40,past,956,1959,0.488
snapshot_sym9_date30_pm.csv,label_60,future,1939,1939,1.0
snapshot_sym9_date30_pm.csv,label_60,past,751,1939,0.3873
snapshot_sym9_date31_am.csv,label_5,future,1994,1994,1.0
snapshot_sym9_date31_am.csv,label_5,past,1627,1994,0.8159
snapshot_sym9_date31_am.csv,label_10,future,1989,1989,1.0
snapshot_sym9_date31_am.csv,label_10,past,1378,1989,0.6928
snapshot_sym9_date31_am.csv,label_20,future,1979,1979,1.0
snapshot_sym9_date31_am.csv,label_20,past,1434,1979,0.7246
snapshot_sym9_date31_am.csv,label_40,future,1959,1959,1.0
snapshot_sym9_date31_am.csv,label_40,past,894,1959,0.4564
snapshot_sym9_date31_am.csv,label_60,future,1939,1939,1.0
snapshot_sym9_date31_am.csv,label_60,past,756,1939,0.3899
snapshot_sym9_date31_pm.csv,label_5,future,1994,1994,1.0
snapshot_sym9_date31_pm.csv,label_5,past,1663,1994,0.834
snapshot_sym9_date31_pm.csv,label_10,future,1989,1989,1.0
snapshot_sym9_date31_pm.csv,label_10,past,1324,1989,0.6657
snapshot_sym9_date31_pm.csv,label_20,future,1979,1979,1.0
snapshot_sym9_date31_pm.csv,label_20,past,1333,1979,0.6736
snapshot_sym9_date31_pm.csv,label_40,future,1959,1959,1.0
snapshot_sym9_date31_pm.csv,label_40,past,903,1959,0.4609
snapshot_sym9_date31_pm.csv,label_60,future,1939,1939,1.0
snapshot_sym9_date31_pm.csv,label_60,past,843,1939,0.4348
snapshot_sym9_date32_am.csv,label_5,future,1994,1994,1.0
snapshot_sym9_date32_am.csv,label_5,past,1559,1994,0.7818
snapshot_sym9_date32_am.csv,label_10,future,1989,1989,1.0
snapshot_sym9_date32_am.csv,label_10,past,1272,1989,0.6395
snapshot_sym9_date32_am.csv,label_20,future,1979,1979,1.0
snapshot_sym9_date32_am.csv,label_20,past,1370,1979,0.6923
snapshot_sym9_date32_am.csv,label_40,future,1959,1959,1.0
snapshot_sym9_date32_am.csv,label_40,past,942,1959,0.4809
snapshot_sym9_date32_am.csv,label_60,future,1939,1939,1.0
snapshot_sym9_date32_am.csv,label_60,past,844,1939,0.4353
snapshot_sym9_date32_pm.csv,label_5,future,1994,1994,1.0
snapshot_sym9_date32_pm.csv,label_5,past,1585,1994,0.7949
snapshot_sym9_date32_pm.csv,label_10,future,1989,1989,1.0
snapshot_sym9_date32_pm.csv,label_10,past,1266,1989,0.6365
snapshot_sym9_date32_pm.csv,label_20,future,1979,1979,1.0
snapshot_sym9_date32_pm.csv,label_20,past,1248,1979,0.6306
snapshot_sym9_date32_pm.csv,label_40,future,1959,1959,1.0
snapshot_sym9_date32_pm.csv,label_40,past,1038,1959,0.5299
snapshot_sym9_date32_pm.csv,label_60,future,1939,1939,1.0
snapshot_sym9_date32_pm.csv,label_60,past,858,1939,0.4425
snapshot_sym9_date33_am.csv,label_5,future,1994,1994,1.0
snapshot_sym9_date33_am.csv,label_5,past,1303,1994,0.6535
snapshot_sym9_date33_am.csv,label_10,future,1989,1989,1.0
snapshot_sym9_date33_am.csv,label_10,past,1122,1989,0.5641
snapshot_sym9_date33_am.csv,label_20,future,1979,1979,1.0
snapshot_sym9_date33_am.csv,label_20,past,1127,1979,0.5695
snapshot_sym9_date33_am.csv,label_40,future,1959,1959,1.0
snapshot_sym9_date33_am.csv,label_40,past,741,1959,0.3783
snapshot_sym9_date33_am.csv,label_60,future,1939,1939,1.0
snapshot_sym9_date33_am.csv,label_60,past,708,1939,0.3651
snapshot_sym9_date33_pm.csv,label_5,future,1994,1994,1.0
snapshot_sym9_date33_pm.csv,label_5,past,1208,1994,0.6058
snapshot_sym9_date33_pm.csv,label_10,future,1989,1989,1.0
snapshot_sym9_date33_pm.csv,label_10,past,1096,1989,0.551
snapshot_sym9_date33_pm.csv,label_20,future,1979,1979,1.0
snapshot_sym9_date33_pm.csv,label_20,past,996,1979,0.5033
snapshot_sym9_date33_pm.csv,label_40,future,1959,1959,1.0
snapshot_sym9_date33_pm.csv,label_40,past,874,1959,0.4461
snapshot_sym9_date33_pm.csv,label_60,future,1939,1939,1.0
snapshot_sym9_date33_pm.csv,label_60,past,833,1939,0.4296
snapshot_sym9_date34_am.csv,label_5,future,1994,1994,1.0
snapshot_sym9_date34_am.csv,label_5,past,1237,1994,0.6204
snapshot_sym9_date34_am.csv,label_10,future,1989,1989,1.0
snapshot_sym9_date34_am.csv,label_10,past,1165,1989,0.5857
snapshot_sym9_date34_am.csv,label_20,future,1979,1979,1.0
snapshot_sym9_date34_am.csv,label_20,past,1011,1979,0.5109
snapshot_sym9_date34_am.csv,label_40,future,1959,1959,1.0
snapshot_sym9_date34_am.csv,label_40,past,697,1959,0.3558
snapshot_sym9_date34_am.csv,label_60,future,1939,1939,1.0
snapshot_sym9_date34_am.csv,label_60,past,680,1939,0.3507
snapshot_sym9_date34_pm.csv,label_5,future,1994,1994,1.0
snapshot_sym9_date34_pm.csv,label_5,past,1499,1994,0.7518
snapshot_sym9_date34_pm.csv,label_10,future,1989,1989,1.0
snapshot_sym9_date34_pm.csv,label_10,past,1205,1989,0.6058
snapshot_sym9_date34_pm.csv,label_20,future,1979,1979,1.0
snapshot_sym9_date34_pm.csv,label_20,past,1241,1979,0.6271
snapshot_sym9_date34_pm.csv,label_40,future,1959,1959,1.0
snapshot_sym9_date34_pm.csv,label_40,past,924,1959,0.4717
snapshot_sym9_date34_pm.csv,label_60,future,1939,1939,1.0
snapshot_sym9_date34_pm.csv,label_60,past,762,1939,0.393
snapshot_sym9_date35_am.csv,label_5,future,1994,1994,1.0
snapshot_sym9_date35_am.csv,label_5,past,1424,1994,0.7141
snapshot_sym9_date35_am.csv,label_10,future,1989,1989,1.0
snapshot_sym9_date35_am.csv,label_10,past,1179,1989,0.5928
snapshot_sym9_date35_am.csv,label_20,future,1979,1979,1.0
snapshot_sym9_date35_am.csv,label_20,past,1019,1979,0.5149
snapshot_sym9_date35_am.csv,label_40,future,1959,1959,1.0
snapshot_sym9_date35_am.csv,label_40,past,672,1959,0.343
snapshot_sym9_date35_am.csv,label_60,future,1939,1939,1.0
snapshot_sym9_date35_am.csv,label_60,past,683,1939,0.3522
snapshot_sym9_date35_pm.csv,label_5,future,1994,1994,1.0
snapshot_sym9_date35_pm.csv,label_5,past,1325,1994,0.6645
snapshot_sym9_date35_pm.csv,label_10,future,1989,1989,1.0
snapshot_sym9_date35_pm.csv,label_10,past,1039,1989,0.5224
snapshot_sym9_date35_pm.csv,label_20,future,1979,1979,1.0
snapshot_sym9_date35_pm.csv,label_20,past,998,1979,0.5043
snapshot_sym9_date35_pm.csv,label_40,future,1959,1959,1.0
snapshot_sym9_date35_pm.csv,label_40,past,578,1959,0.295
snapshot_sym9_date35_pm.csv,label_60,future,1939,1939,1.0
snapshot_sym9_date35_pm.csv,label_60,past,557,1939,0.2873
snapshot_sym9_date36_am.csv,label_5,future,1994,1994,1.0
snapshot_sym9_date36_am.csv,label_5,past,1365,1994,0.6846
snapshot_sym9_date36_am.csv,label_10,future,1989,1989,1.0
snapshot_sym9_date36_am.csv,label_10,past,1090,1989,0.548
snapshot_sym9_date36_am.csv,label_20,future,1979,1979,1.0
snapshot_sym9_date36_am.csv,label_20,past,1245,1979,0.6291
snapshot_sym9_date36_am.csv,label_40,future,1959,1959,1.0
snapshot_sym9_date36_am.csv,label_40,past,708,1959,0.3614
snapshot_sym9_date36_am.csv,label_60,future,1939,1939,1.0
snapshot_sym9_date36_am.csv,label_60,past,459,1939,0.2367
snapshot_sym9_date36_pm.csv,label_5,future,1994,1994,1.0
snapshot_sym9_date36_pm.csv,label_5,past,1622,1994,0.8134
snapshot_sym9_date36_pm.csv,label_10,future,1989,1989,1.0
snapshot_sym9_date36_pm.csv,label_10,past,1221,1989,0.6139
snapshot_sym9_date36_pm.csv,label_20,future,1979,1979,1.0
snapshot_sym9_date36_pm.csv,label_20,past,1203,1979,0.6079
snapshot_sym9_date36_pm.csv,label_40,future,1959,1959,1.0
snapshot_sym9_date36_pm.csv,label_40,past,724,1959,0.3696
snapshot_sym9_date36_pm.csv,label_60,future,1939,1939,1.0
snapshot_sym9_date36_pm.csv,label_60,past,769,1939,0.3966
snapshot_sym9_date37_am.csv,label_5,future,1994,1994,1.0
snapshot_sym9_date37_am.csv,label_5,past,1325,1994,0.6645
snapshot_sym9_date37_am.csv,label_10,future,1989,1989,1.0
snapshot_sym9_date37_am.csv,label_10,past,990,1989,0.4977
snapshot_sym9_date37_am.csv,label_20,future,1979,1979,1.0
snapshot_sym9_date37_am.csv,label_20,past,824,1979,0.4164
snapshot_sym9_date37_am.csv,label_40,future,1959,1959,1.0
snapshot_sym9_date37_am.csv,label_40,past,629,1959,0.3211
snapshot_sym9_date37_am.csv,label_60,future,1939,1939,1.0
snapshot_sym9_date37_am.csv,label_60,past,577,1939,0.2976
snapshot_sym9_date37_pm.csv,label_5,future,1994,1994,1.0
snapshot_sym9_date37_pm.csv,label_5,past,1605,1994,0.8049
snapshot_sym9_date37_pm.csv,label_10,future,1989,1989,1.0
snapshot_sym9_date37_pm.csv,label_10,past,1285,1989,0.6461
snapshot_sym9_date37_pm.csv,label_20,future,1979,1979,1.0
snapshot_sym9_date37_pm.csv,label_20,past,1320,1979,0.667
snapshot_sym9_date37_pm.csv,label_40,future,1959,1959,1.0
snapshot_sym9_date37_pm.csv,label_40,past,777,1959,0.3966
snapshot_sym9_date37_pm.csv,label_60,future,1939,1939,1.0
snapshot_sym9_date37_pm.csv,label_60,past,509,1939,0.2625
snapshot_sym9_date38_am.csv,label_5,future,1994,1994,1.0
snapshot_sym9_date38_am.csv,label_5,past,1331,1994,0.6675
snapshot_sym9_date38_am.csv,label_10,future,1989,1989,1.0
snapshot_sym9_date38_am.csv,label_10,past,1096,1989,0.551
snapshot_sym9_date38_am.csv,label_20,future,1979,1979,1.0
snapshot_sym9_date38_am.csv,label_20,past,1148,1979,0.5801
snapshot_sym9_date38_am.csv,label_40,future,1959,1959,1.0
snapshot_sym9_date38_am.csv,label_40,past,751,1959,0.3834
snapshot_sym9_date38_am.csv,label_60,future,1939,1939,1.0
snapshot_sym9_date38_am.csv,label_60,past,535,1939,0.2759
snapshot_sym9_date38_pm.csv,label_5,future,1994,1994,1.0
snapshot_sym9_date38_pm.csv,label_5,past,1317,1994,0.6605
snapshot_sym9_date38_pm.csv,label_10,future,1989,1989,1.0
snapshot_sym9_date38_pm.csv,label_10,past,1101,1989,0.5535
snapshot_sym9_date38_pm.csv,label_20,future,1979,1979,1.0
snapshot_sym9_date38_pm.csv,label_20,past,1018,1979,0.5144
snapshot_sym9_date38_pm.csv,label_40,future,1959,1959,1.0
snapshot_sym9_date38_pm.csv,label_40,past,647,1959,0.3303
snapshot_sym9_date38_pm.csv,label_60,future,1939,1939,1.0
snapshot_sym9_date38_pm.csv,label_60,past,678,1939,0.3497
snapshot_sym9_date39_am.csv,label_5,future,1994,1994,1.0
snapshot_sym9_date39_am.csv,label_5,past,1354,1994,0.679
snapshot_sym9_date39_am.csv,label_10,future,1989,1989,1.0
snapshot_sym9_date39_am.csv,label_10,past,988,1989,0.4967
snapshot_sym9_date39_am.csv,label_20,future,1979,1979,1.0
snapshot_sym9_date39_am.csv,label_20,past,822,1979,0.4154
snapshot_sym9_date39_am.csv,label_40,future,1959,1959,1.0
snapshot_sym9_date39_am.csv,label_40,past,610,1959,0.3114
snapshot_sym9_date39_am.csv,label_60,future,1939,1939,1.0
snapshot_sym9_date39_am.csv,label_60,past,456,1939,0.2352
snapshot_sym9_date39_pm.csv,label_5,future,1994,1994,1.0
snapshot_sym9_date39_pm.csv,label_5,past,1482,1994,0.7432
snapshot_sym9_date39_pm.csv,label_10,future,1989,1989,1.0
snapshot_sym9_date39_pm.csv,label_10,past,1119,1989,0.5626
snapshot_sym9_date39_pm.csv,label_20,future,1979,1979,1.0
snapshot_sym9_date39_pm.csv,label_20,past,1172,1979,0.5922
snapshot_sym9_date39_pm.csv,label_40,future,1959,1959,1.0
snapshot_sym9_date39_pm.csv,label_40,past,701,1959,0.3578
snapshot_sym9_date39_pm.csv,label_60,future,1939,1939,1.0
snapshot_sym9_date39_pm.csv,label_60,past,612,1939,0.3156
snapshot_sym9_date3_am.csv,label_5,future,1994,1994,1.0
snapshot_sym9_date3_am.csv,label_5,past,1337,1994,0.6705
snapshot_sym9_date3_am.csv,label_10,future,1989,1989,1.0
snapshot_sym9_date3_am.csv,label_10,past,1006,1989,0.5058
snapshot_sym9_date3_am.csv,label_20,future,1979,1979,1.0
snapshot_sym9_date3_am.csv,label_20,past,1137,1979,0.5745
snapshot_sym9_date3_am.csv,label_40,future,1959,1959,1.0
snapshot_sym9_date3_am.csv,label_40,past,841,1959,0.4293
snapshot_sym9_date3_am.csv,label_60,future,1939,1939,1.0
snapshot_sym9_date3_am.csv,label_60,past,649,1939,0.3347
snapshot_sym9_date3_pm.csv,label_5,future,1994,1994,1.0
snapshot_sym9_date3_pm.csv,label_5,past,1766,1994,0.8857
snapshot_sym9_date3_pm.csv,label_10,future,1989,1989,1.0
snapshot_sym9_date3_pm.csv,label_10,past,1527,1989,0.7677
snapshot_sym9_date3_pm.csv,label_20,future,1979,1979,1.0
snapshot_sym9_date3_pm.csv,label_20,past,1711,1979,0.8646
snapshot_sym9_date3_pm.csv,label_40,future,1959,1959,1.0
snapshot_sym9_date3_pm.csv,label_40,past,1388,1959,0.7085
snapshot_sym9_date3_pm.csv,label_60,future,1939,1939,1.0
snapshot_sym9_date3_pm.csv,label_60,past,1138,1939,0.5869
snapshot_sym9_date40_am.csv,label_5,future,1994,1994,1.0
snapshot_sym9_date40_am.csv,label_5,past,1662,1994,0.8335
snapshot_sym9_date40_am.csv,label_10,future,1989,1989,1.0
snapshot_sym9_date40_am.csv,label_10,past,1401,1989,0.7044
snapshot_sym9_date40_am.csv,label_20,future,1979,1979,1.0
snapshot_sym9_date40_am.csv,label_20,past,1563,1979,0.7898
snapshot_sym9_date40_am.csv,label_40,future,1959,1959,1.0
snapshot_sym9_date40_am.csv,label_40,past,1142,1959,0.583
snapshot_sym9_date40_am.csv,label_60,future,1939,1939,1.0
snapshot_sym9_date40_am.csv,label_60,past,844,1939,0.4353
snapshot_sym9_date40_pm.csv,label_5,future,1994,1994,1.0
snapshot_sym9_date40_pm.csv,label_5,past,1643,1994,0.824
snapshot_sym9_date40_pm.csv,label_10,future,1989,1989,1.0
snapshot_sym9_date40_pm.csv,label_10,past,1370,1989,0.6888
snapshot_sym9_date40_pm.csv,label_20,future,1979,1979,1.0
snapshot_sym9_date40_pm.csv,label_20,past,1366,1979,0.6902
snapshot_sym9_date40_pm.csv,label_40,future,1959,1959,1.0
snapshot_sym9_date40_pm.csv,label_40,past,972,1959,0.4962
snapshot_sym9_date40_pm.csv,label_60,future,1939,1939,1.0
snapshot_sym9_date40_pm.csv,label_60,past,884,1939,0.4559
snapshot_sym9_date41_am.csv,label_5,future,1994,1994,1.0
snapshot_sym9_date41_am.csv,label_5,past,1350,1994,0.677
snapshot_sym9_date41_am.csv,label_10,future,1989,1989,1.0
snapshot_sym9_date41_am.csv,label_10,past,1075,1989,0.5405
snapshot_sym9_date41_am.csv,label_20,future,1979,1979,1.0
snapshot_sym9_date41_am.csv,label_20,past,1149,1979,0.5806
snapshot_sym9_date41_am.csv,label_40,future,1959,1959,1.0
snapshot_sym9_date41_am.csv,label_40,past,726,1959,0.3706
snapshot_sym9_date41_am.csv,label_60,future,1939,1939,1.0
snapshot_sym9_date41_am.csv,label_60,past,621,1939,0.3203
snapshot_sym9_date41_pm.csv,label_5,future,1994,1994,1.0
snapshot_sym9_date41_pm.csv,label_5,past,1512,1994,0.7583
snapshot_sym9_date41_pm.csv,label_10,future,1989,1989,1.0
snapshot_sym9_date41_pm.csv,label_10,past,1172,1989,0.5892
snapshot_sym9_date41_pm.csv,label_20,future,1979,1979,1.0
snapshot_sym9_date41_pm.csv,label_20,past,1217,1979,0.615
snapshot_sym9_date41_pm.csv,label_40,future,1959,1959,1.0
snapshot_sym9_date41_pm.csv,label_40,past,759,1959,0.3874
snapshot_sym9_date41_pm.csv,label_60,future,1939,1939,1.0
snapshot_sym9_date41_pm.csv,label_60,past,717,1939,0.3698
snapshot_sym9_date42_am.csv,label_5,future,1994,1994,1.0
snapshot_sym9_date42_am.csv,label_5,past,1459,1994,0.7317
snapshot_sym9_date42_am.csv,label_10,future,1989,1989,1.0
snapshot_sym9_date42_am.csv,label_10,past,1158,1989,0.5822
snapshot_sym9_date42_am.csv,label_20,future,1979,1979,1.0
snapshot_sym9_date42_am.csv,label_20,past,1127,1979,0.5695
snapshot_sym9_date42_am.csv,label_40,future,1959,1959,1.0
snapshot_sym9_date42_am.csv,label_40,past,874,1959,0.4461
snapshot_sym9_date42_am.csv,label_60,future,1939,1939,1.0
snapshot_sym9_date42_am.csv,label_60,past,724,1939,0.3734
snapshot_sym9_date42_pm.csv,label_5,future,1994,1994,1.0
snapshot_sym9_date42_pm.csv,label_5,past,1540,1994,0.7723
snapshot_sym9_date42_pm.csv,label_10,future,1989,1989,1.0
snapshot_sym9_date42_pm.csv,label_10,past,1148,1989,0.5772
snapshot_sym9_date42_pm.csv,label_20,future,1979,1979,1.0
snapshot_sym9_date42_pm.csv,label_20,past,1267,1979,0.6402
snapshot_sym9_date42_pm.csv,label_40,future,1959,1959,1.0
snapshot_sym9_date42_pm.csv,label_40,past,720,1959,0.3675
snapshot_sym9_date42_pm.csv,label_60,future,1939,1939,1.0
snapshot_sym9_date42_pm.csv,label_60,past,568,1939,0.2929
snapshot_sym9_date43_am.csv,label_5,future,1994,1994,1.0
snapshot_sym9_date43_am.csv,label_5,past,1369,1994,0.6866
snapshot_sym9_date43_am.csv,label_10,future,1989,1989,1.0
snapshot_sym9_date43_am.csv,label_10,past,1042,1989,0.5239
snapshot_sym9_date43_am.csv,label_20,future,1979,1979,1.0
snapshot_sym9_date43_am.csv,label_20,past,1033,1979,0.522
snapshot_sym9_date43_am.csv,label_40,future,1959,1959,1.0
snapshot_sym9_date43_am.csv,label_40,past,601,1959,0.3068
snapshot_sym9_date43_am.csv,label_60,future,1939,1939,1.0
snapshot_sym9_date43_am.csv,label_60,past,541,1939,0.279
snapshot_sym9_date43_pm.csv,label_5,future,1994,1994,1.0
snapshot_sym9_date43_pm.csv,label_5,past,1606,1994,0.8054
snapshot_sym9_date43_pm.csv,label_10,future,1989,1989,1.0
snapshot_sym9_date43_pm.csv,label_10,past,1325,1989,0.6662
snapshot_sym9_date43_pm.csv,label_20,future,1979,1979,1.0
snapshot_sym9_date43_pm.csv,label_20,past,1411,1979,0.713
snapshot_sym9_date43_pm.csv,label_40,future,1959,1959,1.0
snapshot_sym9_date43_pm.csv,label_40,past,940,1959,0.4798
snapshot_sym9_date43_pm.csv,label_60,future,1939,1939,1.0
snapshot_sym9_date43_pm.csv,label_60,past,723,1939,0.3729
snapshot_sym9_date44_am.csv,label_5,future,1994,1994,1.0
snapshot_sym9_date44_am.csv,label_5,past,1355,1994,0.6795
snapshot_sym9_date44_am.csv,label_10,future,1989,1989,1.0
snapshot_sym9_date44_am.csv,label_10,past,1163,1989,0.5847
snapshot_sym9_date44_am.csv,label_20,future,1979,1979,1.0
snapshot_sym9_date44_am.csv,label_20,past,1222,1979,0.6175
snapshot_sym9_date44_am.csv,label_40,future,1959,1959,1.0
snapshot_sym9_date44_am.csv,label_40,past,935,1959,0.4773
snapshot_sym9_date44_am.csv,label_60,future,1939,1939,1.0
snapshot_sym9_date44_am.csv,label_60,past,757,1939,0.3904
snapshot_sym9_date44_pm.csv,label_5,future,1994,1994,1.0
snapshot_sym9_date44_pm.csv,label_5,past,1471,1994,0.7377
snapshot_sym9_date44_pm.csv,label_10,future,1989,1989,1.0
snapshot_sym9_date44_pm.csv,label_10,past,1190,1989,0.5983
snapshot_sym9_date44_pm.csv,label_20,future,1979,1979,1.0
snapshot_sym9_date44_pm.csv,label_20,past,1147,1979,0.5796
snapshot_sym9_date44_pm.csv,label_40,future,1959,1959,1.0
snapshot_sym9_date44_pm.csv,label_40,past,735,1959,0.3752
snapshot_sym9_date44_pm.csv,label_60,future,1939,1939,1.0
snapshot_sym9_date44_pm.csv,label_60,past,634,1939,0.327
snapshot_sym9_date45_am.csv,label_5,future,1994,1994,1.0
snapshot_sym9_date45_am.csv,label_5,past,1463,1994,0.7337
snapshot_sym9_date45_am.csv,label_10,future,1989,1989,1.0
snapshot_sym9_date45_am.csv,label_10,past,1115,1989,0.5606
snapshot_sym9_date45_am.csv,label_20,future,1979,1979,1.0
snapshot_sym9_date45_am.csv,label_20,past,1054,1979,0.5326
snapshot_sym9_date45_am.csv,label_40,future,1959,1959,1.0
snapshot_sym9_date45_am.csv,label_40,past,654,1959,0.3338
snapshot_sym9_date45_am.csv,label_60,future,1939,1939,1.0
snapshot_sym9_date45_am.csv,label_60,past,619,1939,0.3192
snapshot_sym9_date45_pm.csv,label_5,future,1994,1994,1.0
snapshot_sym9_date45_pm.csv,label_5,past,1306,1994,0.655
snapshot_sym9_date45_pm.csv,label_10,future,1989,1989,1.0
snapshot_sym9_date45_pm.csv,label_10,past,1024,1989,0.5148
snapshot_sym9_date45_pm.csv,label_20,future,1979,1979,1.0
snapshot_sym9_date45_pm.csv,label_20,past,904,1979,0.4568
snapshot_sym9_date45_pm.csv,label_40,future,1959,1959,1.0
snapshot_sym9_date45_pm.csv,label_40,past,666,1959,0.34
snapshot_sym9_date45_pm.csv,label_60,future,1939,1939,1.0
snapshot_sym9_date45_pm.csv,label_60,past,570,1939,0.294
snapshot_sym9_date46_am.csv,label_5,future,1994,1994,1.0
snapshot_sym9_date46_am.csv,label_5,past,1298,1994,0.651
snapshot_sym9_date46_am.csv,label_10,future,1989,1989,1.0
snapshot_sym9_date46_am.csv,label_10,past,1026,1989,0.5158
snapshot_sym9_date46_am.csv,label_20,future,1979,1979,1.0
snapshot_sym9_date46_am.csv,label_20,past,1005,1979,0.5078
snapshot_sym9_date46_am.csv,label_40,future,1959,1959,1.0
snapshot_sym9_date46_am.csv,label_40,past,721,1959,0.368
snapshot_sym9_date46_am.csv,label_60,future,1939,1939,1.0
snapshot_sym9_date46_am.csv,label_60,past,580,1939,0.2991
snapshot_sym9_date46_pm.csv,label_5,future,1994,1994,1.0
snapshot_sym9_date46_pm.csv,label_5,past,1623,1994,0.8139
snapshot_sym9_date46_pm.csv,label_10,future,1989,1989,1.0
snapshot_sym9_date46_pm.csv,label_10,past,1316,1989,0.6616
snapshot_sym9_date46_pm.csv,label_20,future,1979,1979,1.0
snapshot_sym9_date46_pm.csv,label_20,past,1388,1979,0.7014
snapshot_sym9_date46_pm.csv,label_40,future,1959,1959,1.0
snapshot_sym9_date46_pm.csv,label_40,past,836,1959,0.4267
snapshot_sym9_date46_pm.csv,label_60,future,1939,1939,1.0
snapshot_sym9_date46_pm.csv,label_60,past,526,1939,0.2713
snapshot_sym9_date47_am.csv,label_5,future,1994,1994,1.0
snapshot_sym9_date47_am.csv,label_5,past,1337,1994,0.6705
snapshot_sym9_date47_am.csv,label_10,future,1989,1989,1.0
snapshot_sym9_date47_am.csv,label_10,past,1021,1989,0.5133
snapshot_sym9_date47_am.csv,label_20,future,1979,1979,1.0
snapshot_sym9_date47_am.csv,label_20,past,1008,1979,0.5093
snapshot_sym9_date47_am.csv,label_40,future,1959,1959,1.0
snapshot_sym9_date47_am.csv,label_40,past,610,1959,0.3114
snapshot_sym9_date47_am.csv,label_60,future,1939,1939,1.0
snapshot_sym9_date47_am.csv,label_60,past,668,1939,0.3445
snapshot_sym9_date47_pm.csv,label_5,future,1994,1994,1.0
snapshot_sym9_date47_pm.csv,label_5,past,1629,1994,0.817
snapshot_sym9_date47_pm.csv,label_10,future,1989,1989,1.0
snapshot_sym9_date47_pm.csv,label_10,past,1204,1989,0.6053
snapshot_sym9_date47_pm.csv,label_20,future,1979,1979,1.0
snapshot_sym9_date47_pm.csv,label_20,past,1205,1979,0.6089
snapshot_sym9_date47_pm.csv,label_40,future,1959,1959,1.0
snapshot_sym9_date47_pm.csv,label_40,past,749,1959,0.3823
snapshot_sym9_date47_pm.csv,label_60,future,1939,1939,1.0
snapshot_sym9_date47_pm.csv,label_60,past,626,1939,0.3228
snapshot_sym9_date48_am.csv,label_5,future,1994,1994,1.0
snapshot_sym9_date48_am.csv,label_5,past,1152,1994,0.5777
snapshot_sym9_date48_am.csv,label_10,future,1989,1989,1.0
snapshot_sym9_date48_am.csv,label_10,past,933,1989,0.4691
snapshot_sym9_date48_am.csv,label_20,future,1979,1979,1.0
snapshot_sym9_date48_am.csv,label_20,past,901,1979,0.4553
snapshot_sym9_date48_am.csv,label_40,future,1959,1959,1.0
snapshot_sym9_date48_am.csv,label_40,past,545,1959,0.2782
snapshot_sym9_date48_am.csv,label_60,future,1939,1939,1.0
snapshot_sym9_date48_am.csv,label_60,past,675,1939,0.3481
snapshot_sym9_date48_pm.csv,label_5,future,1994,1994,1.0
snapshot_sym9_date48_pm.csv,label_5,past,1499,1994,0.7518
snapshot_sym9_date48_pm.csv,label_10,future,1989,1989,1.0
snapshot_sym9_date48_pm.csv,label_10,past,1097,1989,0.5515
snapshot_sym9_date48_pm.csv,label_20,future,1979,1979,1.0
snapshot_sym9_date48_pm.csv,label_20,past,1227,1979,0.62
snapshot_sym9_date48_pm.csv,label_40,future,1959,1959,1.0
snapshot_sym9_date48_pm.csv,label_40,past,872,1959,0.4451
snapshot_sym9_date48_pm.csv,label_60,future,1939,1939,1.0
snapshot_sym9_date48_pm.csv,label_60,past,724,1939,0.3734
snapshot_sym9_date49_am.csv,label_5,future,1994,1994,1.0
snapshot_sym9_date49_am.csv,label_5,past,1413,1994,0.7086
snapshot_sym9_date49_am.csv,label_10,future,1989,1989,1.0
snapshot_sym9_date49_am.csv,label_10,past,1185,1989,0.5958
snapshot_sym9_date49_am.csv,label_20,future,1979,1979,1.0
snapshot_sym9_date49_am.csv,label_20,past,1125,1979,0.5685
snapshot_sym9_date49_am.csv,label_40,future,1959,1959,1.0
snapshot_sym9_date49_am.csv,label_40,past,650,1959,0.3318
snapshot_sym9_date49_am.csv,label_60,future,1939,1939,1.0
snapshot_sym9_date49_am.csv,label_60,past,594,1939,0.3063
snapshot_sym9_date49_pm.csv,label_5,future,1994,1994,1.0
snapshot_sym9_date49_pm.csv,label_5,past,1748,1994,0.8766
snapshot_sym9_date49_pm.csv,label_10,future,1989,1989,1.0
snapshot_sym9_date49_pm.csv,label_10,past,1469,1989,0.7386
snapshot_sym9_date49_pm.csv,label_20,future,1979,1979,1.0
snapshot_sym9_date49_pm.csv,label_20,past,1553,1979,0.7847
snapshot_sym9_date49_pm.csv,label_40,future,1959,1959,1.0
snapshot_sym9_date49_pm.csv,label_40,past,1104,1959,0.5636
snapshot_sym9_date49_pm.csv,label_60,future,1939,1939,1.0
snapshot_sym9_date49_pm.csv,label_60,past,772,1939,0.3981
snapshot_sym9_date4_am.csv,label_5,future,1994,1994,1.0
snapshot_sym9_date4_am.csv,label_5,past,1491,1994,0.7477
snapshot_sym9_date4_am.csv,label_10,future,1989,1989,1.0
snapshot_sym9_date4_am.csv,label_10,past,1132,1989,0.5691
snapshot_sym9_date4_am.csv,label_20,future,1979,1979,1.0
snapshot_sym9_date4_am.csv,label_20,past,1374,1979,0.6943
snapshot_sym9_date4_am.csv,label_40,future,1959,1959,1.0
snapshot_sym9_date4_am.csv,label_40,past,1001,1959,0.511
snapshot_sym9_date4_am.csv,label_60,future,1939,1939,1.0
snapshot_sym9_date4_am.csv,label_60,past,701,1939,0.3615
snapshot_sym9_date4_pm.csv,label_5,future,1994,1994,1.0
snapshot_sym9_date4_pm.csv,label_5,past,1751,1994,0.8781
snapshot_sym9_date4_pm.csv,label_10,future,1989,1989,1.0
snapshot_sym9_date4_pm.csv,label_10,past,1503,1989,0.7557
snapshot_sym9_date4_pm.csv,label_20,future,1979,1979,1.0
snapshot_sym9_date4_pm.csv,label_20,past,1780,1979,0.8994
snapshot_sym9_date4_pm.csv,label_40,future,1959,1959,1.0
snapshot_sym9_date4_pm.csv,label_40,past,1429,1959,0.7295
snapshot_sym9_date4_pm.csv,label_60,future,1939,1939,1.0
snapshot_sym9_date4_pm.csv,label_60,past,1077,1939,0.5554
snapshot_sym9_date50_am.csv,label_5,future,1994,1994,1.0
snapshot_sym9_date50_am.csv,label_5,past,1291,1994,0.6474
snapshot_sym9_date50_am.csv,label_10,future,1989,1989,1.0
snapshot_sym9_date50_am.csv,label_10,past,922,1989,0.4635
snapshot_sym9_date50_am.csv,label_20,future,1979,1979,1.0
snapshot_sym9_date50_am.csv,label_20,past,769,1979,0.3886
snapshot_sym9_date50_am.csv,label_40,future,1959,1959,1.0
snapshot_sym9_date50_am.csv,label_40,past,581,1959,0.2966
snapshot_sym9_date50_am.csv,label_60,future,1939,1939,1.0
snapshot_sym9_date50_am.csv,label_60,past,699,1939,0.3605
snapshot_sym9_date50_pm.csv,label_5,future,1994,1994,1.0
snapshot_sym9_date50_pm.csv,label_5,past,1493,1994,0.7487
snapshot_sym9_date50_pm.csv,label_10,future,1989,1989,1.0
snapshot_sym9_date50_pm.csv,label_10,past,1111,1989,0.5586
snapshot_sym9_date50_pm.csv,label_20,future,1979,1979,1.0
snapshot_sym9_date50_pm.csv,label_20,past,1225,1979,0.619
snapshot_sym9_date50_pm.csv,label_40,future,1959,1959,1.0
snapshot_sym9_date50_pm.csv,label_40,past,822,1959,0.4196
snapshot_sym9_date50_pm.csv,label_60,future,1939,1939,1.0
snapshot_sym9_date50_pm.csv,label_60,past,591,1939,0.3048
snapshot_sym9_date51_am.csv,label_5,future,1994,1994,1.0
snapshot_sym9_date51_am.csv,label_5,past,1410,1994,0.7071
snapshot_sym9_date51_am.csv,label_10,future,1989,1989,1.0
snapshot_sym9_date51_am.csv,label_10,past,1116,1989,0.5611
snapshot_sym9_date51_am.csv,label_20,future,1979,1979,1.0
snapshot_sym9_date51_am.csv,label_20,past,1138,1979,0.575
snapshot_sym9_date51_am.csv,label_40,future,1959,1959,1.0
snapshot_sym9_date51_am.csv,label_40,past,629,1959,0.3211
snapshot_sym9_date51_am.csv,label_60,future,1939,1939,1.0
snapshot_sym9_date51_am.csv,label_60,past,522,1939,0.2692
snapshot_sym9_date51_pm.csv,label_5,future,1994,1994,1.0
snapshot_sym9_date51_pm.csv,label_5,past,1554,1994,0.7793
snapshot_sym9_date51_pm.csv,label_10,future,1989,1989,1.0
snapshot_sym9_date51_pm.csv,label_10,past,1236,1989,0.6214
snapshot_sym9_date51_pm.csv,label_20,future,1979,1979,1.0
snapshot_sym9_date51_pm.csv,label_20,past,1489,1979,0.7524
snapshot_sym9_date51_pm.csv,label_40,future,1959,1959,1.0
snapshot_sym9_date51_pm.csv,label_40,past,1053,1959,0.5375
snapshot_sym9_date51_pm.csv,label_60,future,1939,1939,1.0
snapshot_sym9_date51_pm.csv,label_60,past,854,1939,0.4404
snapshot_sym9_date52_am.csv,label_5,future,1994,1994,1.0
snapshot_sym9_date52_am.csv,label_5,past,1298,1994,0.651
snapshot_sym9_date52_am.csv,label_10,future,1989,1989,1.0
snapshot_sym9_date52_am.csv,label_10,past,1080,1989,0.543
snapshot_sym9_date52_am.csv,label_20,future,1979,1979,1.0
snapshot_sym9_date52_am.csv,label_20,past,1019,1979,0.5149
snapshot_sym9_date52_am.csv,label_40,future,1959,1959,1.0
snapshot_sym9_date52_am.csv,label_40,past,626,1959,0.3196
snapshot_sym9_date52_am.csv,label_60,future,1939,1939,1.0
snapshot_sym9_date52_am.csv,label_60,past,597,1939,0.3079
snapshot_sym9_date52_pm.csv,label_5,future,1994,1994,1.0
snapshot_sym9_date52_pm.csv,label_5,past,1480,1994,0.7422
snapshot_sym9_date52_pm.csv,label_10,future,1989,1989,1.0
snapshot_sym9_date52_pm.csv,label_10,past,1131,1989,0.5686
snapshot_sym9_date52_pm.csv,label_20,future,1979,1979,1.0
snapshot_sym9_date52_pm.csv,label_20,past,1276,1979,0.6448
snapshot_sym9_date52_pm.csv,label_40,future,1959,1959,1.0
snapshot_sym9_date52_pm.csv,label_40,past,694,1959,0.3543
snapshot_sym9_date52_pm.csv,label_60,future,1939,1939,1.0
snapshot_sym9_date52_pm.csv,label_60,past,606,1939,0.3125
snapshot_sym9_date53_am.csv,label_5,future,1994,1994,1.0
snapshot_sym9_date53_am.csv,label_5,past,1523,1994,0.7638
snapshot_sym9_date53_am.csv,label_10,future,1989,1989,1.0
snapshot_sym9_date53_am.csv,label_10,past,1108,1989,0.5571
snapshot_sym9_date53_am.csv,label_20,future,1979,1979,1.0
snapshot_sym9_date53_am.csv,label_20,past,1113,1979,0.5624
snapshot_sym9_date53_am.csv,label_40,future,1959,1959,1.0
snapshot_sym9_date53_am.csv,label_40,past,783,1959,0.3997
snapshot_sym9_date53_am.csv,label_60,future,1939,1939,1.0
snapshot_sym9_date53_am.csv,label_60,past,583,1939,0.3007
snapshot_sym9_date53_pm.csv,label_5,future,1994,1994,1.0
snapshot_sym9_date53_pm.csv,label_5,past,1625,1994,0.8149
snapshot_sym9_date53_pm.csv,label_10,future,1989,1989,1.0
snapshot_sym9_date53_pm.csv,label_10,past,1161,1989,0.5837
snapshot_sym9_date53_pm.csv,label_20,future,1979,1979,1.0
snapshot_sym9_date53_pm.csv,label_20,past,1437,1979,0.7261
snapshot_sym9_date53_pm.csv,label_40,future,1959,1959,1.0
snapshot_sym9_date53_pm.csv,label_40,past,1078,1959,0.5503
snapshot_sym9_date53_pm.csv,label_60,future,1939,1939,1.0
snapshot_sym9_date53_pm.csv,label_60,past,772,1939,0.3981
snapshot_sym9_date54_am.csv,label_5,future,1994,1994,1.0
snapshot_sym9_date54_am.csv,label_5,past,1594,1994,0.7994
snapshot_sym9_date54_am.csv,label_10,future,1989,1989,1.0
snapshot_sym9_date54_am.csv,label_10,past,1304,1989,0.6556
snapshot_sym9_date54_am.csv,label_20,future,1979,1979,1.0
snapshot_sym9_date54_am.csv,label_20,past,1361,1979,0.6877
snapshot_sym9_date54_am.csv,label_40,future,1959,1959,1.0
snapshot_sym9_date54_am.csv,label_40,past,1020,1959,0.5207
snapshot_sym9_date54_am.csv,label_60,future,1939,1939,1.0
snapshot_sym9_date54_am.csv,label_60,past,841,1939,0.4337
snapshot_sym9_date54_pm.csv,label_5,future,1994,1994,1.0
snapshot_sym9_date54_pm.csv,label_5,past,1658,1994,0.8315
snapshot_sym9_date54_pm.csv,label_10,future,1989,1989,1.0
snapshot_sym9_date54_pm.csv,label_10,past,1362,1989,0.6848
snapshot_sym9_date54_pm.csv,label_20,future,1979,1979,1.0
snapshot_sym9_date54_pm.csv,label_20,past,1488,1979,0.7519
snapshot_sym9_date54_pm.csv,label_40,future,1959,1959,1.0
snapshot_sym9_date54_pm.csv,label_40,past,1050,1959,0.536
snapshot_sym9_date54_pm.csv,label_60,future,1939,1939,1.0
snapshot_sym9_date54_pm.csv,label_60,past,739,1939,0.3811
snapshot_sym9_date55_am.csv,label_5,future,1994,1994,1.0
snapshot_sym9_date55_am.csv,label_5,past,1529,1994,0.7668
snapshot_sym9_date55_am.csv,label_10,future,1989,1989,1.0
snapshot_sym9_date55_am.csv,label_10,past,1171,1989,0.5887
snapshot_sym9_date55_am.csv,label_20,future,1979,1979,1.0
snapshot_sym9_date55_am.csv,label_20,past,1176,1979,0.5942
snapshot_sym9_date55_am.csv,label_40,future,1959,1959,1.0
snapshot_sym9_date55_am.csv,label_40,past,825,1959,0.4211
snapshot_sym9_date55_am.csv,label_60,future,1939,1939,1.0
snapshot_sym9_date55_am.csv,label_60,past,689,1939,0.3553
snapshot_sym9_date55_pm.csv,label_5,future,1994,1994,1.0
snapshot_sym9_date55_pm.csv,label_5,past,1637,1994,0.821
snapshot_sym9_date55_pm.csv,label_10,future,1989,1989,1.0
snapshot_sym9_date55_pm.csv,label_10,past,1322,1989,0.6647
snapshot_sym9_date55_pm.csv,label_20,future,1979,1979,1.0
snapshot_sym9_date55_pm.csv,label_20,past,1429,1979,0.7221
snapshot_sym9_date55_pm.csv,label_40,future,1959,1959,1.0
snapshot_sym9_date55_pm.csv,label_40,past,861,1959,0.4395
snapshot_sym9_date55_pm.csv,label_60,future,1939,1939,1.0
snapshot_sym9_date55_pm.csv,label_60,past,692,1939,0.3569
snapshot_sym9_date56_am.csv,label_5,future,1994,1994,1.0
snapshot_sym9_date56_am.csv,label_5,past,1448,1994,0.7262
snapshot_sym9_date56_am.csv,label_10,future,1989,1989,1.0
snapshot_sym9_date56_am.csv,label_10,past,1192,1989,0.5993
snapshot_sym9_date56_am.csv,label_20,future,1979,1979,1.0
snapshot_sym9_date56_am.csv,label_20,past,1244,1979,0.6286
snapshot_sym9_date56_am.csv,label_40,future,1959,1959,1.0
snapshot_sym9_date56_am.csv,label_40,past,934,1959,0.4768
snapshot_sym9_date56_am.csv,label_60,future,1939,1939,1.0
snapshot_sym9_date56_am.csv,label_60,past,859,1939,0.443
snapshot_sym9_date56_pm.csv,label_5,future,1994,1994,1.0
snapshot_sym9_date56_pm.csv,label_5,past,1634,1994,0.8195
snapshot_sym9_date56_pm.csv,label_10,future,1989,1989,1.0
snapshot_sym9_date56_pm.csv,label_10,past,1397,1989,0.7024
snapshot_sym9_date56_pm.csv,label_20,future,1979,1979,1.0
snapshot_sym9_date56_pm.csv,label_20,past,1569,1979,0.7928
snapshot_sym9_date56_pm.csv,label_40,future,1959,1959,1.0
snapshot_sym9_date56_pm.csv,label_40,past,1097,1959,0.56
snapshot_sym9_date56_pm.csv,label_60,future,1939,1939,1.0
snapshot_sym9_date56_pm.csv,label_60,past,877,1939,0.4523
snapshot_sym9_date57_am.csv,label_5,future,1994,1994,1.0
snapshot_sym9_date57_am.csv,label_5,past,1519,1994,0.7618
snapshot_sym9_date57_am.csv,label_10,future,1989,1989,1.0
snapshot_sym9_date57_am.csv,label_10,past,1160,1989,0.5832
snapshot_sym9_date57_am.csv,label_20,future,1979,1979,1.0
snapshot_sym9_date57_am.csv,label_20,past,1144,1979,0.5781
snapshot_sym9_date57_am.csv,label_40,future,1959,1959,1.0
snapshot_sym9_date57_am.csv,label_40,past,762,1959,0.389
snapshot_sym9_date57_am.csv,label_60,future,1939,1939,1.0
snapshot_sym9_date57_am.csv,label_60,past,646,1939,0.3332
snapshot_sym9_date57_pm.csv,label_5,future,1994,1994,1.0
snapshot_sym9_date57_pm.csv,label_5,past,1558,1994,0.7813
snapshot_sym9_date57_pm.csv,label_10,future,1989,1989,1.0
snapshot_sym9_date57_pm.csv,label_10,past,1253,1989,0.63
snapshot_sym9_date57_pm.csv,label_20,future,1979,1979,1.0
snapshot_sym9_date57_pm.csv,label_20,past,1278,1979,0.6458
snapshot_sym9_date57_pm.csv,label_40,future,1959,1959,1.0
snapshot_sym9_date57_pm.csv,label_40,past,902,1959,0.4604
snapshot_sym9_date57_pm.csv,label_60,future,1939,1939,1.0
snapshot_sym9_date57_pm.csv,label_60,past,772,1939,0.3981
snapshot_sym9_date58_am.csv,label_5,future,1994,1994,1.0
snapshot_sym9_date58_am.csv,label_5,past,1102,1994,0.5527
snapshot_sym9_date58_am.csv,label_10,future,1989,1989,1.0
snapshot_sym9_date58_am.csv,label_10,past,881,1989,0.4429
snapshot_sym9_date58_am.csv,label_20,future,1979,1979,1.0
snapshot_sym9_date58_am.csv,label_20,past,909,1979,0.4593
snapshot_sym9_date58_am.csv,label_40,future,1959,1959,1.0
snapshot_sym9_date58_am.csv,label_40,past,607,1959,0.3099
snapshot_sym9_date58_am.csv,label_60,future,1939,1939,1.0
snapshot_sym9_date58_am.csv,label_60,past,537,1939,0.2769
snapshot_sym9_date58_pm.csv,label_5,future,1994,1994,1.0
snapshot_sym9_date58_pm.csv,label_5,past,1726,1994,0.8656
snapshot_sym9_date58_pm.csv,label_10,future,1989,1989,1.0
snapshot_sym9_date58_pm.csv,label_10,past,1464,1989,0.736
snapshot_sym9_date58_pm.csv,label_20,future,1979,1979,1.0
snapshot_sym9_date58_pm.csv,label_20,past,1568,1979,0.7923
snapshot_sym9_date58_pm.csv,label_40,future,1959,1959,1.0
snapshot_sym9_date58_pm.csv,label_40,past,1147,1959,0.5855
snapshot_sym9_date58_pm.csv,label_60,future,1939,1939,1.0
snapshot_sym9_date58_pm.csv,label_60,past,923,1939,0.476
snapshot_sym9_date59_am.csv,label_5,future,1994,1994,1.0
snapshot_sym9_date59_am.csv,label_5,past,1631,1994,0.818
snapshot_sym9_date59_am.csv,label_10,future,1989,1989,1.0
snapshot_sym9_date59_am.csv,label_10,past,1299,1989,0.6531
snapshot_sym9_date59_am.csv,label_20,future,1979,1979,1.0
snapshot_sym9_date59_am.csv,label_20,past,1556,1979,0.7863
snapshot_sym9_date59_am.csv,label_40,future,1959,1959,1.0
snapshot_sym9_date59_am.csv,label_40,past,1135,1959,0.5794
snapshot_sym9_date59_am.csv,label_60,future,1939,1939,1.0
snapshot_sym9_date59_am.csv,label_60,past,867,1939,0.4471
snapshot_sym9_date59_pm.csv,label_5,future,1994,1994,1.0
snapshot_sym9_date59_pm.csv,label_5,past,1859,1994,0.9323
snapshot_sym9_date59_pm.csv,label_10,future,1989,1989,1.0
snapshot_sym9_date59_pm.csv,label_10,past,1618,1989,0.8135
snapshot_sym9_date59_pm.csv,label_20,future,1979,1979,1.0
snapshot_sym9_date59_pm.csv,label_20,past,1737,1979,0.8777
snapshot_sym9_date59_pm.csv,label_40,future,1959,1959,1.0
snapshot_sym9_date59_pm.csv,label_40,past,1395,1959,0.7121
snapshot_sym9_date59_pm.csv,label_60,future,1939,1939,1.0
snapshot_sym9_date59_pm.csv,label_60,past,1112,1939,0.5735
snapshot_sym9_date5_am.csv,label_5,future,1994,1994,1.0
snapshot_sym9_date5_am.csv,label_5,past,1528,1994,0.7663
snapshot_sym9_date5_am.csv,label_10,future,1989,1989,1.0
snapshot_sym9_date5_am.csv,label_10,past,1267,1989,0.637
snapshot_sym9_date5_am.csv,label_20,future,1979,1979,1.0
snapshot_sym9_date5_am.csv,label_20,past,1335,1979,0.6746
snapshot_sym9_date5_am.csv,label_40,future,1959,1959,1.0
snapshot_sym9_date5_am.csv,label_40,past,903,1959,0.4609
snapshot_sym9_date5_am.csv,label_60,future,1939,1939,1.0
snapshot_sym9_date5_am.csv,label_60,past,833,1939,0.4296
snapshot_sym9_date5_pm.csv,label_5,future,1994,1994,1.0
snapshot_sym9_date5_pm.csv,label_5,past,1819,1994,0.9122
snapshot_sym9_date5_pm.csv,label_10,future,1989,1989,1.0
snapshot_sym9_date5_pm.csv,label_10,past,1623,1989,0.816
snapshot_sym9_date5_pm.csv,label_20,future,1979,1979,1.0
snapshot_sym9_date5_pm.csv,label_20,past,1815,1979,0.9171
snapshot_sym9_date5_pm.csv,label_40,future,1959,1959,1.0
snapshot_sym9_date5_pm.csv,label_40,past,1386,1959,0.7075
snapshot_sym9_date5_pm.csv,label_60,future,1939,1939,1.0
snapshot_sym9_date5_pm.csv,label_60,past,1021,1939,0.5266
snapshot_sym9_date60_am.csv,label_5,future,1994,1994,1.0
snapshot_sym9_date60_am.csv,label_5,past,1390,1994,0.6971
snapshot_sym9_date60_am.csv,label_10,future,1989,1989,1.0
snapshot_sym9_date60_am.csv,label_10,past,1063,1989,0.5344
snapshot_sym9_date60_am.csv,label_20,future,1979,1979,1.0
snapshot_sym9_date60_am.csv,label_20,past,1100,1979,0.5558
snapshot_sym9_date60_am.csv,label_40,future,1959,1959,1.0
snapshot_sym9_date60_am.csv,label_40,past,644,1959,0.3287
snapshot_sym9_date60_am.csv,label_60,future,1939,1939,1.0
snapshot_sym9_date60_am.csv,label_60,past,500,1939,0.2579
snapshot_sym9_date60_pm.csv,label_5,future,1994,1994,1.0
snapshot_sym9_date60_pm.csv,label_5,past,1503,1994,0.7538
snapshot_sym9_date60_pm.csv,label_10,future,1989,1989,1.0
snapshot_sym9_date60_pm.csv,label_10,past,1152,1989,0.5792
snapshot_sym9_date60_pm.csv,label_20,future,1979,1979,1.0
snapshot_sym9_date60_pm.csv,label_20,past,1292,1979,0.6529
snapshot_sym9_date60_pm.csv,label_40,future,1959,1959,1.0
snapshot_sym9_date60_pm.csv,label_40,past,780,1959,0.3982
snapshot_sym9_date60_pm.csv,label_60,future,1939,1939,1.0
snapshot_sym9_date60_pm.csv,label_60,past,625,1939,0.3223
snapshot_sym9_date61_am.csv,label_5,future,1994,1994,1.0
snapshot_sym9_date61_am.csv,label_5,past,1240,1994,0.6219
snapshot_sym9_date61_am.csv,label_10,future,1989,1989,1.0
snapshot_sym9_date61_am.csv,label_10,past,970,1989,0.4877
snapshot_sym9_date61_am.csv,label_20,future,1979,1979,1.0
snapshot_sym9_date61_am.csv,label_20,past,959,1979,0.4846
snapshot_sym9_date61_am.csv,label_40,future,1959,1959,1.0
snapshot_sym9_date61_am.csv,label_40,past,626,1959,0.3196
snapshot_sym9_date61_am.csv,label_60,future,1939,1939,1.0
snapshot_sym9_date61_am.csv,label_60,past,549,1939,0.2831
snapshot_sym9_date61_pm.csv,label_5,future,1994,1994,1.0
snapshot_sym9_date61_pm.csv,label_5,past,1593,1994,0.7989
snapshot_sym9_date61_pm.csv,label_10,future,1989,1989,1.0
snapshot_sym9_date61_pm.csv,label_10,past,1218,1989,0.6124
snapshot_sym9_date61_pm.csv,label_20,future,1979,1979,1.0
snapshot_sym9_date61_pm.csv,label_20,past,1406,1979,0.7105
snapshot_sym9_date61_pm.csv,label_40,future,1959,1959,1.0
snapshot_sym9_date61_pm.csv,label_40,past,851,1959,0.4344
snapshot_sym9_date61_pm.csv,label_60,future,1939,1939,1.0
snapshot_sym9_date61_pm.csv,label_60,past,694,1939,0.3579
snapshot_sym9_date62_am.csv,label_5,future,1994,1994,1.0
snapshot_sym9_date62_am.csv,label_5,past,1418,1994,0.7111
snapshot_sym9_date62_am.csv,label_10,future,1989,1989,1.0
snapshot_sym9_date62_am.csv,label_10,past,1131,1989,0.5686
snapshot_sym9_date62_am.csv,label_20,future,1979,1979,1.0
snapshot_sym9_date62_am.csv,label_20,past,1150,1979,0.5811
snapshot_sym9_date62_am.csv,label_40,future,1959,1959,1.0
snapshot_sym9_date62_am.csv,label_40,past,656,1959,0.3349
snapshot_sym9_date62_am.csv,label_60,future,1939,1939,1.0
snapshot_sym9_date62_am.csv,label_60,past,633,1939,0.3265
snapshot_sym9_date62_pm.csv,label_5,future,1994,1994,1.0
snapshot_sym9_date62_pm.csv,label_5,past,1431,1994,0.7177
snapshot_sym9_date62_pm.csv,label_10,future,1989,1989,1.0
snapshot_sym9_date62_pm.csv,label_10,past,1189,1989,0.5978
snapshot_sym9_date62_pm.csv,label_20,future,1979,1979,1.0
snapshot_sym9_date62_pm.csv,label_20,past,1246,1979,0.6296
snapshot_sym9_date62_pm.csv,label_40,future,1959,1959,1.0
snapshot_sym9_date62_pm.csv,label_40,past,917,1959,0.4681
snapshot_sym9_date62_pm.csv,label_60,future,1939,1939,1.0
snapshot_sym9_date62_pm.csv,label_60,past,803,1939,0.4141
snapshot_sym9_date63_am.csv,label_5,future,1994,1994,1.0
snapshot_sym9_date63_am.csv,label_5,past,1453,1994,0.7287
snapshot_sym9_date63_am.csv,label_10,future,1989,1989,1.0
snapshot_sym9_date63_am.csv,label_10,past,1134,1989,0.5701
snapshot_sym9_date63_am.csv,label_20,future,1979,1979,1.0
snapshot_sym9_date63_am.csv,label_20,past,1058,1979,0.5346
snapshot_sym9_date63_am.csv,label_40,future,1959,1959,1.0
snapshot_sym9_date63_am.csv,label_40,past,662,1959,0.3379
snapshot_sym9_date63_am.csv,label_60,future,1939,1939,1.0
snapshot_sym9_date63_am.csv,label_60,past,527,1939,0.2718
snapshot_sym9_date63_pm.csv,label_5,future,1994,1994,1.0
snapshot_sym9_date63_pm.csv,label_5,past,1650,1994,0.8275
snapshot_sym9_date63_pm.csv,label_10,future,1989,1989,1.0
snapshot_sym9_date63_pm.csv,label_10,past,1419,1989,0.7134
snapshot_sym9_date63_pm.csv,label_20,future,1979,1979,1.0
snapshot_sym9_date63_pm.csv,label_20,past,1467,1979,0.7413
snapshot_sym9_date63_pm.csv,label_40,future,1959,1959,1.0
snapshot_sym9_date63_pm.csv,label_40,past,793,1959,0.4048
snapshot_sym9_date63_pm.csv,label_60,future,1939,1939,1.0
snapshot_sym9_date63_pm.csv,label_60,past,619,1939,0.3192
snapshot_sym9_date64_am.csv,label_5,future,1994,1994,1.0
snapshot_sym9_date64_am.csv,label_5,past,1454,1994,0.7292
snapshot_sym9_date64_am.csv,label_10,future,1989,1989,1.0
snapshot_sym9_date64_am.csv,label_10,past,1102,1989,0.554
snapshot_sym9_date64_am.csv,label_20,future,1979,1979,1.0
snapshot_sym9_date64_am.csv,label_20,past,1142,1979,0.5771
snapshot_sym9_date64_am.csv,label_40,future,1959,1959,1.0
snapshot_sym9_date64_am.csv,label_40,past,947,1959,0.4834
snapshot_sym9_date64_am.csv,label_60,future,1939,1939,1.0
snapshot_sym9_date64_am.csv,label_60,past,809,1939,0.4172
snapshot_sym9_date64_pm.csv,label_5,future,1994,1994,1.0
snapshot_sym9_date64_pm.csv,label_5,past,1625,1994,0.8149
snapshot_sym9_date64_pm.csv,label_10,future,1989,1989,1.0
snapshot_sym9_date64_pm.csv,label_10,past,1326,1989,0.6667
snapshot_sym9_date64_pm.csv,label_20,future,1979,1979,1.0
snapshot_sym9_date64_pm.csv,label_20,past,1352,1979,0.6832
snapshot_sym9_date64_pm.csv,label_40,future,1959,1959,1.0
snapshot_sym9_date64_pm.csv,label_40,past,1061,1959,0.5416
snapshot_sym9_date64_pm.csv,label_60,future,1939,1939,1.0
snapshot_sym9_date64_pm.csv,label_60,past,891,1939,0.4595
snapshot_sym9_date65_am.csv,label_5,future,1994,1994,1.0
snapshot_sym9_date65_am.csv,label_5,past,1506,1994,0.7553
snapshot_sym9_date65_am.csv,label_10,future,1989,1989,1.0
snapshot_sym9_date65_am.csv,label_10,past,1135,1989,0.5706
snapshot_sym9_date65_am.csv,label_20,future,1979,1979,1.0
snapshot_sym9_date65_am.csv,label_20,past,1073,1979,0.5422
snapshot_sym9_date65_am.csv,label_40,future,1959,1959,1.0
snapshot_sym9_date65_am.csv,label_40,past,696,1959,0.3553
snapshot_sym9_date65_am.csv,label_60,future,1939,1939,1.0
snapshot_sym9_date65_am.csv,label_60,past,768,1939,0.3961
snapshot_sym9_date65_pm.csv,label_5,future,1994,1994,1.0
snapshot_sym9_date65_pm.csv,label_5,past,1591,1994,0.7979
snapshot_sym9_date65_pm.csv,label_10,future,1989,1989,1.0
snapshot_sym9_date65_pm.csv,label_10,past,1257,1989,0.632
snapshot_sym9_date65_pm.csv,label_20,future,1979,1979,1.0
snapshot_sym9_date65_pm.csv,label_20,past,1340,1979,0.6771
snapshot_sym9_date65_pm.csv,label_40,future,1959,1959,1.0
snapshot_sym9_date65_pm.csv,label_40,past,851,1959,0.4344
snapshot_sym9_date65_pm.csv,label_60,future,1939,1939,1.0
snapshot_sym9_date65_pm.csv,label_60,past,538,1939,0.2775
snapshot_sym9_date66_am.csv,label_5,future,1994,1994,1.0
snapshot_sym9_date66_am.csv,label_5,past,1447,1994,0.7257
snapshot_sym9_date66_am.csv,label_10,future,1989,1989,1.0
snapshot_sym9_date66_am.csv,label_10,past,1075,1989,0.5405
snapshot_sym9_date66_am.csv,label_20,future,1979,1979,1.0
snapshot_sym9_date66_am.csv,label_20,past,1249,1979,0.6311
snapshot_sym9_date66_am.csv,label_40,future,1959,1959,1.0
snapshot_sym9_date66_am.csv,label_40,past,810,1959,0.4135
snapshot_sym9_date66_am.csv,label_60,future,1939,1939,1.0
snapshot_sym9_date66_am.csv,label_60,past,850,1939,0.4384
snapshot_sym9_date66_pm.csv,label_5,future,1994,1994,1.0
snapshot_sym9_date66_pm.csv,label_5,past,1790,1994,0.8977
snapshot_sym9_date66_pm.csv,label_10,future,1989,1989,1.0
snapshot_sym9_date66_pm.csv,label_10,past,1498,1989,0.7531
snapshot_sym9_date66_pm.csv,label_20,future,1979,1979,1.0
snapshot_sym9_date66_pm.csv,label_20,past,1644,1979,0.8307
snapshot_sym9_date66_pm.csv,label_40,future,1959,1959,1.0
snapshot_sym9_date66_pm.csv,label_40,past,1254,1959,0.6401
snapshot_sym9_date66_pm.csv,label_60,future,1939,1939,1.0
snapshot_sym9_date66_pm.csv,label_60,past,989,1939,0.5101
snapshot_sym9_date67_am.csv,label_5,future,1994,1994,1.0
snapshot_sym9_date67_am.csv,label_5,past,1422,1994,0.7131
snapshot_sym9_date67_am.csv,label_10,future,1989,1989,1.0
snapshot_sym9_date67_am.csv,label_10,past,1151,1989,0.5787
snapshot_sym9_date67_am.csv,label_20,future,1979,1979,1.0
snapshot_sym9_date67_am.csv,label_20,past,1117,1979,0.5644
snapshot_sym9_date67_am.csv,label_40,future,1959,1959,1.0
snapshot_sym9_date67_am.csv,label_40,past,822,1959,0.4196
snapshot_sym9_date67_am.csv,label_60,future,1939,1939,1.0
snapshot_sym9_date67_am.csv,label_60,past,690,1939,0.3559
snapshot_sym9_date67_pm.csv,label_5,future,1994,1994,1.0
snapshot_sym9_date67_pm.csv,label_5,past,1539,1994,0.7718
snapshot_sym9_date67_pm.csv,label_10,future,1989,1989,1.0
snapshot_sym9_date67_pm.csv,label_10,past,1184,1989,0.5953
snapshot_sym9_date67_pm.csv,label_20,future,1979,1979,1.0
snapshot_sym9_date67_pm.csv,label_20,past,1095,1979,0.5533
snapshot_sym9_date67_pm.csv,label_40,future,1959,1959,1.0
snapshot_sym9_date67_pm.csv,label_40,past,623,1959,0.318
snapshot_sym9_date67_pm.csv,label_60,future,1939,1939,1.0
snapshot_sym9_date67_pm.csv,label_60,past,451,1939,0.2326
snapshot_sym9_date68_am.csv,label_5,future,1994,1994,1.0
snapshot_sym9_date68_am.csv,label_5,past,1433,1994,0.7187
snapshot_sym9_date68_am.csv,label_10,future,1989,1989,1.0
snapshot_sym9_date68_am.csv,label_10,past,1132,1989,0.5691
snapshot_sym9_date68_am.csv,label_20,future,1979,1979,1.0
snapshot_sym9_date68_am.csv,label_20,past,1114,1979,0.5629
snapshot_sym9_date68_am.csv,label_40,future,1959,1959,1.0
snapshot_sym9_date68_am.csv,label_40,past,634,1959,0.3236
snapshot_sym9_date68_am.csv,label_60,future,1939,1939,1.0
snapshot_sym9_date68_am.csv,label_60,past,491,1939,0.2532
snapshot_sym9_date68_pm.csv,label_5,future,1994,1994,1.0
snapshot_sym9_date68_pm.csv,label_5,past,1611,1994,0.8079
snapshot_sym9_date68_pm.csv,label_10,future,1989,1989,1.0
snapshot_sym9_date68_pm.csv,label_10,past,1210,1989,0.6083
snapshot_sym9_date68_pm.csv,label_20,future,1979,1979,1.0
snapshot_sym9_date68_pm.csv,label_20,past,1241,1979,0.6271
snapshot_sym9_date68_pm.csv,label_40,future,1959,1959,1.0
snapshot_sym9_date68_pm.csv,label_40,past,774,1959,0.3951
snapshot_sym9_date68_pm.csv,label_60,future,1939,1939,1.0
snapshot_sym9_date68_pm.csv,label_60,past,720,1939,0.3713
snapshot_sym9_date69_am.csv,label_5,future,1994,1994,1.0
snapshot_sym9_date69_am.csv,label_5,past,1406,1994,0.7051
snapshot_sym9_date69_am.csv,label_10,future,1989,1989,1.0
snapshot_sym9_date69_am.csv,label_10,past,1103,1989,0.5546
snapshot_sym9_date69_am.csv,label_20,future,1979,1979,1.0
snapshot_sym9_date69_am.csv,label_20,past,1134,1979,0.573
snapshot_sym9_date69_am.csv,label_40,future,1959,1959,1.0
snapshot_sym9_date69_am.csv,label_40,past,878,1959,0.4482
snapshot_sym9_date69_am.csv,label_60,future,1939,1939,1.0
snapshot_sym9_date69_am.csv,label_60,past,803,1939,0.4141
snapshot_sym9_date69_pm.csv,label_5,future,1994,1994,1.0
snapshot_sym9_date69_pm.csv,label_5,past,1598,1994,0.8014
snapshot_sym9_date69_pm.csv,label_10,future,1989,1989,1.0
snapshot_sym9_date69_pm.csv,label_10,past,1249,1989,0.628
snapshot_sym9_date69_pm.csv,label_20,future,1979,1979,1.0
snapshot_sym9_date69_pm.csv,label_20,past,1410,1979,0.7125
snapshot_sym9_date69_pm.csv,label_40,future,1959,1959,1.0
snapshot_sym9_date69_pm.csv,label_40,past,1036,1959,0.5288
snapshot_sym9_date69_pm.csv,label_60,future,1939,1939,1.0
snapshot_sym9_date69_pm.csv,label_60,past,795,1939,0.41
snapshot_sym9_date6_am.csv,label_5,future,1994,1994,1.0
snapshot_sym9_date6_am.csv,label_5,past,1545,1994,0.7748
snapshot_sym9_date6_am.csv,label_10,future,1989,1989,1.0
snapshot_sym9_date6_am.csv,label_10,past,1204,1989,0.6053
snapshot_sym9_date6_am.csv,label_20,future,1979,1979,1.0
snapshot_sym9_date6_am.csv,label_20,past,1399,1979,0.7069
snapshot_sym9_date6_am.csv,label_40,future,1959,1959,1.0
snapshot_sym9_date6_am.csv,label_40,past,965,1959,0.4926
snapshot_sym9_date6_am.csv,label_60,future,1939,1939,1.0
snapshot_sym9_date6_am.csv,label_60,past,776,1939,0.4002
snapshot_sym9_date6_pm.csv,label_5,future,1994,1994,1.0
snapshot_sym9_date6_pm.csv,label_5,past,1857,1994,0.9313
snapshot_sym9_date6_pm.csv,label_10,future,1989,1989,1.0
snapshot_sym9_date6_pm.csv,label_10,past,1570,1989,0.7893
snapshot_sym9_date6_pm.csv,label_20,future,1979,1979,1.0
snapshot_sym9_date6_pm.csv,label_20,past,1861,1979,0.9404
snapshot_sym9_date6_pm.csv,label_40,future,1959,1959,1.0
snapshot_sym9_date6_pm.csv,label_40,past,1323,1959,0.6753
snapshot_sym9_date6_pm.csv,label_60,future,1939,1939,1.0
snapshot_sym9_date6_pm.csv,label_60,past,1128,1939,0.5817
snapshot_sym9_date70_am.csv,label_5,future,1994,1994,1.0
snapshot_sym9_date70_am.csv,label_5,past,1496,1994,0.7503
snapshot_sym9_date70_am.csv,label_10,future,1989,1989,1.0
snapshot_sym9_date70_am.csv,label_10,past,1184,1989,0.5953
snapshot_sym9_date70_am.csv,label_20,future,1979,1979,1.0
snapshot_sym9_date70_am.csv,label_20,past,1174,1979,0.5932
snapshot_sym9_date70_am.csv,label_40,future,1959,1959,1.0
snapshot_sym9_date70_am.csv,label_40,past,801,1959,0.4089
snapshot_sym9_date70_am.csv,label_60,future,1939,1939,1.0
snapshot_sym9_date70_am.csv,label_60,past,617,1939,0.3182
snapshot_sym9_date70_pm.csv,label_5,future,1994,1994,1.0
snapshot_sym9_date70_pm.csv,label_5,past,1622,1994,0.8134
snapshot_sym9_date70_pm.csv,label_10,future,1989,1989,1.0
snapshot_sym9_date70_pm.csv,label_10,past,1347,1989,0.6772
snapshot_sym9_date70_pm.csv,label_20,future,1979,1979,1.0
snapshot_sym9_date70_pm.csv,label_20,past,1360,1979,0.6872
snapshot_sym9_date70_pm.csv,label_40,future,1959,1959,1.0
snapshot_sym9_date70_pm.csv,label_40,past,847,1959,0.4324
snapshot_sym9_date70_pm.csv,label_60,future,1939,1939,1.0
snapshot_sym9_date70_pm.csv,label_60,past,633,1939,0.3265
snapshot_sym9_date71_am.csv,label_5,future,1994,1994,1.0
snapshot_sym9_date71_am.csv,label_5,past,1239,1994,0.6214
snapshot_sym9_date71_am.csv,label_10,future,1989,1989,1.0
snapshot_sym9_date71_am.csv,label_10,past,996,1989,0.5008
snapshot_sym9_date71_am.csv,label_20,future,1979,1979,1.0
snapshot_sym9_date71_am.csv,label_20,past,950,1979,0.48
snapshot_sym9_date71_am.csv,label_40,future,1959,1959,1.0
snapshot_sym9_date71_am.csv,label_40,past,678,1959,0.3461
snapshot_sym9_date71_am.csv,label_60,future,1939,1939,1.0
snapshot_sym9_date71_am.csv,label_60,past,627,1939,0.3234
snapshot_sym9_date71_pm.csv,label_5,future,1994,1994,1.0
snapshot_sym9_date71_pm.csv,label_5,past,1453,1994,0.7287
snapshot_sym9_date71_pm.csv,label_10,future,1989,1989,1.0
snapshot_sym9_date71_pm.csv,label_10,past,1191,1989,0.5988
snapshot_sym9_date71_pm.csv,label_20,future,1979,1979,1.0
snapshot_sym9_date71_pm.csv,label_20,past,1165,1979,0.5887
snapshot_sym9_date71_pm.csv,label_40,future,1959,1959,1.0
snapshot_sym9_date71_pm.csv,label_40,past,677,1959,0.3456
snapshot_sym9_date71_pm.csv,label_60,future,1939,1939,1.0
snapshot_sym9_date71_pm.csv,label_60,past,535,1939,0.2759
snapshot_sym9_date72_am.csv,label_5,future,1994,1994,1.0
snapshot_sym9_date72_am.csv,label_5,past,1234,1994,0.6189
snapshot_sym9_date72_am.csv,label_10,future,1989,1989,1.0
snapshot_sym9_date72_am.csv,label_10,past,958,1989,0.4816
snapshot_sym9_date72_am.csv,label_20,future,1979,1979,1.0
snapshot_sym9_date72_am.csv,label_20,past,934,1979,0.472
snapshot_sym9_date72_am.csv,label_40,future,1959,1959,1.0
snapshot_sym9_date72_am.csv,label_40,past,658,1959,0.3359
snapshot_sym9_date72_am.csv,label_60,future,1939,1939,1.0
snapshot_sym9_date72_am.csv,label_60,past,597,1939,0.3079
snapshot_sym9_date72_pm.csv,label_5,future,1994,1994,1.0
snapshot_sym9_date72_pm.csv,label_5,past,1589,1994,0.7969
snapshot_sym9_date72_pm.csv,label_10,future,1989,1989,1.0
snapshot_sym9_date72_pm.csv,label_10,past,1231,1989,0.6189
snapshot_sym9_date72_pm.csv,label_20,future,1979,1979,1.0
snapshot_sym9_date72_pm.csv,label_20,past,1284,1979,0.6488
snapshot_sym9_date72_pm.csv,label_40,future,1959,1959,1.0
snapshot_sym9_date72_pm.csv,label_40,past,869,1959,0.4436
snapshot_sym9_date72_pm.csv,label_60,future,1939,1939,1.0
snapshot_sym9_date72_pm.csv,label_60,past,752,1939,0.3878
snapshot_sym9_date73_am.csv,label_5,future,1994,1994,1.0
snapshot_sym9_date73_am.csv,label_5,past,1249,1994,0.6264
snapshot_sym9_date73_am.csv,label_10,future,1989,1989,1.0
snapshot_sym9_date73_am.csv,label_10,past,922,1989,0.4635
snapshot_sym9_date73_am.csv,label_20,future,1979,1979,1.0
snapshot_sym9_date73_am.csv,label_20,past,913,1979,0.4613
snapshot_sym9_date73_am.csv,label_40,future,1959,1959,1.0
snapshot_sym9_date73_am.csv,label_40,past,697,1959,0.3558
snapshot_sym9_date73_am.csv,label_60,future,1939,1939,1.0
snapshot_sym9_date73_am.csv,label_60,past,547,1939,0.2821
snapshot_sym9_date73_pm.csv,label_5,future,1994,1994,1.0
snapshot_sym9_date73_pm.csv,label_5,past,1478,1994,0.7412
snapshot_sym9_date73_pm.csv,label_10,future,1989,1989,1.0
snapshot_sym9_date73_pm.csv,label_10,past,1174,1989,0.5902
snapshot_sym9_date73_pm.csv,label_20,future,1979,1979,1.0
snapshot_sym9_date73_pm.csv,label_20,past,1167,1979,0.5897
snapshot_sym9_date73_pm.csv,label_40,future,1959,1959,1.0
snapshot_sym9_date73_pm.csv,label_40,past,746,1959,0.3808
snapshot_sym9_date73_pm.csv,label_60,future,1939,1939,1.0
snapshot_sym9_date73_pm.csv,label_60,past,590,1939,0.3043
snapshot_sym9_date74_am.csv,label_5,future,1994,1994,1.0
snapshot_sym9_date74_am.csv,label_5,past,1392,1994,0.6981
snapshot_sym9_date74_am.csv,label_10,future,1989,1989,1.0
snapshot_sym9_date74_am.csv,label_10,past,1062,1989,0.5339
snapshot_sym9_date74_am.csv,label_20,future,1979,1979,1.0
snapshot_sym9_date74_am.csv,label_20,past,1102,1979,0.5568
snapshot_sym9_date74_am.csv,label_40,future,1959,1959,1.0
snapshot_sym9_date74_am.csv,label_40,past,772,1959,0.3941
snapshot_sym9_date74_am.csv,label_60,future,1939,1939,1.0
snapshot_sym9_date74_am.csv,label_60,past,663,1939,0.3419
snapshot_sym9_date74_pm.csv,label_5,future,1994,1994,1.0
snapshot_sym9_date74_pm.csv,label_5,past,1484,1994,0.7442
snapshot_sym9_date74_pm.csv,label_10,future,1989,1989,1.0
snapshot_sym9_date74_pm.csv,label_10,past,1197,1989,0.6018
snapshot_sym9_date74_pm.csv,label_20,future,1979,1979,1.0
snapshot_sym9_date74_pm.csv,label_20,past,1249,1979,0.6311
snapshot_sym9_date74_pm.csv,label_40,future,1959,1959,1.0
snapshot_sym9_date74_pm.csv,label_40,past,796,1959,0.4063
snapshot_sym9_date74_pm.csv,label_60,future,1939,1939,1.0
snapshot_sym9_date74_pm.csv,label_60,past,586,1939,0.3022
snapshot_sym9_date75_am.csv,label_5,future,1994,1994,1.0
snapshot_sym9_date75_am.csv,label_5,past,1345,1994,0.6745
snapshot_sym9_date75_am.csv,label_10,future,1989,1989,1.0
snapshot_sym9_date75_am.csv,label_10,past,922,1989,0.4635
snapshot_sym9_date75_am.csv,label_20,future,1979,1979,1.0
snapshot_sym9_date75_am.csv,label_20,past,957,1979,0.4836
snapshot_sym9_date75_am.csv,label_40,future,1959,1959,1.0
snapshot_sym9_date75_am.csv,label_40,past,697,1959,0.3558
snapshot_sym9_date75_am.csv,label_60,future,1939,1939,1.0
snapshot_sym9_date75_am.csv,label_60,past,496,1939,0.2558
snapshot_sym9_date75_pm.csv,label_5,future,1994,1994,1.0
snapshot_sym9_date75_pm.csv,label_5,past,1482,1994,0.7432
snapshot_sym9_date75_pm.csv,label_10,future,1989,1989,1.0
snapshot_sym9_date75_pm.csv,label_10,past,1129,1989,0.5676
snapshot_sym9_date75_pm.csv,label_20,future,1979,1979,1.0
snapshot_sym9_date75_pm.csv,label_20,past,1324,1979,0.669
snapshot_sym9_date75_pm.csv,label_40,future,1959,1959,1.0
snapshot_sym9_date75_pm.csv,label_40,past,982,1959,0.5013
snapshot_sym9_date75_pm.csv,label_60,future,1939,1939,1.0
snapshot_sym9_date75_pm.csv,label_60,past,793,1939,0.409
snapshot_sym9_date76_am.csv,label_5,future,1994,1994,1.0
snapshot_sym9_date76_am.csv,label_5,past,1345,1994,0.6745
snapshot_sym9_date76_am.csv,label_10,future,1989,1989,1.0
snapshot_sym9_date76_am.csv,label_10,past,946,1989,0.4756
snapshot_sym9_date76_am.csv,label_20,future,1979,1979,1.0
snapshot_sym9_date76_am.csv,label_20,past,937,1979,0.4735
snapshot_sym9_date76_am.csv,label_40,future,1959,1959,1.0
snapshot_sym9_date76_am.csv,label_40,past,586,1959,0.2991
snapshot_sym9_date76_am.csv,label_60,future,1939,1939,1.0
snapshot_sym9_date76_am.csv,label_60,past,581,1939,0.2996
snapshot_sym9_date76_pm.csv,label_5,future,1994,1994,1.0
snapshot_sym9_date76_pm.csv,label_5,past,1528,1994,0.7663
snapshot_sym9_date76_pm.csv,label_10,future,1989,1989,1.0
snapshot_sym9_date76_pm.csv,label_10,past,1150,1989,0.5782
snapshot_sym9_date76_pm.csv,label_20,future,1979,1979,1.0
snapshot_sym9_date76_pm.csv,label_20,past,1085,1979,0.5483
snapshot_sym9_date76_pm.csv,label_40,future,1959,1959,1.0
snapshot_sym9_date76_pm.csv,label_40,past,697,1959,0.3558
snapshot_sym9_date76_pm.csv,label_60,future,1939,1939,1.0
snapshot_sym9_date76_pm.csv,label_60,past,749,1939,0.3863
snapshot_sym9_date77_am.csv,label_5,future,1994,1994,1.0
snapshot_sym9_date77_am.csv,label_5,past,1343,1994,0.6735
snapshot_sym9_date77_am.csv,label_10,future,1989,1989,1.0
snapshot_sym9_date77_am.csv,label_10,past,937,1989,0.4711
snapshot_sym9_date77_am.csv,label_20,future,1979,1979,1.0
snapshot_sym9_date77_am.csv,label_20,past,1107,1979,0.5594
snapshot_sym9_date77_am.csv,label_40,future,1959,1959,1.0
snapshot_sym9_date77_am.csv,label_40,past,840,1959,0.4288
snapshot_sym9_date77_am.csv,label_60,future,1939,1939,1.0
snapshot_sym9_date77_am.csv,label_60,past,704,1939,0.3631
snapshot_sym9_date77_pm.csv,label_5,future,1994,1994,1.0
snapshot_sym9_date77_pm.csv,label_5,past,1504,1994,0.7543
snapshot_sym9_date77_pm.csv,label_10,future,1989,1989,1.0
snapshot_sym9_date77_pm.csv,label_10,past,1160,1989,0.5832
snapshot_sym9_date77_pm.csv,label_20,future,1979,1979,1.0
snapshot_sym9_date77_pm.csv,label_20,past,1163,1979,0.5877
snapshot_sym9_date77_pm.csv,label_40,future,1959,1959,1.0
snapshot_sym9_date77_pm.csv,label_40,past,845,1959,0.4313
snapshot_sym9_date77_pm.csv,label_60,future,1939,1939,1.0
snapshot_sym9_date77_pm.csv,label_60,past,803,1939,0.4141
snapshot_sym9_date78_am.csv,label_5,future,1994,1994,1.0
snapshot_sym9_date78_am.csv,label_5,past,1231,1994,0.6174
snapshot_sym9_date78_am.csv,label_10,future,1989,1989,1.0
snapshot_sym9_date78_am.csv,label_10,past,937,1989,0.4711
snapshot_sym9_date78_am.csv,label_20,future,1979,1979,1.0
snapshot_sym9_date78_am.csv,label_20,past,757,1979,0.3825
snapshot_sym9_date78_am.csv,label_40,future,1959,1959,1.0
snapshot_sym9_date78_am.csv,label_40,past,686,1959,0.3502
snapshot_sym9_date78_am.csv,label_60,future,1939,1939,1.0
snapshot_sym9_date78_am.csv,label_60,past,745,1939,0.3842
snapshot_sym9_date78_pm.csv,label_5,future,1994,1994,1.0
snapshot_sym9_date78_pm.csv,label_5,past,1654,1994,0.8295
snapshot_sym9_date78_pm.csv,label_10,future,1989,1989,1.0
snapshot_sym9_date78_pm.csv,label_10,past,1432,1989,0.72
snapshot_sym9_date78_pm.csv,label_20,future,1979,1979,1.0
snapshot_sym9_date78_pm.csv,label_20,past,1546,1979,0.7812
snapshot_sym9_date78_pm.csv,label_40,future,1959,1959,1.0
snapshot_sym9_date78_pm.csv,label_40,past,1009,1959,0.5151
snapshot_sym9_date78_pm.csv,label_60,future,1939,1939,1.0
snapshot_sym9_date78_pm.csv,label_60,past,727,1939,0.3749
snapshot_sym9_date7_am.csv,label_5,future,1994,1994,1.0
snapshot_sym9_date7_am.csv,label_5,past,1634,1994,0.8195
snapshot_sym9_date7_am.csv,label_10,future,1989,1989,1.0
snapshot_sym9_date7_am.csv,label_10,past,1289,1989,0.6481
snapshot_sym9_date7_am.csv,label_20,future,1979,1979,1.0
snapshot_sym9_date7_am.csv,label_20,past,1429,1979,0.7221
snapshot_sym9_date7_am.csv,label_40,future,1959,1959,1.0
snapshot_sym9_date7_am.csv,label_40,past,1052,1959,0.537
snapshot_sym9_date7_am.csv,label_60,future,1939,1939,1.0
snapshot_sym9_date7_am.csv,label_60,past,774,1939,0.3992
snapshot_sym9_date7_pm.csv,label_5,future,1994,1994,1.0
snapshot_sym9_date7_pm.csv,label_5,past,1821,1994,0.9132
snapshot_sym9_date7_pm.csv,label_10,future,1989,1989,1.0
snapshot_sym9_date7_pm.csv,label_10,past,1594,1989,0.8014
snapshot_sym9_date7_pm.csv,label_20,future,1979,1979,1.0
snapshot_sym9_date7_pm.csv,label_20,past,1787,1979,0.903
snapshot_sym9_date7_pm.csv,label_40,future,1959,1959,1.0
snapshot_sym9_date7_pm.csv,label_40,past,1345,1959,0.6866
snapshot_sym9_date7_pm.csv,label_60,future,1939,1939,1.0
snapshot_sym9_date7_pm.csv,label_60,past,1046,1939,0.5395
snapshot_sym9_date8_am.csv,label_5,future,1994,1994,1.0
snapshot_sym9_date8_am.csv,label_5,past,1713,1994,0.8591
snapshot_sym9_date8_am.csv,label_10,future,1989,1989,1.0
snapshot_sym9_date8_am.csv,label_10,past,1344,1989,0.6757
snapshot_sym9_date8_am.csv,label_20,future,1979,1979,1.0
snapshot_sym9_date8_am.csv,label_20,past,1630,1979,0.8236
snapshot_sym9_date8_am.csv,label_40,future,1959,1959,1.0
snapshot_sym9_date8_am.csv,label_40,past,1215,1959,0.6202
snapshot_sym9_date8_am.csv,label_60,future,1939,1939,1.0
snapshot_sym9_date8_am.csv,label_60,past,925,1939,0.4771
snapshot_sym9_date8_pm.csv,label_5,future,1994,1994,1.0
snapshot_sym9_date8_pm.csv,label_5,past,1714,1994,0.8596
snapshot_sym9_date8_pm.csv,label_10,future,1989,1989,1.0
snapshot_sym9_date8_pm.csv,label_10,past,1470,1989,0.7391
snapshot_sym9_date8_pm.csv,label_20,future,1979,1979,1.0
snapshot_sym9_date8_pm.csv,label_20,past,1862,1979,0.9409
snapshot_sym9_date8_pm.csv,label_40,future,1959,1959,1.0
snapshot_sym9_date8_pm.csv,label_40,past,1453,1959,0.7417
snapshot_sym9_date8_pm.csv,label_60,future,1939,1939,1.0
snapshot_sym9_date8_pm.csv,label_60,past,1219,1939,0.6287
snapshot_sym9_date9_am.csv,label_5,future,1994,1994,1.0
snapshot_sym9_date9_am.csv,label_5,past,1665,1994,0.835
snapshot_sym9_date9_am.csv,label_10,future,1989,1989,1.0
snapshot_sym9_date9_am.csv,label_10,past,1402,1989,0.7049
snapshot_sym9_date9_am.csv,label_20,future,1979,1979,1.0
snapshot_sym9_date9_am.csv,label_20,past,1509,1979,0.7625
snapshot_sym9_date9_am.csv,label_40,future,1959,1959,1.0
snapshot_sym9_date9_am.csv,label_40,past,1091,1959,0.5569
snapshot_sym9_date9_am.csv,label_60,future,1939,1939,1.0
snapshot_sym9_date9_am.csv,label_60,past,908,1939,0.4683
snapshot_sym9_date9_pm.csv,label_5,future,1994,1994,1.0
snapshot_sym9_date9_pm.csv,label_5,past,1769,1994,0.8872
snapshot_sym9_date9_pm.csv,label_10,future,1989,1989,1.0
snapshot_sym9_date9_pm.csv,label_10,past,1488,1989,0.7481
snapshot_sym9_date9_pm.csv,label_20,future,1979,1979,1.0
snapshot_sym9_date9_pm.csv,label_20,past,1718,1979,0.8681
snapshot_sym9_date9_pm.csv,label_40,future,1959,1959,1.0
snapshot_sym9_date9_pm.csv,label_40,past,1287,1959,0.657
snapshot_sym9_date9_pm.csv,label_60,future,1939,1939,1.0
snapshot_sym9_date9_pm.csv,label_60,past,966,1939,0.4982
